userId,timestamp,clueCategory,clueId,word,coordinate,language,gender,ageRange,colorblind
4ae551a8-0d2b-4b34-ab64-8e6721cbe470,2025-07-15T17:14:02.825Z,ANIMAL,1,SALMÓN,E11,spanish,female,20-29,no
4ae551a8-0d2b-4b34-ab64-8e6721cbe470,2025-07-15T17:14:41.330Z,ANIMAL,2,BALLENA,K26,spanish,female,20-29,no
4ae551a8-0d2b-4b34-ab64-8e6721cbe470,2025-07-15T17:14:48.713Z,ANIMAL,3,PARDO,C2,spanish,female,20-29,no
4ae551a8-0d2b-4b34-ab64-8e6721cbe470,2025-07-15T17:15:21.721Z,ANIMAL,4,FLAMENCO,C15,spanish,female,20-29,no
4ae551a8-0d2b-4b34-ab64-8e6721cbe470,2025-07-15T17:15:31.790Z,ANIMAL,5,ZORRO,C7,spanish,female,20-29,no
4ae551a8-0d2b-4b34-ab64-8e6721cbe470,2025-07-15T17:16:00.591Z,ANIMAL,6,GRILLO,D4,spanish,female,20-29,no
4ae551a8-0d2b-4b34-ab64-8e6721cbe470,2025-07-15T17:16:07.240Z,ANIMAL,7,CANARIO,G2,spanish,female,20-29,no
4ae551a8-0d2b-4b34-ab64-8e6721cbe470,2025-07-15T17:16:23.359Z,ANIMAL,8,CERDO,D15,spanish,female,20-29,no
4ae551a8-0d2b-4b34-ab64-8e6721cbe470,2025-07-15T17:16:32.668Z,ANIMAL,9,TIGRE,B10,spanish,female,20-29,no
4ae551a8-0d2b-4b34-ab64-8e6721cbe470,2025-07-15T17:17:10.020Z,ANIMAL,10,MARIQUITA,A13,spanish,female,20-29,no
4ae551a8-0d2b-4b34-ab64-8e6721cbe470,2025-07-15T17:17:17.951Z,ANIMAL,11,RANA,N9,spanish,female,20-29,no
4ae551a8-0d2b-4b34-ab64-8e6721cbe470,2025-07-15T17:17:35.740Z,ANIMAL,12,AXOLOTE,F14,spanish,female,20-29,no
4ae551a8-0d2b-4b34-ab64-8e6721cbe470,2025-07-15T17:17:45.924Z,ANIMAL,13,SAPO,D3,spanish,female,20-29,no
4ae551a8-0d2b-4b34-ab64-8e6721cbe470,2025-07-15T17:17:53.812Z,COMESTIBLE,14,LIMÓN,I1,spanish,female,20-29,no
4ae551a8-0d2b-4b34-ab64-8e6721cbe470,2025-07-15T17:18:01.265Z,COMESTIBLE,15,LIMA,O2,spanish,female,20-29,no
4ae551a8-0d2b-4b34-ab64-8e6721cbe470,2025-07-15T17:18:32.862Z,COMESTIBLE,16,KIWI,N8,spanish,female,20-29,no
4ae551a8-0d2b-4b34-ab64-8e6721cbe470,2025-07-15T17:18:41.736Z,COMESTIBLE,17,CALABAZA,C9,spanish,female,20-29,no
4ae551a8-0d2b-4b34-ab64-8e6721cbe470,2025-07-15T17:18:47.691Z,COMESTIBLE,18,CALABACÍN,P10,spanish,female,20-29,no
4ae551a8-0d2b-4b34-ab64-8e6721cbe470,2025-07-15T17:18:57.055Z,COMESTIBLE,19,UVA,A25,spanish,female,20-29,no
4ae551a8-0d2b-4b34-ab64-8e6721cbe470,2025-07-15T17:19:05.419Z,COMESTIBLE,20,PEPINO,O8,spanish,female,20-29,no
4ae551a8-0d2b-4b34-ab64-8e6721cbe470,2025-07-15T17:19:12.427Z,COMESTIBLE,21,COCO,A3,spanish,female,20-29,no
4ae551a8-0d2b-4b34-ab64-8e6721cbe470,2025-07-15T17:19:20.815Z,COMESTIBLE,22,BERENJENA,C29,spanish,female,20-29,no
4ae551a8-0d2b-4b34-ab64-8e6721cbe470,2025-07-15T17:19:30.555Z,COMESTIBLE,23,ESPÁRRAGO,K13,spanish,female,20-29,no
4ae551a8-0d2b-4b34-ab64-8e6721cbe470,2025-07-15T17:19:44.652Z,COMESTIBLE,24,MELOCOTÓN,E11,spanish,female,20-29,no
4ae551a8-0d2b-4b34-ab64-8e6721cbe470,2025-07-15T17:19:53.916Z,COMESTIBLE,25,MANZANA,B12,spanish,female,20-29,no
4ae551a8-0d2b-4b34-ab64-8e6721cbe470,2025-07-15T17:20:02.592Z,COMESTIBLE,26,HUEVO,I12,spanish,female,20-29,no
4ae551a8-0d2b-4b34-ab64-8e6721cbe470,2025-07-15T17:20:12.249Z,COMESTIBLE,27,PLÁTANO,J3,spanish,female,20-29,no
4ae551a8-0d2b-4b34-ab64-8e6721cbe470,2025-07-15T17:20:22.710Z,COMESTIBLE,28,TOMATE,A10,spanish,female,20-29,no
4ae551a8-0d2b-4b34-ab64-8e6721cbe470,2025-07-15T17:20:29.739Z,COMESTIBLE,29,REMOLACHA,A20,spanish,female,20-29,no
4ae551a8-0d2b-4b34-ab64-8e6721cbe470,2025-07-15T17:20:39.871Z,PIEDRA,30,PERLA,I16,spanish,female,20-29,no
4ae551a8-0d2b-4b34-ab64-8e6721cbe470,2025-07-15T17:24:12.726Z,PIEDRA,31,AMATISTA,E29,spanish,female,20-29,no
4ae551a8-0d2b-4b34-ab64-8e6721cbe470,2025-07-15T17:24:20.099Z,PIEDRA,32,ZAFIRO,J30,spanish,female,20-29,no
4ae551a8-0d2b-4b34-ab64-8e6721cbe470,2025-07-15T17:24:44.975Z,PIEDRA,33,ORO,F1,spanish,female,20-29,no
4ae551a8-0d2b-4b34-ab64-8e6721cbe470,2025-07-15T17:24:59.933Z,PIEDRA,34,RUBÍ,B13,spanish,female,20-29,no
4ae551a8-0d2b-4b34-ab64-8e6721cbe470,2025-07-15T17:25:16.274Z,PIEDRA,35,JADE,O18,spanish,female,20-29,no
4ae551a8-0d2b-4b34-ab64-8e6721cbe470,2025-07-15T17:25:29.556Z,PIEDRA,36,TEJA,D6,spanish,female,20-29,no
4ae551a8-0d2b-4b34-ab64-8e6721cbe470,2025-07-15T17:25:39.370Z,PIEDRA,37,LAPISLÁZULI,J30,spanish,female,20-29,no
4ae551a8-0d2b-4b34-ab64-8e6721cbe470,2025-07-15T17:25:48.633Z,PIEDRA,38,AMBAR,E3,spanish,female,20-29,no
4ae551a8-0d2b-4b34-ab64-8e6721cbe470,2025-07-15T17:25:57.471Z,PIEDRA,39,LADRILLO,C9,spanish,female,20-29,no
4ae551a8-0d2b-4b34-ab64-8e6721cbe470,2025-07-15T17:26:04.911Z,PIEDRA,40,ESMERALDA,M10,spanish,female,20-29,no
4ae551a8-0d2b-4b34-ab64-8e6721cbe470,2025-07-15T17:26:12.564Z,PLANTA,41,GIRASOL,H3,spanish,female,20-29,no
4ae551a8-0d2b-4b34-ab64-8e6721cbe470,2025-07-15T17:26:20.466Z,PLANTA,42,ALBAHACA,O6,spanish,female,20-29,no
4ae551a8-0d2b-4b34-ab64-8e6721cbe470,2025-07-15T17:26:40.455Z,PLANTA,43,MALVA,E16,spanish,female,20-29,no
4ae551a8-0d2b-4b34-ab64-8e6721cbe470,2025-07-15T17:26:47.432Z,PLANTA,44,LAVANDA,C20,spanish,female,20-29,no
4ae551a8-0d2b-4b34-ab64-8e6721cbe470,2025-07-15T17:26:56.461Z,PLANTA,45,AMAPOLA,B13,spanish,female,20-29,no
4ae551a8-0d2b-4b34-ab64-8e6721cbe470,2025-07-15T17:27:05.296Z,PLANTA,46,TRIGO,F5,spanish,female,20-29,no
4ae551a8-0d2b-4b34-ab64-8e6721cbe470,2025-07-15T17:27:14.693Z,PLANTA,47,CLAVEL,A16,spanish,female,20-29,no
4ae551a8-0d2b-4b34-ab64-8e6721cbe470,2025-07-15T17:27:23.089Z,PLANTA,48,CORAL,F15,spanish,female,20-29,no
4ae551a8-0d2b-4b34-ab64-8e6721cbe470,2025-07-15T17:27:30.310Z,PLANTA,49,MENTA,P11,spanish,female,20-29,no
4ae551a8-0d2b-4b34-ab64-8e6721cbe470,2025-07-15T17:27:40.037Z,PLANTA,50,MADERA,B5,spanish,female,20-29,no
4ae551a8-0d2b-4b34-ab64-8e6721cbe470,2025-07-15T17:27:50.051Z,ENTORNO,51,HURACÁN,I21,spanish,female,20-29,no
4ae551a8-0d2b-4b34-ab64-8e6721cbe470,2025-07-15T17:27:57.705Z,ENTORNO,52,PIEL,G10,spanish,female,20-29,no
4ae551a8-0d2b-4b34-ab64-8e6721cbe470,2025-07-15T17:28:07.122Z,ENTORNO,53,FUEGO,C10,spanish,female,20-29,no
4ae551a8-0d2b-4b34-ab64-8e6721cbe470,2025-07-15T17:28:16.069Z,ENTORNO,54,ARENA,D4,spanish,female,20-29,no
4ae551a8-0d2b-4b34-ab64-8e6721cbe470,2025-07-15T17:28:22.475Z,ENTORNO,55,MARÍTIMO,J29,spanish,female,20-29,no
4ae551a8-0d2b-4b34-ab64-8e6721cbe470,2025-07-15T17:28:36.586Z,ENTORNO,56,BARRO,C2,spanish,female,20-29,no
4ae551a8-0d2b-4b34-ab64-8e6721cbe470,2025-07-15T17:28:47.209Z,ENTORNO,57,CÉSPED,O11,spanish,female,20-29,no
4ae551a8-0d2b-4b34-ab64-8e6721cbe470,2025-07-15T17:28:53.407Z,ENTORNO,58,ESTANQUE,O23,spanish,female,20-29,no
4ae551a8-0d2b-4b34-ab64-8e6721cbe470,2025-07-15T17:29:05.736Z,ENTORNO,59,AMANECER,F5,spanish,female,20-29,no
4ae551a8-0d2b-4b34-ab64-8e6721cbe470,2025-07-15T17:29:12.838Z,ENTORNO,60,MUSGO,P19,spanish,female,20-29,no
4ae551a8-0d2b-4b34-ab64-8e6721cbe470,2025-07-15T17:29:21.197Z,ENTORNO,61,CIELO,K21,spanish,female,20-29,no
4ae551a8-0d2b-4b34-ab64-8e6721cbe470,2025-07-15T17:29:27.081Z,ENTORNO,62,RAYO,K5,spanish,female,20-29,no
4ae551a8-0d2b-4b34-ab64-8e6721cbe470,2025-07-15T17:29:31.928Z,ENTORNO,63,SANGRE,B14,spanish,female,20-29,no
4ae551a8-0d2b-4b34-ab64-8e6721cbe470,2025-07-15T17:29:50.570Z,ENTORNO,64,ATARDECER,D9,spanish,female,20-29,no
4ae551a8-0d2b-4b34-ab64-8e6721cbe470,2025-07-15T17:30:12.061Z,SUBJETIVO,65,VERGÜENZA,B18,spanish,female,20-29,no
4ae551a8-0d2b-4b34-ab64-8e6721cbe470,2025-07-15T17:30:45.004Z,SUBJETIVO,66,SUEÑO,H25,spanish,female,20-29,no
4ae551a8-0d2b-4b34-ab64-8e6721cbe470,2025-07-15T17:31:00.703Z,SUBJETIVO,67,ECOLOGÍA,M12,spanish,female,20-29,no
4ae551a8-0d2b-4b34-ab64-8e6721cbe470,2025-07-15T17:31:10.211Z,SUBJETIVO,68,PAZ,K21,spanish,female,20-29,no
4ae551a8-0d2b-4b34-ab64-8e6721cbe470,2025-07-15T17:31:16.967Z,SUBJETIVO,69,IRA,A13,spanish,female,20-29,no
4ae551a8-0d2b-4b34-ab64-8e6721cbe470,2025-07-15T17:31:30.632Z,SUBJETIVO,70,ASCO,P10,spanish,female,20-29,no
4ae551a8-0d2b-4b34-ab64-8e6721cbe470,2025-07-15T17:31:40.622Z,SUBJETIVO,71,ALEGRÍA,H3,spanish,female,20-29,no
4ae551a8-0d2b-4b34-ab64-8e6721cbe470,2025-07-15T17:31:49.663Z,SUBJETIVO,72,SOLEDAD,G30,spanish,female,20-29,no
4ae551a8-0d2b-4b34-ab64-8e6721cbe470,2025-07-15T17:31:56.110Z,SUBJETIVO,73,PELIGRO,A11,spanish,female,20-29,no
4ae551a8-0d2b-4b34-ab64-8e6721cbe470,2025-07-15T17:32:03.354Z,SUBJETIVO,74,TRISTEZA,F30,spanish,female,20-29,no
4ae551a8-0d2b-4b34-ab64-8e6721cbe470,2025-07-15T17:32:11.571Z,SUBJETIVO,75,TÓXICO,J6,spanish,female,20-29,no
4ae551a8-0d2b-4b34-ab64-8e6721cbe470,2025-07-15T17:32:18.443Z,SUBJETIVO,76,VERANO,E7,spanish,female,20-29,no
4ae551a8-0d2b-4b34-ab64-8e6721cbe470,2025-07-15T17:32:25.201Z,SUBJETIVO,77,OTOÑO,C5,spanish,female,20-29,no
4ae551a8-0d2b-4b34-ab64-8e6721cbe470,2025-07-15T17:32:32.696Z,SUBJETIVO,78,INVIERNO,N30,spanish,female,20-29,no
4ae551a8-0d2b-4b34-ab64-8e6721cbe470,2025-07-15T17:32:42.893Z,SUBJETIVO,79,PRIMAVERA,E15,spanish,female,20-29,no
4ae551a8-0d2b-4b34-ab64-8e6721cbe470,2025-07-15T17:33:24.516Z,SUBJETIVO,80,ESPERANZA,N14,spanish,female,20-29,no
4ae551a8-0d2b-4b34-ab64-8e6721cbe470,2025-07-15T17:33:32.974Z,POP,81,FEMINISMO,B28,spanish,female,20-29,no
4ae551a8-0d2b-4b34-ab64-8e6721cbe470,2025-07-15T17:33:49.196Z,POP,82,SHRECK,M10,spanish,female,20-29,no
4ae551a8-0d2b-4b34-ab64-8e6721cbe470,2025-07-15T17:33:58.250Z,POP,83,TRACTOR,J3,spanish,female,20-29,no
4ae551a8-0d2b-4b34-ab64-8e6721cbe470,2025-07-15T17:34:07.075Z,POP,84,SONIC,L27,spanish,female,20-29,no
4ae551a8-0d2b-4b34-ab64-8e6721cbe470,2025-07-15T17:34:15.949Z,POP,85,PIKACHU,H4,spanish,female,20-29,no
4ae551a8-0d2b-4b34-ab64-8e6721cbe470,2025-07-15T17:34:25.204Z,POP,86,HULK,P11,spanish,female,20-29,no
4ae551a8-0d2b-4b34-ab64-8e6721cbe470,2025-07-15T17:34:30.933Z,POP,87,BARBIE,C17,spanish,female,20-29,no
4ae551a8-0d2b-4b34-ab64-8e6721cbe470,2025-07-15T17:34:37.236Z,POP,88,COLORETE,D14,spanish,female,20-29,no
4ae551a8-0d2b-4b34-ab64-8e6721cbe470,2025-07-15T17:34:43.326Z,POP,89,PITUFO,M26,spanish,female,20-29,no
4ae551a8-0d2b-4b34-ab64-8e6721cbe470,2025-07-15T17:34:48.972Z,POP,90,BRUJERÍA,E28,spanish,female,20-29,no
4ae551a8-0d2b-4b34-ab64-8e6721cbe470,2025-07-15T17:35:24.404Z,POP,91,EPI (Y BLAS),G4,spanish,female,20-29,no
4ae551a8-0d2b-4b34-ab64-8e6721cbe470,2025-07-15T17:35:34.258Z,POP,92,GRINCH,O17,spanish,female,20-29,no
4ae551a8-0d2b-4b34-ab64-8e6721cbe470,2025-07-15T17:35:44.183Z,POP,93,SIMPSON,J2,spanish,female,20-29,no
4ae551a8-0d2b-4b34-ab64-8e6721cbe470,2025-07-15T17:35:51.336Z,POP,94,FLASH,B8,spanish,female,20-29,no
4ae551a8-0d2b-4b34-ab64-8e6721cbe470,2025-07-15T17:36:01.327Z,POP,95,MONST. GALLETA,I29,spanish,female,20-29,no
4ae551a8-0d2b-4b34-ab64-8e6721cbe470,2025-07-15T17:36:09.208Z,POP,96,BLAS (Y EPI),C7,spanish,female,20-29,no
4ae551a8-0d2b-4b34-ab64-8e6721cbe470,2025-07-15T17:36:45.779Z,POP,97,PETER PAN,P6,spanish,female,20-29,no
4ae551a8-0d2b-4b34-ab64-8e6721cbe470,2025-07-15T17:36:54.519Z,POP,98,STITCH,N28,spanish,female,20-29,no
4ae551a8-0d2b-4b34-ab64-8e6721cbe470,2025-07-15T17:37:06.239Z,POP,99,SUBMARINO,L2,spanish,female,20-29,no
4ae551a8-0d2b-4b34-ab64-8e6721cbe470,2025-07-15T17:37:14.317Z,POP,100,ELMO,B12,spanish,female,20-29,no
ea29d7a2-4c36-4cb1-b13d-6f3a0dd8005f,2025-08-06T09:02:18.595Z,ANIMAL,1,SALMÓN,F11,spanish,male,20-29,no
aff9cab7-c577-4460-a48d-b950faa9ea4f,2025-08-06T09:02:18.081Z,ANIMAL,1,SALMÓN,G14,spanish,female,20-29,no
ea29d7a2-4c36-4cb1-b13d-6f3a0dd8005f,2025-08-06T09:02:32.868Z,ANIMAL,2,BALLENA,K28,spanish,male,20-29,no
aff9cab7-c577-4460-a48d-b950faa9ea4f,2025-08-06T09:02:38.264Z,ANIMAL,2,BALLENA,J27,spanish,female,20-29,no
aff9cab7-c577-4460-a48d-b950faa9ea4f,2025-08-06T09:03:04.296Z,ANIMAL,3,PARDO,B3,spanish,female,20-29,no
aff9cab7-c577-4460-a48d-b950faa9ea4f,2025-08-06T09:03:21.612Z,ANIMAL,4,FLAMENCO,E15,spanish,female,20-29,no
aff9cab7-c577-4460-a48d-b950faa9ea4f,2025-08-06T09:03:33.730Z,ANIMAL,5,ZORRO,C7,spanish,female,20-29,no
ea29d7a2-4c36-4cb1-b13d-6f3a0dd8005f,2025-08-06T09:03:46.716Z,ANIMAL,3,PARDO,E5,spanish,male,20-29,no
ea29d7a2-4c36-4cb1-b13d-6f3a0dd8005f,2025-08-06T09:03:56.344Z,ANIMAL,4,FLAMENCO,E15,spanish,male,20-29,no
aff9cab7-c577-4460-a48d-b950faa9ea4f,2025-08-06T09:03:54.715Z,ANIMAL,6,GRILLO,L11,spanish,female,20-29,no
ea29d7a2-4c36-4cb1-b13d-6f3a0dd8005f,2025-08-06T09:04:04.512Z,ANIMAL,5,ZORRO,C8,spanish,male,20-29,no
aff9cab7-c577-4460-a48d-b950faa9ea4f,2025-08-06T09:04:13.148Z,ANIMAL,7,CANARIO,I5,spanish,female,20-29,no
ea29d7a2-4c36-4cb1-b13d-6f3a0dd8005f,2025-08-06T09:04:15.873Z,ANIMAL,6,GRILLO,N10,spanish,male,20-29,no
ea29d7a2-4c36-4cb1-b13d-6f3a0dd8005f,2025-08-06T09:04:39.204Z,ANIMAL,7,CANARIO,I4,spanish,male,20-29,no
aff9cab7-c577-4460-a48d-b950faa9ea4f,2025-08-06T09:04:43.537Z,ANIMAL,8,CERDO,F12,spanish,female,20-29,no
ea29d7a2-4c36-4cb1-b13d-6f3a0dd8005f,2025-08-06T09:04:51.461Z,ANIMAL,8,CERDO,F15,spanish,male,20-29,no
aff9cab7-c577-4460-a48d-b950faa9ea4f,2025-08-06T09:04:59.053Z,ANIMAL,9,TIGRE,E5,spanish,female,20-29,no
ea29d7a2-4c36-4cb1-b13d-6f3a0dd8005f,2025-08-06T09:05:00.736Z,ANIMAL,9,TIGRE,E8,spanish,male,20-29,no
ea29d7a2-4c36-4cb1-b13d-6f3a0dd8005f,2025-08-06T09:05:17.102Z,ANIMAL,10,MARIQUITA,A13,spanish,male,20-29,no
aff9cab7-c577-4460-a48d-b950faa9ea4f,2025-08-06T09:05:23.448Z,ANIMAL,10,MARIQUITA,B11,spanish,female,20-29,no
ea29d7a2-4c36-4cb1-b13d-6f3a0dd8005f,2025-08-06T09:05:30.946Z,ANIMAL,11,RANA,O12,spanish,male,20-29,no
ea29d7a2-4c36-4cb1-b13d-6f3a0dd8005f,2025-08-06T09:05:38.269Z,ANIMAL,12,AXOLOTE,G15,spanish,male,20-29,no
aff9cab7-c577-4460-a48d-b950faa9ea4f,2025-08-06T09:05:45.746Z,ANIMAL,11,RANA,I13,spanish,female,20-29,no
aff9cab7-c577-4460-a48d-b950faa9ea4f,2025-08-06T09:05:58.115Z,ANIMAL,12,AXOLOTE,H15,spanish,female,20-29,no
ea29d7a2-4c36-4cb1-b13d-6f3a0dd8005f,2025-08-06T09:06:00.785Z,ANIMAL,13,SAPO,C1,spanish,male,20-29,no
ea29d7a2-4c36-4cb1-b13d-6f3a0dd8005f,2025-08-06T09:06:08.176Z,COMESTIBLE,14,LIMÓN,J2,spanish,male,20-29,no
aff9cab7-c577-4460-a48d-b950faa9ea4f,2025-08-06T09:06:17.178Z,ANIMAL,13,SAPO,P6,spanish,female,20-29,no
ea29d7a2-4c36-4cb1-b13d-6f3a0dd8005f,2025-08-06T09:06:21.349Z,COMESTIBLE,15,LIMA,N6,spanish,male,20-29,no
ea29d7a2-4c36-4cb1-b13d-6f3a0dd8005f,2025-08-06T09:06:34.369Z,COMESTIBLE,16,KIWI,O2,spanish,male,20-29,no
aff9cab7-c577-4460-a48d-b950faa9ea4f,2025-08-06T09:06:42.734Z,COMESTIBLE,14,LIMÓN,I2,spanish,female,20-29,no
ea29d7a2-4c36-4cb1-b13d-6f3a0dd8005f,2025-08-06T09:06:44.557Z,COMESTIBLE,17,CALABAZA,D7,spanish,male,20-29,no
ea29d7a2-4c36-4cb1-b13d-6f3a0dd8005f,2025-08-06T09:06:54.069Z,COMESTIBLE,18,CALABACÍN,L12,spanish,male,20-29,no
aff9cab7-c577-4460-a48d-b950faa9ea4f,2025-08-06T09:06:57.898Z,COMESTIBLE,15,LIMA,M6,spanish,female,20-29,no
ea29d7a2-4c36-4cb1-b13d-6f3a0dd8005f,2025-08-06T09:07:05.085Z,COMESTIBLE,19,UVA,E20,spanish,male,20-29,no
ea29d7a2-4c36-4cb1-b13d-6f3a0dd8005f,2025-08-06T09:07:14.805Z,COMESTIBLE,20,PEPINO,J13,spanish,male,20-29,no
aff9cab7-c577-4460-a48d-b950faa9ea4f,2025-08-06T09:07:16.780Z,COMESTIBLE,16,KIWI,N5,spanish,female,20-29,no
ea29d7a2-4c36-4cb1-b13d-6f3a0dd8005f,2025-08-06T09:07:23.548Z,COMESTIBLE,21,COCO,A5,spanish,male,20-29,no
ea29d7a2-4c36-4cb1-b13d-6f3a0dd8005f,2025-08-06T09:07:37.099Z,COMESTIBLE,22,BERENJENA,E28,spanish,male,20-29,no
ea29d7a2-4c36-4cb1-b13d-6f3a0dd8005f,2025-08-06T09:07:44.614Z,COMESTIBLE,23,ESPÁRRAGO,O11,spanish,male,20-29,no
ea29d7a2-4c36-4cb1-b13d-6f3a0dd8005f,2025-08-06T09:07:54.031Z,COMESTIBLE,24,MELOCOTÓN,E3,spanish,male,20-29,no
aff9cab7-c577-4460-a48d-b950faa9ea4f,2025-08-06T09:08:03.883Z,COMESTIBLE,17,CALABAZA,D4,spanish,female,20-29,no
ea29d7a2-4c36-4cb1-b13d-6f3a0dd8005f,2025-08-06T09:08:05.507Z,COMESTIBLE,25,MANZANA,B8,spanish,male,20-29,no
ea29d7a2-4c36-4cb1-b13d-6f3a0dd8005f,2025-08-06T09:08:15.238Z,COMESTIBLE,26,HUEVO,E5,spanish,male,20-29,no
aff9cab7-c577-4460-a48d-b950faa9ea4f,2025-08-06T09:08:24.247Z,COMESTIBLE,18,CALABACÍN,P8,spanish,female,20-29,no
ea29d7a2-4c36-4cb1-b13d-6f3a0dd8005f,2025-08-06T09:08:26.123Z,COMESTIBLE,27,PLÁTANO,H4,spanish,male,20-29,no
aff9cab7-c577-4460-a48d-b950faa9ea4f,2025-08-06T09:08:35.598Z,COMESTIBLE,19,UVA,C24,spanish,female,20-29,no
ea29d7a2-4c36-4cb1-b13d-6f3a0dd8005f,2025-08-06T09:08:35.267Z,COMESTIBLE,28,TOMATE,C9,spanish,male,20-29,no
aff9cab7-c577-4460-a48d-b950faa9ea4f,2025-08-06T09:08:57.497Z,COMESTIBLE,20,PEPINO,P11,spanish,female,20-29,no
aff9cab7-c577-4460-a48d-b950faa9ea4f,2025-08-06T09:09:11.181Z,COMESTIBLE,21,COCO,B2,spanish,female,20-29,no
ea29d7a2-4c36-4cb1-b13d-6f3a0dd8005f,2025-08-06T09:09:19.210Z,COMESTIBLE,29,REMOLACHA,C21,spanish,male,20-29,no
aff9cab7-c577-4460-a48d-b950faa9ea4f,2025-08-06T09:09:23.900Z,COMESTIBLE,22,BERENJENA,C29,spanish,female,20-29,no
ea29d7a2-4c36-4cb1-b13d-6f3a0dd8005f,2025-08-06T09:09:31.966Z,PIEDRA,30,PERLA,H16,spanish,male,20-29,no
ea29d7a2-4c36-4cb1-b13d-6f3a0dd8005f,2025-08-06T09:09:40.649Z,PIEDRA,31,AMATISTA,C22,spanish,male,20-29,no
ea29d7a2-4c36-4cb1-b13d-6f3a0dd8005f,2025-08-06T09:09:51.505Z,PIEDRA,32,ZAFIRO,L28,spanish,male,20-29,no
ea29d7a2-4c36-4cb1-b13d-6f3a0dd8005f,2025-08-06T09:12:00.676Z,PIEDRA,33,ORO,H3,spanish,male,20-29,no
ea29d7a2-4c36-4cb1-b13d-6f3a0dd8005f,2025-08-06T09:12:11.664Z,PIEDRA,34,RUBÍ,B10,spanish,male,20-29,no
ea29d7a2-4c36-4cb1-b13d-6f3a0dd8005f,2025-08-06T09:12:55.703Z,PIEDRA,35,JADE,M18,spanish,male,20-29,no
ea29d7a2-4c36-4cb1-b13d-6f3a0dd8005f,2025-08-06T09:13:06.195Z,PIEDRA,36,TEJA,C5,spanish,male,20-29,no
ea29d7a2-4c36-4cb1-b13d-6f3a0dd8005f,2025-08-06T09:13:14.166Z,PIEDRA,37,LAPISLÁZULI,N29,spanish,male,20-29,no
ea29d7a2-4c36-4cb1-b13d-6f3a0dd8005f,2025-08-06T09:13:42.220Z,PIEDRA,38,AMBAR,E6,spanish,male,20-29,no
ea29d7a2-4c36-4cb1-b13d-6f3a0dd8005f,2025-08-06T09:16:06.412Z,PIEDRA,39,LADRILLO,B8,spanish,male,20-29,no
ea29d7a2-4c36-4cb1-b13d-6f3a0dd8005f,2025-08-06T09:16:18.027Z,PIEDRA,40,ESMERALDA,N8,spanish,male,20-29,no
ea29d7a2-4c36-4cb1-b13d-6f3a0dd8005f,2025-08-06T09:16:33.737Z,PLANTA,41,GIRASOL,H2,spanish,male,20-29,no
ea29d7a2-4c36-4cb1-b13d-6f3a0dd8005f,2025-08-06T09:16:44.229Z,PLANTA,42,ALBAHACA,N12,spanish,male,20-29,no
ea29d7a2-4c36-4cb1-b13d-6f3a0dd8005f,2025-08-06T09:16:54.025Z,PLANTA,43,MALVA,E20,spanish,male,20-29,no
ea29d7a2-4c36-4cb1-b13d-6f3a0dd8005f,2025-08-06T09:17:04.052Z,PLANTA,44,LAVANDA,C25,spanish,male,20-29,no
ea29d7a2-4c36-4cb1-b13d-6f3a0dd8005f,2025-08-06T09:19:30.918Z,PLANTA,45,AMAPOLA,E10,spanish,male,20-29,no
ea29d7a2-4c36-4cb1-b13d-6f3a0dd8005f,2025-08-06T09:19:41.993Z,PLANTA,46,TRIGO,F2,spanish,male,20-29,no
ea29d7a2-4c36-4cb1-b13d-6f3a0dd8005f,2025-08-06T09:21:06.927Z,PLANTA,47,CLAVEL,E18,spanish,male,20-29,no
ea29d7a2-4c36-4cb1-b13d-6f3a0dd8005f,2025-08-06T09:21:22.743Z,PLANTA,48,CORAL,B12,spanish,male,20-29,no
ea29d7a2-4c36-4cb1-b13d-6f3a0dd8005f,2025-08-06T09:21:36.134Z,PLANTA,49,MENTA,O14,spanish,male,20-29,no
ea29d7a2-4c36-4cb1-b13d-6f3a0dd8005f,2025-08-06T09:21:47.423Z,PLANTA,50,MADERA,B3,spanish,male,20-29,no
ea29d7a2-4c36-4cb1-b13d-6f3a0dd8005f,2025-08-06T09:22:00.047Z,ENTORNO,51,HURACÁN,K23,spanish,male,20-29,no
aff9cab7-c577-4460-a48d-b950faa9ea4f,2025-08-06T09:22:07.804Z,COMESTIBLE,23,ESPÁRRAGO,K16,spanish,female,20-29,no
ea29d7a2-4c36-4cb1-b13d-6f3a0dd8005f,2025-08-06T09:22:10.213Z,ENTORNO,52,PIEL,H13,spanish,male,20-29,no
ea29d7a2-4c36-4cb1-b13d-6f3a0dd8005f,2025-08-06T09:22:22.933Z,ENTORNO,53,FUEGO,C8,spanish,male,20-29,no
aff9cab7-c577-4460-a48d-b950faa9ea4f,2025-08-06T09:22:26.371Z,COMESTIBLE,24,MELOCOTÓN,F10,spanish,female,20-29,no
ea29d7a2-4c36-4cb1-b13d-6f3a0dd8005f,2025-08-06T09:22:45.569Z,ENTORNO,54,ARENA,D1,spanish,male,20-29,no
ea29d7a2-4c36-4cb1-b13d-6f3a0dd8005f,2025-08-06T09:22:56.323Z,ENTORNO,55,MARÍTIMO,I27,spanish,male,20-29,no
ea29d7a2-4c36-4cb1-b13d-6f3a0dd8005f,2025-08-06T09:23:22.118Z,ENTORNO,56,BARRO,A2,spanish,male,20-29,no
ea29d7a2-4c36-4cb1-b13d-6f3a0dd8005f,2025-08-06T09:23:31.303Z,ENTORNO,57,CÉSPED,P8,spanish,male,20-29,no
ea29d7a2-4c36-4cb1-b13d-6f3a0dd8005f,2025-08-06T09:23:38.403Z,ENTORNO,58,ESTANQUE,O25,spanish,male,20-29,no
ea29d7a2-4c36-4cb1-b13d-6f3a0dd8005f,2025-08-06T09:23:51.126Z,ENTORNO,59,AMANECER,D7,spanish,male,20-29,no
ea29d7a2-4c36-4cb1-b13d-6f3a0dd8005f,2025-08-06T09:23:59.689Z,ENTORNO,60,MUSGO,O10,spanish,male,20-29,no
ea29d7a2-4c36-4cb1-b13d-6f3a0dd8005f,2025-08-06T09:24:13.963Z,ENTORNO,61,CIELO,K21,spanish,male,20-29,no
aff9cab7-c577-4460-a48d-b950faa9ea4f,2025-08-06T09:24:20.788Z,COMESTIBLE,25,MANZANA,B11,spanish,female,20-29,no
ea29d7a2-4c36-4cb1-b13d-6f3a0dd8005f,2025-08-06T09:24:31.526Z,ENTORNO,62,RAYO,H2,spanish,male,20-29,no
aff9cab7-c577-4460-a48d-b950faa9ea4f,2025-08-06T09:24:41.574Z,COMESTIBLE,26,HUEVO,H14,spanish,female,20-29,no
ea29d7a2-4c36-4cb1-b13d-6f3a0dd8005f,2025-08-06T09:24:43.876Z,ENTORNO,63,SANGRE,B7,spanish,male,20-29,no
ea29d7a2-4c36-4cb1-b13d-6f3a0dd8005f,2025-08-06T09:24:53.618Z,ENTORNO,64,ATARDECER,D8,spanish,male,20-29,no
aff9cab7-c577-4460-a48d-b950faa9ea4f,2025-08-06T09:25:00.524Z,COMESTIBLE,27,PLÁTANO,I9,spanish,female,20-29,no
aff9cab7-c577-4460-a48d-b950faa9ea4f,2025-08-06T09:25:12.656Z,COMESTIBLE,28,TOMATE,C8,spanish,female,20-29,no
ea29d7a2-4c36-4cb1-b13d-6f3a0dd8005f,2025-08-06T09:25:25.835Z,SUBJETIVO,65,VERGÜENZA,E15,spanish,male,20-29,no
aff9cab7-c577-4460-a48d-b950faa9ea4f,2025-08-06T09:25:27.256Z,COMESTIBLE,29,REMOLACHA,D18,spanish,female,20-29,no
ea29d7a2-4c36-4cb1-b13d-6f3a0dd8005f,2025-08-06T09:25:35.193Z,SUBJETIVO,66,SUEÑO,C28,spanish,male,20-29,no
aff9cab7-c577-4460-a48d-b950faa9ea4f,2025-08-06T09:25:42.138Z,PIEDRA,30,PERLA,I16,spanish,female,20-29,no
ea29d7a2-4c36-4cb1-b13d-6f3a0dd8005f,2025-08-06T09:25:43.614Z,SUBJETIVO,67,ECOLOGÍA,O14,spanish,male,20-29,no
ea29d7a2-4c36-4cb1-b13d-6f3a0dd8005f,2025-08-06T09:25:53.768Z,SUBJETIVO,68,PAZ,G16,spanish,male,20-29,no
aff9cab7-c577-4460-a48d-b950faa9ea4f,2025-08-06T09:26:01.322Z,PIEDRA,31,AMATISTA,L28,spanish,female,20-29,no
ea29d7a2-4c36-4cb1-b13d-6f3a0dd8005f,2025-08-06T09:26:01.472Z,SUBJETIVO,69,IRA,B8,spanish,male,20-29,no
ea29d7a2-4c36-4cb1-b13d-6f3a0dd8005f,2025-08-06T09:26:11.644Z,SUBJETIVO,70,ASCO,O12,spanish,male,20-29,no
aff9cab7-c577-4460-a48d-b950faa9ea4f,2025-08-06T09:26:15.506Z,PIEDRA,32,ZAFIRO,I30,spanish,female,20-29,no
aff9cab7-c577-4460-a48d-b950faa9ea4f,2025-08-06T09:26:25.156Z,PIEDRA,33,ORO,I4,spanish,female,20-29,no
ea29d7a2-4c36-4cb1-b13d-6f3a0dd8005f,2025-08-06T09:26:24.618Z,SUBJETIVO,71,ALEGRÍA,H2,spanish,male,20-29,no
aff9cab7-c577-4460-a48d-b950faa9ea4f,2025-08-06T09:26:35.439Z,PIEDRA,34,RUBÍ,A9,spanish,female,20-29,no
ea29d7a2-4c36-4cb1-b13d-6f3a0dd8005f,2025-08-06T09:26:36.838Z,SUBJETIVO,72,SOLEDAD,J30,spanish,male,20-29,no
ea29d7a2-4c36-4cb1-b13d-6f3a0dd8005f,2025-08-06T09:26:44.135Z,SUBJETIVO,73,PELIGRO,B7,spanish,male,20-29,no
aff9cab7-c577-4460-a48d-b950faa9ea4f,2025-08-06T09:26:47.556Z,PIEDRA,35,JADE,L14,spanish,female,20-29,no
ea29d7a2-4c36-4cb1-b13d-6f3a0dd8005f,2025-08-06T09:26:52.087Z,SUBJETIVO,74,TRISTEZA,H30,spanish,male,20-29,no
ea29d7a2-4c36-4cb1-b13d-6f3a0dd8005f,2025-08-06T09:27:04.841Z,SUBJETIVO,75,TÓXICO,P10,spanish,male,20-29,no
aff9cab7-c577-4460-a48d-b950faa9ea4f,2025-08-06T09:27:06.122Z,PIEDRA,36,TEJA,B6,spanish,female,20-29,no
ea29d7a2-4c36-4cb1-b13d-6f3a0dd8005f,2025-08-06T09:27:14.449Z,SUBJETIVO,76,VERANO,H6,spanish,male,20-29,no
aff9cab7-c577-4460-a48d-b950faa9ea4f,2025-08-06T09:27:17.507Z,PIEDRA,37,LAPISLÁZULI,J25,spanish,female,20-29,no
ea29d7a2-4c36-4cb1-b13d-6f3a0dd8005f,2025-08-06T09:27:22.766Z,SUBJETIVO,77,OTOÑO,E8,spanish,male,20-29,no
aff9cab7-c577-4460-a48d-b950faa9ea4f,2025-08-06T09:27:28.891Z,PIEDRA,38,AMBAR,D7,spanish,female,20-29,no
ea29d7a2-4c36-4cb1-b13d-6f3a0dd8005f,2025-08-06T09:27:37.889Z,SUBJETIVO,78,INVIERNO,K20,spanish,male,20-29,no
ea29d7a2-4c36-4cb1-b13d-6f3a0dd8005f,2025-08-06T09:27:47.114Z,SUBJETIVO,79,PRIMAVERA,N13,spanish,male,20-29,no
ea29d7a2-4c36-4cb1-b13d-6f3a0dd8005f,2025-08-06T09:28:00.873Z,SUBJETIVO,80,ESPERANZA,N13,spanish,male,20-29,no
ea29d7a2-4c36-4cb1-b13d-6f3a0dd8005f,2025-08-06T09:28:21.496Z,POP,81,FEMINISMO,C22,spanish,male,20-29,no
ea29d7a2-4c36-4cb1-b13d-6f3a0dd8005f,2025-08-06T09:28:31.710Z,POP,82,SHRECK,N9,spanish,male,20-29,no
ea29d7a2-4c36-4cb1-b13d-6f3a0dd8005f,2025-08-06T09:28:47.419Z,POP,83,TRACTOR,B8,spanish,male,20-29,no
ea29d7a2-4c36-4cb1-b13d-6f3a0dd8005f,2025-08-06T09:29:00.869Z,POP,84,SONIC,K26,spanish,male,20-29,no
ea29d7a2-4c36-4cb1-b13d-6f3a0dd8005f,2025-08-06T09:29:08.736Z,POP,85,PIKACHU,J3,spanish,male,20-29,no
ea29d7a2-4c36-4cb1-b13d-6f3a0dd8005f,2025-08-06T09:29:17.344Z,POP,86,HULK,O11,spanish,male,20-29,no
ea29d7a2-4c36-4cb1-b13d-6f3a0dd8005f,2025-08-06T09:29:25.829Z,POP,87,BARBIE,C16,spanish,male,20-29,no
ea29d7a2-4c36-4cb1-b13d-6f3a0dd8005f,2025-08-06T09:29:36.178Z,POP,88,COLORETE,C15,spanish,male,20-29,no
aff9cab7-c577-4460-a48d-b950faa9ea4f,2025-08-06T09:29:37.207Z,PIEDRA,39,LADRILLO,C7,spanish,female,20-29,no
aff9cab7-c577-4460-a48d-b950faa9ea4f,2025-08-06T09:29:49.157Z,PIEDRA,40,ESMERALDA,P16,spanish,female,20-29,no
ea29d7a2-4c36-4cb1-b13d-6f3a0dd8005f,2025-08-06T09:29:52.906Z,POP,89,PITUFO,M25,spanish,male,20-29,no
aff9cab7-c577-4460-a48d-b950faa9ea4f,2025-08-06T09:29:57.990Z,PLANTA,41,GIRASOL,G4,spanish,female,20-29,no
ea29d7a2-4c36-4cb1-b13d-6f3a0dd8005f,2025-08-06T09:30:00.549Z,POP,90,BRUJERÍA,D22,spanish,male,20-29,no
ea29d7a2-4c36-4cb1-b13d-6f3a0dd8005f,2025-08-06T09:30:26.243Z,POP,91,EPI (Y BLAS),E5,spanish,male,20-29,no
aff9cab7-c577-4460-a48d-b950faa9ea4f,2025-08-06T09:30:32.624Z,PLANTA,42,ALBAHACA,N7,spanish,female,20-29,no
ea29d7a2-4c36-4cb1-b13d-6f3a0dd8005f,2025-08-06T09:30:34.688Z,POP,92,GRINCH,O14,spanish,male,20-29,no
ea29d7a2-4c36-4cb1-b13d-6f3a0dd8005f,2025-08-06T09:30:45.394Z,POP,93,SIMPSON,I5,spanish,male,20-29,no
ea29d7a2-4c36-4cb1-b13d-6f3a0dd8005f,2025-08-06T09:30:56.453Z,POP,94,FLASH,B8,spanish,male,20-29,no
aff9cab7-c577-4460-a48d-b950faa9ea4f,2025-08-06T09:30:59.990Z,PLANTA,43,MALVA,E20,spanish,female,20-29,no
ea29d7a2-4c36-4cb1-b13d-6f3a0dd8005f,2025-08-06T09:31:07.728Z,POP,95,MONST. GALLETA,J27,spanish,male,20-29,no
aff9cab7-c577-4460-a48d-b950faa9ea4f,2025-08-06T09:31:09.641Z,PLANTA,44,LAVANDA,G18,spanish,female,20-29,no
ea29d7a2-4c36-4cb1-b13d-6f3a0dd8005f,2025-08-06T09:31:16.512Z,POP,96,BLAS (Y EPI),H3,spanish,male,20-29,no
aff9cab7-c577-4460-a48d-b950faa9ea4f,2025-08-06T09:31:21.426Z,PLANTA,45,AMAPOLA,B9,spanish,female,20-29,no
ea29d7a2-4c36-4cb1-b13d-6f3a0dd8005f,2025-08-06T09:31:27.795Z,POP,97,PETER PAN,O15,spanish,male,20-29,no
aff9cab7-c577-4460-a48d-b950faa9ea4f,2025-08-06T09:31:35.008Z,PLANTA,46,TRIGO,E2,spanish,female,20-29,no
ea29d7a2-4c36-4cb1-b13d-6f3a0dd8005f,2025-08-06T09:31:37.974Z,POP,98,STITCH,I26,spanish,male,20-29,no
aff9cab7-c577-4460-a48d-b950faa9ea4f,2025-08-06T09:31:43.775Z,PLANTA,47,CLAVEL,B10,spanish,female,20-29,no
ea29d7a2-4c36-4cb1-b13d-6f3a0dd8005f,2025-08-06T09:31:45.060Z,POP,99,SUBMARINO,G29,spanish,male,20-29,no
ea29d7a2-4c36-4cb1-b13d-6f3a0dd8005f,2025-08-06T09:31:56.949Z,POP,100,ELMO,B8,spanish,male,20-29,no
aff9cab7-c577-4460-a48d-b950faa9ea4f,2025-08-06T09:31:55.707Z,PLANTA,48,CORAL,D14,spanish,female,20-29,no
aff9cab7-c577-4460-a48d-b950faa9ea4f,2025-08-06T09:32:07.124Z,PLANTA,49,MENTA,P10,spanish,female,20-29,no
aff9cab7-c577-4460-a48d-b950faa9ea4f,2025-08-06T09:32:19.257Z,PLANTA,50,MADERA,B4,spanish,female,20-29,no
aff9cab7-c577-4460-a48d-b950faa9ea4f,2025-08-06T09:32:36.127Z,ENTORNO,51,HURACÁN,I22,spanish,female,20-29,no
aff9cab7-c577-4460-a48d-b950faa9ea4f,2025-08-06T09:32:52.477Z,ENTORNO,52,PIEL,F11,spanish,female,20-29,no
aff9cab7-c577-4460-a48d-b950faa9ea4f,2025-08-06T09:33:09.223Z,ENTORNO,53,FUEGO,C7,spanish,female,20-29,no
aff9cab7-c577-4460-a48d-b950faa9ea4f,2025-08-06T09:33:22.792Z,ENTORNO,54,ARENA,F8,spanish,female,20-29,no
aff9cab7-c577-4460-a48d-b950faa9ea4f,2025-08-06T09:33:35.408Z,ENTORNO,55,MARÍTIMO,H26,spanish,female,20-29,no
aff9cab7-c577-4460-a48d-b950faa9ea4f,2025-08-06T09:33:44.609Z,ENTORNO,56,BARRO,B1,spanish,female,20-29,no
aff9cab7-c577-4460-a48d-b950faa9ea4f,2025-08-06T09:33:56.091Z,ENTORNO,57,CÉSPED,N10,spanish,female,20-29,no
aff9cab7-c577-4460-a48d-b950faa9ea4f,2025-08-06T09:34:06.391Z,ENTORNO,58,ESTANQUE,O25,spanish,female,20-29,no
aff9cab7-c577-4460-a48d-b950faa9ea4f,2025-08-06T09:34:23.292Z,ENTORNO,59,AMANECER,H15,spanish,female,20-29,no
aff9cab7-c577-4460-a48d-b950faa9ea4f,2025-08-06T09:34:37.142Z,ENTORNO,60,MUSGO,P17,spanish,female,20-29,no
aff9cab7-c577-4460-a48d-b950faa9ea4f,2025-08-06T09:34:46.843Z,ENTORNO,61,CIELO,J19,spanish,female,20-29,no
aff9cab7-c577-4460-a48d-b950faa9ea4f,2025-08-06T09:34:59.792Z,ENTORNO,62,RAYO,I5,spanish,female,20-29,no
aff9cab7-c577-4460-a48d-b950faa9ea4f,2025-08-06T09:35:09.742Z,ENTORNO,63,SANGRE,B8,spanish,female,20-29,no
aff9cab7-c577-4460-a48d-b950faa9ea4f,2025-08-06T09:35:22.057Z,ENTORNO,64,ATARDECER,F12,spanish,female,20-29,no
aff9cab7-c577-4460-a48d-b950faa9ea4f,2025-08-06T09:35:32.091Z,SUBJETIVO,65,VERGÜENZA,D23,spanish,female,20-29,no
aff9cab7-c577-4460-a48d-b950faa9ea4f,2025-08-06T09:35:49.892Z,SUBJETIVO,66,SUEÑO,I20,spanish,female,20-29,no
aff9cab7-c577-4460-a48d-b950faa9ea4f,2025-08-06T09:35:59.709Z,SUBJETIVO,67,ECOLOGÍA,M12,spanish,female,20-29,no
aff9cab7-c577-4460-a48d-b950faa9ea4f,2025-08-06T09:36:10.993Z,SUBJETIVO,68,PAZ,I17,spanish,female,20-29,no
aff9cab7-c577-4460-a48d-b950faa9ea4f,2025-08-06T09:36:21.394Z,SUBJETIVO,69,IRA,A12,spanish,female,20-29,no
aff9cab7-c577-4460-a48d-b950faa9ea4f,2025-08-06T09:36:34.293Z,SUBJETIVO,70,ASCO,M15,spanish,female,20-29,no
aff9cab7-c577-4460-a48d-b950faa9ea4f,2025-08-06T09:36:44.959Z,SUBJETIVO,71,ALEGRÍA,J3,spanish,female,20-29,no
aff9cab7-c577-4460-a48d-b950faa9ea4f,2025-08-06T09:36:55.009Z,SUBJETIVO,72,SOLEDAD,K24,spanish,female,20-29,no
aff9cab7-c577-4460-a48d-b950faa9ea4f,2025-08-06T09:38:08.647Z,SUBJETIVO,73,PELIGRO,C8,spanish,female,20-29,no
aff9cab7-c577-4460-a48d-b950faa9ea4f,2025-08-06T09:38:20.745Z,SUBJETIVO,74,TRISTEZA,J24,spanish,female,20-29,no
aff9cab7-c577-4460-a48d-b950faa9ea4f,2025-08-06T09:38:32.995Z,SUBJETIVO,75,TÓXICO,N6,spanish,female,20-29,no
aff9cab7-c577-4460-a48d-b950faa9ea4f,2025-08-06T09:38:45.228Z,SUBJETIVO,76,VERANO,I8,spanish,female,20-29,no
aff9cab7-c577-4460-a48d-b950faa9ea4f,2025-08-06T09:38:56.026Z,SUBJETIVO,77,OTOÑO,D8,spanish,female,20-29,no
aff9cab7-c577-4460-a48d-b950faa9ea4f,2025-08-06T09:39:04.194Z,SUBJETIVO,78,INVIERNO,J23,spanish,female,20-29,no
aff9cab7-c577-4460-a48d-b950faa9ea4f,2025-08-06T09:39:14.410Z,SUBJETIVO,79,PRIMAVERA,F14,spanish,female,20-29,no
aff9cab7-c577-4460-a48d-b950faa9ea4f,2025-08-06T09:39:27.510Z,SUBJETIVO,80,ESPERANZA,N10,spanish,female,20-29,no
aff9cab7-c577-4460-a48d-b950faa9ea4f,2025-08-06T09:39:38.710Z,POP,81,FEMINISMO,D21,spanish,female,20-29,no
aff9cab7-c577-4460-a48d-b950faa9ea4f,2025-08-06T09:44:07.627Z,POP,82,SHRECK,O14,spanish,female,20-29,no
aff9cab7-c577-4460-a48d-b950faa9ea4f,2025-08-06T09:44:16.293Z,POP,83,TRACTOR,I4,spanish,female,20-29,no
aff9cab7-c577-4460-a48d-b950faa9ea4f,2025-08-06T09:44:27.708Z,POP,84,SONIC,M26,spanish,female,20-29,no
aff9cab7-c577-4460-a48d-b950faa9ea4f,2025-08-06T09:44:37.775Z,POP,85,PIKACHU,H2,spanish,female,20-29,no
aff9cab7-c577-4460-a48d-b950faa9ea4f,2025-08-06T09:44:48.516Z,POP,86,HULK,O9,spanish,female,20-29,no
aff9cab7-c577-4460-a48d-b950faa9ea4f,2025-08-06T09:44:58.659Z,POP,87,BARBIE,D16,spanish,female,20-29,no
aff9cab7-c577-4460-a48d-b950faa9ea4f,2025-08-06T09:45:06.626Z,POP,88,COLORETE,D14,spanish,female,20-29,no
aff9cab7-c577-4460-a48d-b950faa9ea4f,2025-08-06T09:45:21.959Z,POP,89,PITUFO,L23,spanish,female,20-29,no
aff9cab7-c577-4460-a48d-b950faa9ea4f,2025-08-06T09:45:33.859Z,POP,90,BRUJERÍA,A27,spanish,female,20-29,no
aff9cab7-c577-4460-a48d-b950faa9ea4f,2025-08-06T09:45:46.343Z,POP,91,EPI (Y BLAS),E8,spanish,female,20-29,no
aff9cab7-c577-4460-a48d-b950faa9ea4f,2025-08-06T09:46:01.293Z,POP,92,GRINCH,N18,spanish,female,20-29,no
aff9cab7-c577-4460-a48d-b950faa9ea4f,2025-08-06T09:46:14.344Z,POP,93,SIMPSON,I2,spanish,female,20-29,no
aff9cab7-c577-4460-a48d-b950faa9ea4f,2025-08-06T09:46:23.276Z,POP,94,FLASH,C8,spanish,female,20-29,no
aff9cab7-c577-4460-a48d-b950faa9ea4f,2025-08-06T09:46:39.277Z,POP,95,MONST. GALLETA,J24,spanish,female,20-29,no
aff9cab7-c577-4460-a48d-b950faa9ea4f,2025-08-06T09:46:53.309Z,POP,96,BLAS (Y EPI),H3,spanish,female,20-29,no
aff9cab7-c577-4460-a48d-b950faa9ea4f,2025-08-06T09:48:05.678Z,POP,97,PETER PAN,N9,spanish,female,20-29,no
aff9cab7-c577-4460-a48d-b950faa9ea4f,2025-08-06T09:48:20.330Z,POP,98,STITCH,L28,spanish,female,20-29,no
aff9cab7-c577-4460-a48d-b950faa9ea4f,2025-08-06T09:48:32.128Z,POP,99,SUBMARINO,H28,spanish,female,20-29,no
aff9cab7-c577-4460-a48d-b950faa9ea4f,2025-08-06T09:48:43.979Z,POP,100,ELMO,A12,spanish,female,20-29,no
981d23b1-caba-4ac7-862f-12b99ec75b36,2025-08-06T10:00:47.339Z,ANIMAL,1,SALMON,F14,english,female,20-29,no
52feb9f2-5c5f-4ce2-bcee-7dbc6bf0b578,2025-08-06T10:06:38.260Z,ENTORNO,54,ARENA,E5,spanish,female,20-29,no
52feb9f2-5c5f-4ce2-bcee-7dbc6bf0b578,2025-08-06T10:06:47.793Z,PIEDRA,36,TEJA,C6,spanish,female,20-29,no
995e4237-db78-477a-8826-4cbb3d08c095,2025-08-06T10:21:41.126Z,COMESTIBLE,29,REMOLACHA,B21,spanish,female,20-29,no
fde09c49-dbe8-4f57-9234-4971511ac36b,2025-08-06T10:22:25.346Z,PIEDRA,32,ZAFIRO,L30,spanish,female,20-29,no
4edfed86-d4e0-4011-bae3-0111cb6b3b60,2025-08-07T16:08:24.656Z,ANIMAL,12,AXOLOTE,E14,spanish,female,20-29,no
6f365443-e595-4475-b993-c2fe41b4d67e,2025-08-15T14:49:42.115Z,STONE,39,BRICK,B5,english,male,20-29,no
6f365443-e595-4475-b993-c2fe41b4d67e,2025-08-15T14:50:36.288Z,SUBJETIVE,70,DISGUST,N19,english,male,20-29,no
6f365443-e595-4475-b993-c2fe41b4d67e,2025-08-15T14:50:51.864Z,ENVIRONMENT,57,GRASS,P17,english,male,20-29,no
6f365443-e595-4475-b993-c2fe41b4d67e,2025-08-15T14:51:14.915Z,ANIMAL,13,TOAD,P10,english,male,20-29,no
6f365443-e595-4475-b993-c2fe41b4d67e,2025-08-15T14:51:30.889Z,FOOD,27,BANANA,M3,english,male,20-29,no
6f365443-e595-4475-b993-c2fe41b4d67e,2025-08-15T14:51:45.020Z,POP,92,GRINCH,N7,english,male,20-29,no
6f365443-e595-4475-b993-c2fe41b4d67e,2025-08-15T14:52:00.639Z,STONE,30,PEARL,I18,english,male,20-29,no
6723a1db-f8d9-4b2f-a1ef-3655b032c1ce,2025-09-04T10:14:20.397Z,COMESTIBLE,21,COCO,A3,spanish,female,20-29,no
6723a1db-f8d9-4b2f-a1ef-3655b032c1ce,2025-09-04T10:15:20.734Z,POP,97,PETER PAN,N10,spanish,female,20-29,no
6723a1db-f8d9-4b2f-a1ef-3655b032c1ce,2025-09-04T10:15:51.791Z,PLANTA,41,GIRASOL,J6,spanish,female,20-29,no
6723a1db-f8d9-4b2f-a1ef-3655b032c1ce,2025-09-04T10:16:38.740Z,ENTORNO,62,RAYO,J1,spanish,female,20-29,no
6723a1db-f8d9-4b2f-a1ef-3655b032c1ce,2025-09-04T10:16:52.002Z,ANIMAL,9,TIGRE,E6,spanish,female,20-29,no
6723a1db-f8d9-4b2f-a1ef-3655b032c1ce,2025-09-04T10:17:06.121Z,PIEDRA,36,TEJA,B8,spanish,female,20-29,no
6723a1db-f8d9-4b2f-a1ef-3655b032c1ce,2025-09-04T10:19:45.715Z,SUBJETIVO,67,ECOLOGÍA,O15,spanish,female,20-29,no
6723a1db-f8d9-4b2f-a1ef-3655b032c1ce,2025-09-04T10:20:00.170Z,PLANTA,45,AMAPOLA,A13,spanish,female,20-29,no
6723a1db-f8d9-4b2f-a1ef-3655b032c1ce,2025-09-04T10:20:32.829Z,PIEDRA,33,ORO,G3,spanish,female,20-29,no
6723a1db-f8d9-4b2f-a1ef-3655b032c1ce,2025-09-04T10:21:10.441Z,ENTORNO,59,AMANECER,H7,spanish,female,20-29,no
6723a1db-f8d9-4b2f-a1ef-3655b032c1ce,2025-09-04T10:21:38.359Z,SUBJETIVO,70,ASCO,P10,spanish,female,20-29,no
6723a1db-f8d9-4b2f-a1ef-3655b032c1ce,2025-09-04T10:21:57.197Z,POP,99,SUBMARINO,J2,spanish,female,20-29,no
6723a1db-f8d9-4b2f-a1ef-3655b032c1ce,2025-09-04T10:22:14.472Z,ANIMAL,6,GRILLO,D1,spanish,female,20-29,no
6723a1db-f8d9-4b2f-a1ef-3655b032c1ce,2025-09-04T10:22:33.223Z,COMESTIBLE,29,REMOLACHA,B16,spanish,female,20-29,no
a39ead2b-9dfd-4c5f-8803-d4343307395a,2025-09-25T11:05:52.084Z,SUBJETIVO,76,VERANO,I6,spanish,female,20-29,no
a39ead2b-9dfd-4c5f-8803-d4343307395a,2025-09-25T11:06:38.283Z,PIEDRA,37,LAPISLÁZULI,L29,spanish,female,20-29,no
a39ead2b-9dfd-4c5f-8803-d4343307395a,2025-09-25T11:06:52.705Z,COMESTIBLE,20,PEPINO,O8,spanish,female,20-29,no
a39ead2b-9dfd-4c5f-8803-d4343307395a,2025-09-25T11:07:09.928Z,COMESTIBLE,21,COCO,B1,spanish,female,20-29,no
a39ead2b-9dfd-4c5f-8803-d4343307395a,2025-09-25T11:07:29.895Z,ANIMAL,8,CERDO,F15,spanish,female,20-29,no
a39ead2b-9dfd-4c5f-8803-d4343307395a,2025-09-25T11:07:43.363Z,POP,88,COLORETE,C14,spanish,female,20-29,no
a39ead2b-9dfd-4c5f-8803-d4343307395a,2025-09-25T11:07:58.208Z,ENTORNO,62,RAYO,M29,spanish,female,20-29,no
a39ead2b-9dfd-4c5f-8803-d4343307395a,2025-09-25T11:08:13.640Z,PIEDRA,30,PERLA,I18,spanish,female,20-29,no
a39ead2b-9dfd-4c5f-8803-d4343307395a,2025-09-25T11:08:27.855Z,ENTORNO,51,HURACÁN,L27,spanish,female,20-29,no
a39ead2b-9dfd-4c5f-8803-d4343307395a,2025-09-25T11:08:41.688Z,ANIMAL,9,TIGRE,E6,spanish,female,20-29,no
a39ead2b-9dfd-4c5f-8803-d4343307395a,2025-09-25T11:09:05.103Z,POP,96,BLAS (Y EPI),J4,spanish,female,20-29,no
a39ead2b-9dfd-4c5f-8803-d4343307395a,2025-09-25T11:09:19.852Z,SUBJETIVO,66,SUEÑO,K22,spanish,female,20-29,no
a39ead2b-9dfd-4c5f-8803-d4343307395a,2025-09-25T11:09:31.989Z,PLANTA,44,LAVANDA,E24,spanish,female,20-29,no
a39ead2b-9dfd-4c5f-8803-d4343307395a,2025-09-25T11:09:44.563Z,PLANTA,50,MADERA,B2,spanish,female,20-29,no
cc03d71a-52e9-453c-8a0d-d0b9f7b7ff73,2025-09-25T11:57:10.260Z,ENVIRONMENT,59,SUNRISE,E3,english,female,20-29,no
f7fdcde5-0a73-4a6e-a504-56634e5982cf,2025-09-26T13:27:04.380Z,SUBJETIVE,72,LONELINESS,J27,english,female,20-29,no
1f97812b-edd0-40ee-9d7f-932d1b6f815a,2025-10-01T11:50:10.148Z,COMESTIBLE,29,REMOLACHA,H4,spanish,male,10-19,no
a8df4072-361a-48b3-8210-1f99a49b5e57,2025-10-01T11:50:13.620Z,ANIMAL,1,SALMÓN,F10,spanish,male,10-19,no
a7482b21-0bc8-4b07-8348-387466387de8,2025-10-01T11:50:21.198Z,ENTORNO,54,ARENA,E2,spanish,female,10-19,no
1f97812b-edd0-40ee-9d7f-932d1b6f815a,2025-10-01T11:50:26.738Z,ENTORNO,63,SANGRE,A10,spanish,male,10-19,no
a8df4072-361a-48b3-8210-1f99a49b5e57,2025-10-01T11:50:31.545Z,SUBJETIVO,71,ALEGRÍA,I3,spanish,male,10-19,no
a7482b21-0bc8-4b07-8348-387466387de8,2025-10-01T11:50:33.970Z,POP,87,BARBIE,B17,spanish,female,10-19,no
a7482b21-0bc8-4b07-8348-387466387de8,2025-10-01T11:50:46.624Z,PLANTA,47,CLAVEL,N19,spanish,female,10-19,no
a8df4072-361a-48b3-8210-1f99a49b5e57,2025-10-01T11:50:50.805Z,ENTORNO,63,SANGRE,A11,spanish,male,10-19,no
a7482b21-0bc8-4b07-8348-387466387de8,2025-10-01T11:50:56.683Z,ANIMAL,3,PARDO,B3,spanish,female,10-19,no
a7482b21-0bc8-4b07-8348-387466387de8,2025-10-01T11:51:11.556Z,ENTORNO,60,MUSGO,P10,spanish,female,10-19,no
1f97812b-edd0-40ee-9d7f-932d1b6f815a,2025-10-01T11:51:20.237Z,POP,96,BLAS (Y EPI),H1,spanish,male,10-19,no
a8df4072-361a-48b3-8210-1f99a49b5e57,2025-10-01T11:51:14.439Z,PIEDRA,35,JADE,A1,spanish,male,10-19,no
1f97812b-edd0-40ee-9d7f-932d1b6f815a,2025-10-01T11:51:33.398Z,ENTORNO,58,ESTANQUE,N18,spanish,male,10-19,no
90008974-4d59-468b-bbb3-535f6a7c4649,2025-10-01T11:51:33.890Z,SUBJETIVO,71,ALEGRÍA,A10,spanish,female,10-19,no
a7482b21-0bc8-4b07-8348-387466387de8,2025-10-01T11:51:32.638Z,PLANTA,43,MALVA,C22,spanish,female,10-19,no
a8df4072-361a-48b3-8210-1f99a49b5e57,2025-10-01T11:51:38.461Z,PIEDRA,37,LAPISLÁZULI,M26,spanish,male,10-19,no
1f97812b-edd0-40ee-9d7f-932d1b6f815a,2025-10-01T11:51:43.117Z,COMESTIBLE,25,MANZANA,N8,spanish,male,10-19,no
a7482b21-0bc8-4b07-8348-387466387de8,2025-10-01T11:51:42.332Z,COMESTIBLE,21,COCO,I11,spanish,female,10-19,no
a8df4072-361a-48b3-8210-1f99a49b5e57,2025-10-01T11:51:46.612Z,ENTORNO,62,RAYO,I1,spanish,male,10-19,no
a7482b21-0bc8-4b07-8348-387466387de8,2025-10-01T11:51:50.451Z,ANIMAL,13,SAPO,N14,spanish,female,10-19,no
a8df4072-361a-48b3-8210-1f99a49b5e57,2025-10-01T11:51:56.029Z,ANIMAL,2,BALLENA,L24,spanish,male,10-19,no
a7482b21-0bc8-4b07-8348-387466387de8,2025-10-01T11:51:59.133Z,COMESTIBLE,17,CALABAZA,E6,spanish,female,10-19,no
1f97812b-edd0-40ee-9d7f-932d1b6f815a,2025-10-01T11:52:03.857Z,PLANTA,44,LAVANDA,D26,spanish,male,10-19,no
a8df4072-361a-48b3-8210-1f99a49b5e57,2025-10-01T11:52:04.566Z,COMESTIBLE,20,PEPINO,N13,spanish,male,10-19,no
a7482b21-0bc8-4b07-8348-387466387de8,2025-10-01T11:52:07.619Z,POP,83,TRACTOR,I2,spanish,female,10-19,no
a8df4072-361a-48b3-8210-1f99a49b5e57,2025-10-01T11:52:16.772Z,PLANTA,42,ALBAHACA,G8,spanish,male,10-19,no
1f97812b-edd0-40ee-9d7f-932d1b6f815a,2025-10-01T11:52:19.268Z,SUBJETIVO,80,ESPERANZA,N20,spanish,male,10-19,no
a7482b21-0bc8-4b07-8348-387466387de8,2025-10-01T11:52:16.940Z,PIEDRA,39,LADRILLO,B7,spanish,female,10-19,no
90008974-4d59-468b-bbb3-535f6a7c4649,2025-10-01T11:52:25.609Z,POP,92,GRINCH,N12,spanish,female,10-19,no
a8df4072-361a-48b3-8210-1f99a49b5e57,2025-10-01T11:52:25.328Z,PLANTA,46,TRIGO,F1,spanish,male,10-19,no
a7482b21-0bc8-4b07-8348-387466387de8,2025-10-01T11:52:29.982Z,SUBJETIVO,79,PRIMAVERA,F15,spanish,female,10-19,no
90008974-4d59-468b-bbb3-535f6a7c4649,2025-10-01T11:52:43.213Z,COMESTIBLE,19,UVA,D24,spanish,female,10-19,no
1f97812b-edd0-40ee-9d7f-932d1b6f815a,2025-10-01T11:52:45.534Z,PLANTA,42,ALBAHACA,M15,spanish,male,10-19,no
a8df4072-361a-48b3-8210-1f99a49b5e57,2025-10-01T11:52:44.087Z,COMESTIBLE,19,UVA,O11,spanish,male,10-19,no
a7482b21-0bc8-4b07-8348-387466387de8,2025-10-01T11:52:46.219Z,SUBJETIVO,75,TÓXICO,H2,spanish,female,10-19,no
1f97812b-edd0-40ee-9d7f-932d1b6f815a,2025-10-01T11:52:55.197Z,PIEDRA,39,LADRILLO,C9,spanish,male,10-19,no
90008974-4d59-468b-bbb3-535f6a7c4649,2025-10-01T11:53:00.519Z,PIEDRA,36,TEJA,K4,spanish,female,10-19,no
a7482b21-0bc8-4b07-8348-387466387de8,2025-10-01T11:53:03.209Z,PIEDRA,31,AMATISTA,N16,spanish,female,10-19,no
1f97812b-edd0-40ee-9d7f-932d1b6f815a,2025-10-01T11:53:05.666Z,SUBJETIVO,71,ALEGRÍA,I4,spanish,male,10-19,no
a8df4072-361a-48b3-8210-1f99a49b5e57,2025-10-01T11:53:17.931Z,SUBJETIVO,69,IRA,A9,spanish,male,10-19,no
90008974-4d59-468b-bbb3-535f6a7c4649,2025-10-01T11:53:20.936Z,ENTORNO,53,FUEGO,E5,spanish,female,10-19,no
1f97812b-edd0-40ee-9d7f-932d1b6f815a,2025-10-01T11:53:23.785Z,POP,81,FEMINISMO,A1,spanish,male,10-19,no
a8df4072-361a-48b3-8210-1f99a49b5e57,2025-10-01T11:53:26.699Z,POP,84,SONIC,L26,spanish,male,10-19,no
90008974-4d59-468b-bbb3-535f6a7c4649,2025-10-01T11:53:33.334Z,ANIMAL,5,ZORRO,C7,spanish,female,10-19,no
a8df4072-361a-48b3-8210-1f99a49b5e57,2025-10-01T11:53:36.905Z,POP,93,SIMPSON,H2,spanish,male,10-19,no
1f97812b-edd0-40ee-9d7f-932d1b6f815a,2025-10-01T11:53:45.096Z,PIEDRA,38,AMBAR,D6,spanish,male,10-19,no
90008974-4d59-468b-bbb3-535f6a7c4649,2025-10-01T11:53:46.304Z,COMESTIBLE,27,PLÁTANO,J1,spanish,female,10-19,no
90008974-4d59-468b-bbb3-535f6a7c4649,2025-10-01T11:53:56.726Z,PIEDRA,31,AMATISTA,I26,spanish,female,10-19,no
1f97812b-edd0-40ee-9d7f-932d1b6f815a,2025-10-01T11:53:55.370Z,ANIMAL,10,MARIQUITA,A25,spanish,male,10-19,no
1f97812b-edd0-40ee-9d7f-932d1b6f815a,2025-10-01T11:54:11.608Z,ANIMAL,2,BALLENA,N26,spanish,male,10-19,no
90008974-4d59-468b-bbb3-535f6a7c4649,2025-10-01T11:54:15.975Z,SUBJETIVO,66,SUEÑO,H29,spanish,female,10-19,no
90008974-4d59-468b-bbb3-535f6a7c4649,2025-10-01T11:54:26.678Z,PLANTA,41,GIRASOL,I4,spanish,female,10-19,no
90008974-4d59-468b-bbb3-535f6a7c4649,2025-10-01T11:54:35.398Z,POP,81,FEMINISMO,C27,spanish,female,10-19,no
90008974-4d59-468b-bbb3-535f6a7c4649,2025-10-01T11:54:45.565Z,ANIMAL,2,BALLENA,K25,spanish,female,10-19,no
90008974-4d59-468b-bbb3-535f6a7c4649,2025-10-01T11:54:55.329Z,ENTORNO,58,ESTANQUE,J24,spanish,female,10-19,no
90008974-4d59-468b-bbb3-535f6a7c4649,2025-10-01T11:55:04.154Z,PLANTA,48,CORAL,C10,spanish,female,10-19,no
0f37bf0f-7c56-40e9-9df5-5ecab59dd170,2025-10-01T11:56:03.029Z,COMESTIBLE,16,KIWI,A2,spanish,male,10-19,no
0f37bf0f-7c56-40e9-9df5-5ecab59dd170,2025-10-01T11:56:20.343Z,ENTORNO,58,ESTANQUE,O30,spanish,male,10-19,no
0f37bf0f-7c56-40e9-9df5-5ecab59dd170,2025-10-01T11:56:55.175Z,SUBJETIVO,70,ASCO,L13,spanish,male,10-19,no
0f37bf0f-7c56-40e9-9df5-5ecab59dd170,2025-10-01T11:57:37.076Z,ANIMAL,8,CERDO,B17,spanish,male,10-19,no
0f37bf0f-7c56-40e9-9df5-5ecab59dd170,2025-10-01T11:57:47.013Z,ENTORNO,52,PIEL,H11,spanish,male,10-19,no
0f37bf0f-7c56-40e9-9df5-5ecab59dd170,2025-10-01T11:57:57.738Z,PLANTA,44,LAVANDA,E17,spanish,male,10-19,no
0f37bf0f-7c56-40e9-9df5-5ecab59dd170,2025-10-01T11:58:10.995Z,PIEDRA,34,RUBÍ,A15,spanish,male,10-19,no
0f37bf0f-7c56-40e9-9df5-5ecab59dd170,2025-10-01T11:58:31.636Z,PLANTA,50,MADERA,A6,spanish,male,10-19,no
0f37bf0f-7c56-40e9-9df5-5ecab59dd170,2025-10-01T11:58:41.121Z,POP,82,SHRECK,O12,spanish,male,10-19,no
0f37bf0f-7c56-40e9-9df5-5ecab59dd170,2025-10-01T11:58:59.052Z,ANIMAL,12,AXOLOTE,H15,spanish,male,10-19,no
0f37bf0f-7c56-40e9-9df5-5ecab59dd170,2025-10-01T11:59:15.510Z,COMESTIBLE,29,REMOLACHA,B19,spanish,male,10-19,no
0f37bf0f-7c56-40e9-9df5-5ecab59dd170,2025-10-01T11:59:28.945Z,SUBJETIVO,76,VERANO,E7,spanish,male,10-19,no
0f37bf0f-7c56-40e9-9df5-5ecab59dd170,2025-10-01T11:59:39.312Z,POP,87,BARBIE,F15,spanish,male,10-19,no
0f37bf0f-7c56-40e9-9df5-5ecab59dd170,2025-10-01T11:59:53.249Z,PIEDRA,30,PERLA,I17,spanish,male,10-19,no
7e7d2a5f-af97-4dd9-a228-8915a3f0eb24,2025-10-01T12:15:18.535Z,ANIMAL,10,MARIQUITA,A13,spanish,male,10-19,no
8f6571c3-7181-41ac-8e18-5adf0fd81692,2025-10-01T12:16:05.770Z,SUBJETIVO,68,PAZ,A5,spanish,male,10-19,no
8f6571c3-7181-41ac-8e18-5adf0fd81692,2025-10-01T12:16:44.919Z,PIEDRA,39,LADRILLO,C10,spanish,male,10-19,no
8f6571c3-7181-41ac-8e18-5adf0fd81692,2025-10-01T12:16:52.541Z,PIEDRA,39,LADRILLO,C10,spanish,male,10-19,no
b07ebae2-e9fa-4777-9996-c470c88647ce,2025-10-01T15:18:46.541Z,SUBJETIVO,65,VERGÜENZA,N24,spanish,female,10-19,no
b07ebae2-e9fa-4777-9996-c470c88647ce,2025-10-01T15:19:17.704Z,ANIMAL,4,FLAMENCO,A11,spanish,female,10-19,no
b07ebae2-e9fa-4777-9996-c470c88647ce,2025-10-01T15:19:39.882Z,ANIMAL,3,PARDO,B4,spanish,female,10-19,no
b07ebae2-e9fa-4777-9996-c470c88647ce,2025-10-01T15:20:00.566Z,PLANTA,49,MENTA,O7,spanish,female,10-19,no
b07ebae2-e9fa-4777-9996-c470c88647ce,2025-10-01T15:21:29.359Z,PIEDRA,31,AMATISTA,E22,spanish,female,10-19,no
b07ebae2-e9fa-4777-9996-c470c88647ce,2025-10-01T15:22:12.472Z,POP,98,STITCH,K28,spanish,female,10-19,no
b07ebae2-e9fa-4777-9996-c470c88647ce,2025-10-01T15:23:03.100Z,COMESTIBLE,25,MANZANA,A15,spanish,female,10-19,no
b07ebae2-e9fa-4777-9996-c470c88647ce,2025-10-01T15:23:31.399Z,PIEDRA,36,TEJA,A9,spanish,female,10-19,no
b07ebae2-e9fa-4777-9996-c470c88647ce,2025-10-01T15:23:56.297Z,COMESTIBLE,14,LIMÓN,I3,spanish,female,10-19,no
b07ebae2-e9fa-4777-9996-c470c88647ce,2025-10-01T15:24:45.327Z,POP,84,SONIC,J29,spanish,female,10-19,no
b07ebae2-e9fa-4777-9996-c470c88647ce,2025-10-01T15:25:33.840Z,SUBJETIVO,66,SUEÑO,L25,spanish,female,10-19,no
b07ebae2-e9fa-4777-9996-c470c88647ce,2025-10-01T15:25:53.020Z,PLANTA,50,MADERA,B1,spanish,female,10-19,no
b07ebae2-e9fa-4777-9996-c470c88647ce,2025-10-01T15:26:39.105Z,ENTORNO,61,CIELO,L24,spanish,female,10-19,no
b07ebae2-e9fa-4777-9996-c470c88647ce,2025-10-01T15:27:08.897Z,ENTORNO,60,MUSGO,P4,spanish,female,10-19,no
0b5f458b-5806-415c-90b8-92588b90f4b1,2025-11-13T13:49:00.287Z,POP,84,SONIC,K25,spanish,female,20-29,no
ddc366e1-b9fb-4632-901a-bd022eec8864,2025-11-27T08:24:33.123Z,SUBJETIVO,77,OTOÑO,B5,spanish,female,20-29,no
ddc366e1-b9fb-4632-901a-bd022eec8864,2025-11-27T08:25:00.497Z,PIEDRA,39,LADRILLO,E5,spanish,female,20-29,no
ddc366e1-b9fb-4632-901a-bd022eec8864,2025-11-27T08:25:34.264Z,ANIMAL,12,AXOLOTE,N14,spanish,female,20-29,no
ddc366e1-b9fb-4632-901a-bd022eec8864,2025-11-27T08:25:50.399Z,COMESTIBLE,17,CALABAZA,E4,spanish,female,20-29,no
ddc366e1-b9fb-4632-901a-bd022eec8864,2025-11-27T08:26:21.094Z,ENTORNO,55,MARÍTIMO,N25,spanish,female,20-29,no
ddc366e1-b9fb-4632-901a-bd022eec8864,2025-11-27T08:26:53.587Z,COMESTIBLE,16,KIWI,P10,spanish,female,20-29,no
eea9a67a-8812-412b-9c6d-09fb95c6b80a,2025-11-27T08:34:43.850Z,PIEDRA,30,PERLA,J20,spanish,female,20-29,no
eea9a67a-8812-412b-9c6d-09fb95c6b80a,2025-11-27T08:34:59.330Z,ANIMAL,8,CERDO,H15,spanish,female,20-29,no
eea9a67a-8812-412b-9c6d-09fb95c6b80a,2025-11-27T08:35:16.879Z,POP,87,BARBIE,F15,spanish,female,20-29,no
eea9a67a-8812-412b-9c6d-09fb95c6b80a,2025-11-27T08:35:45.412Z,PLANTA,48,CORAL,I17,spanish,female,20-29,no
eea9a67a-8812-412b-9c6d-09fb95c6b80a,2025-11-27T08:36:16.346Z,POP,83,TRACTOR,A4,spanish,female,20-29,no
eea9a67a-8812-412b-9c6d-09fb95c6b80a,2025-11-27T08:36:26.017Z,PLANTA,44,LAVANDA,F20,spanish,female,20-29,no
eea9a67a-8812-412b-9c6d-09fb95c6b80a,2025-11-27T08:36:38.891Z,SUBJETIVO,70,ASCO,B1,spanish,female,20-29,no
eea9a67a-8812-412b-9c6d-09fb95c6b80a,2025-11-27T08:36:59.603Z,ANIMAL,12,AXOLOTE,A6,spanish,female,20-29,no
eea9a67a-8812-412b-9c6d-09fb95c6b80a,2025-11-27T08:37:18.962Z,ENTORNO,58,ESTANQUE,K23,spanish,female,20-29,no
eea9a67a-8812-412b-9c6d-09fb95c6b80a,2025-11-27T08:37:33.211Z,COMESTIBLE,19,UVA,F25,spanish,female,20-29,no
eea9a67a-8812-412b-9c6d-09fb95c6b80a,2025-11-27T08:37:43.915Z,COMESTIBLE,20,PEPINO,P10,spanish,female,20-29,no
eea9a67a-8812-412b-9c6d-09fb95c6b80a,2025-11-27T08:45:07.942Z,SUBJETIVO,80,ESPERANZA,L22,spanish,female,20-29,no
eea9a67a-8812-412b-9c6d-09fb95c6b80a,2025-11-27T08:45:23.846Z,ENTORNO,59,AMANECER,E8,spanish,female,20-29,no
eea9a67a-8812-412b-9c6d-09fb95c6b80a,2025-11-27T08:45:30.702Z,PIEDRA,39,LADRILLO,E8,spanish,female,20-29,no
4b670b0a-9797-426d-b80a-a3cba1f567ec,2025-11-27T09:01:57.154Z,PIEDRA,36,TEJA,B7,spanish,female,20-29,no
4b670b0a-9797-426d-b80a-a3cba1f567ec,2025-11-27T09:02:31.284Z,ANIMAL,10,MARIQUITA,A10,spanish,female,20-29,no
4b670b0a-9797-426d-b80a-a3cba1f567ec,2025-11-27T09:02:55.272Z,ENTORNO,54,ARENA,F7,spanish,female,20-29,no
9bd620a5-3080-477e-8d66-2ada040f4f5d,2025-11-27T09:10:32.415Z,PIEDRA,35,JADE,P16,spanish,female,20-29,no
9bd620a5-3080-477e-8d66-2ada040f4f5d,2025-11-27T09:10:55.419Z,PLANTA,42,ALBAHACA,M8,spanish,female,20-29,no
9bd620a5-3080-477e-8d66-2ada040f4f5d,2025-11-27T09:11:17.586Z,ENTORNO,59,AMANECER,G2,spanish,female,20-29,no
9bd620a5-3080-477e-8d66-2ada040f4f5d,2025-11-27T09:11:32.342Z,ANIMAL,1,SALMÓN,H15,spanish,female,20-29,no
9bd620a5-3080-477e-8d66-2ada040f4f5d,2025-11-27T09:11:56.689Z,POP,84,SONIC,N28,spanish,female,20-29,no
9bd620a5-3080-477e-8d66-2ada040f4f5d,2025-11-27T09:12:10.862Z,PLANTA,45,AMAPOLA,B13,spanish,female,20-29,no
9bd620a5-3080-477e-8d66-2ada040f4f5d,2025-11-27T09:12:30.664Z,SUBJETIVO,68,PAZ,I14,spanish,female,20-29,no
9bd620a5-3080-477e-8d66-2ada040f4f5d,2025-11-27T09:12:50.501Z,ENTORNO,54,ARENA,C2,spanish,female,20-29,no
9bd620a5-3080-477e-8d66-2ada040f4f5d,2025-11-27T09:13:07.548Z,COMESTIBLE,26,HUEVO,I16,spanish,female,20-29,no
9bd620a5-3080-477e-8d66-2ada040f4f5d,2025-11-27T09:13:20.076Z,COMESTIBLE,17,CALABAZA,F5,spanish,female,20-29,no
9bd620a5-3080-477e-8d66-2ada040f4f5d,2025-11-27T09:13:33.219Z,POP,90,BRUJERÍA,E27,spanish,female,20-29,no
9bd620a5-3080-477e-8d66-2ada040f4f5d,2025-11-27T09:13:43.841Z,PIEDRA,33,ORO,J4,spanish,female,20-29,no
9bd620a5-3080-477e-8d66-2ada040f4f5d,2025-11-27T09:13:56.005Z,ANIMAL,2,BALLENA,L26,spanish,female,20-29,no
9bd620a5-3080-477e-8d66-2ada040f4f5d,2025-11-27T09:14:14.895Z,SUBJETIVO,70,ASCO,C29,spanish,female,20-29,no
803806c3-62ab-4942-b6b2-34f0cd2dd5f6,2025-11-27T09:17:16.542Z,COMESTIBLE,16,KIWI,N9,spanish,female,20-29,no
378de17a-3875-4ad6-adc0-c185821a1b01,2025-11-27T09:17:28.940Z,PIEDRA,33,ORO,F3,spanish,male,20-29,no
378de17a-3875-4ad6-adc0-c185821a1b01,2025-11-27T09:17:57.688Z,ANIMAL,3,PARDO,A10,spanish,male,20-29,no
130f6b3a-d483-4097-aa92-745589b94539,2025-11-27T09:18:10.676Z,COMESTIBLE,21,COCO,A1,spanish,female,30-39,no
130f6b3a-d483-4097-aa92-745589b94539,2025-11-27T09:18:32.642Z,ENTORNO,61,CIELO,K21,spanish,female,30-39,no
378de17a-3875-4ad6-adc0-c185821a1b01,2025-11-27T09:18:36.925Z,COMESTIBLE,14,LIMÓN,K5,spanish,male,20-29,no
130f6b3a-d483-4097-aa92-745589b94539,2025-11-27T09:18:48.299Z,PLANTA,42,ALBAHACA,P10,spanish,female,30-39,no
378de17a-3875-4ad6-adc0-c185821a1b01,2025-11-27T09:19:30.654Z,ENTORNO,53,FUEGO,C8,spanish,male,20-29,no
130f6b3a-d483-4097-aa92-745589b94539,2025-11-27T09:19:34.595Z,POP,99,SUBMARINO,M28,spanish,female,30-39,no
130f6b3a-d483-4097-aa92-745589b94539,2025-11-27T09:19:52.094Z,ANIMAL,9,TIGRE,D2,spanish,female,30-39,no
130f6b3a-d483-4097-aa92-745589b94539,2025-11-27T09:20:03.014Z,ENTORNO,63,SANGRE,A6,spanish,female,30-39,no
130f6b3a-d483-4097-aa92-745589b94539,2025-11-27T09:20:16.617Z,PLANTA,46,TRIGO,D1,spanish,female,30-39,no
378de17a-3875-4ad6-adc0-c185821a1b01,2025-11-27T09:20:20.694Z,POP,94,FLASH,J4,spanish,male,20-29,no
130f6b3a-d483-4097-aa92-745589b94539,2025-11-27T09:20:26.509Z,PIEDRA,36,TEJA,C7,spanish,female,30-39,no
378de17a-3875-4ad6-adc0-c185821a1b01,2025-11-27T09:20:41.910Z,POP,97,PETER PAN,P11,spanish,male,20-29,no
130f6b3a-d483-4097-aa92-745589b94539,2025-11-27T09:20:41.411Z,ANIMAL,11,RANA,P11,spanish,female,30-39,no
130f6b3a-d483-4097-aa92-745589b94539,2025-11-27T09:20:53.626Z,COMESTIBLE,29,REMOLACHA,C30,spanish,female,30-39,no
378de17a-3875-4ad6-adc0-c185821a1b01,2025-11-27T09:20:58.993Z,PLANTA,43,MALVA,I12,spanish,male,20-29,no
130f6b3a-d483-4097-aa92-745589b94539,2025-11-27T09:21:24.021Z,PIEDRA,37,LAPISLÁZULI,K24,spanish,female,30-39,no
130f6b3a-d483-4097-aa92-745589b94539,2025-11-27T09:21:36.877Z,SUBJETIVO,78,INVIERNO,J21,spanish,female,30-39,no
378de17a-3875-4ad6-adc0-c185821a1b01,2025-11-27T09:21:48.448Z,PIEDRA,37,LAPISLÁZULI,G29,spanish,male,20-29,no
130f6b3a-d483-4097-aa92-745589b94539,2025-11-27T09:21:48.609Z,POP,93,SIMPSON,J4,spanish,female,30-39,no
130f6b3a-d483-4097-aa92-745589b94539,2025-11-27T09:22:01.930Z,SUBJETIVO,68,PAZ,I18,spanish,female,30-39,no
378de17a-3875-4ad6-adc0-c185821a1b01,2025-11-27T09:22:35.709Z,ANIMAL,11,RANA,P10,spanish,male,20-29,no
378de17a-3875-4ad6-adc0-c185821a1b01,2025-11-27T09:22:59.101Z,PLANTA,48,CORAL,C18,spanish,male,20-29,no
3aec33c1-8862-4910-85aa-492c566ec374,2025-11-27T09:23:07.961Z,ENTORNO,54,ARENA,I13,spanish,female,20-29,no
378de17a-3875-4ad6-adc0-c185821a1b01,2025-11-27T09:23:19.190Z,COMESTIBLE,27,PLÁTANO,K4,spanish,male,20-29,no
3aec33c1-8862-4910-85aa-492c566ec374,2025-11-27T09:23:32.272Z,POP,99,SUBMARINO,J2,spanish,female,20-29,no
378de17a-3875-4ad6-adc0-c185821a1b01,2025-11-27T09:23:36.468Z,SUBJETIVO,76,VERANO,F3,spanish,male,20-29,no
4bbe7517-5da1-4081-844c-18e8c583d1a3,2025-11-27T09:23:39.417Z,PLANTA,47,CLAVEL,J2,spanish,female,20-29,no
3aec33c1-8862-4910-85aa-492c566ec374,2025-11-27T09:23:56.032Z,PLANTA,47,CLAVEL,C16,spanish,female,20-29,no
4bbe7517-5da1-4081-844c-18e8c583d1a3,2025-11-27T09:24:01.113Z,SUBJETIVO,76,VERANO,L1,spanish,female,20-29,no
3aec33c1-8862-4910-85aa-492c566ec374,2025-11-27T09:24:08.916Z,PLANTA,42,ALBAHACA,P11,spanish,female,20-29,no
378de17a-3875-4ad6-adc0-c185821a1b01,2025-11-27T09:24:15.838Z,ENTORNO,51,HURACÁN,E26,spanish,male,20-29,no
3aec33c1-8862-4910-85aa-492c566ec374,2025-11-27T09:24:19.014Z,PIEDRA,33,ORO,I3,spanish,female,20-29,no
3aec33c1-8862-4910-85aa-492c566ec374,2025-11-27T09:24:29.439Z,COMESTIBLE,28,TOMATE,A9,spanish,female,20-29,no
4bbe7517-5da1-4081-844c-18e8c583d1a3,2025-11-27T09:24:35.622Z,POP,98,STITCH,M26,spanish,female,20-29,no
378de17a-3875-4ad6-adc0-c185821a1b01,2025-11-27T09:24:40.373Z,SUBJETIVO,80,ESPERANZA,N20,spanish,male,20-29,no
3aec33c1-8862-4910-85aa-492c566ec374,2025-11-27T09:24:43.161Z,COMESTIBLE,15,LIMA,N9,spanish,female,20-29,no
3aec33c1-8862-4910-85aa-492c566ec374,2025-11-27T09:24:56.435Z,ANIMAL,8,CERDO,E15,spanish,female,20-29,no
4bbe7517-5da1-4081-844c-18e8c583d1a3,2025-11-27T09:24:58.324Z,COMESTIBLE,14,LIMÓN,L1,spanish,female,20-29,no
3aec33c1-8862-4910-85aa-492c566ec374,2025-11-27T09:25:07.483Z,SUBJETIVO,67,ECOLOGÍA,P15,spanish,female,20-29,no
3aec33c1-8862-4910-85aa-492c566ec374,2025-11-27T09:25:19.584Z,PIEDRA,36,TEJA,A7,spanish,female,20-29,no
3aec33c1-8862-4910-85aa-492c566ec374,2025-11-27T09:25:31.376Z,ENTORNO,53,FUEGO,E8,spanish,female,20-29,no
3aec33c1-8862-4910-85aa-492c566ec374,2025-11-27T09:25:54.657Z,ANIMAL,1,SALMÓN,E13,spanish,female,20-29,no
3aec33c1-8862-4910-85aa-492c566ec374,2025-11-27T09:26:09.670Z,SUBJETIVO,66,SUEÑO,L25,spanish,female,20-29,no
3aec33c1-8862-4910-85aa-492c566ec374,2025-11-27T09:26:34.705Z,POP,84,SONIC,M30,spanish,female,20-29,no
53f403a9-1f8d-4904-8aed-89e0e9cf8ec5,2025-11-27T09:30:56.755Z,ENTORNO,53,FUEGO,E4,spanish,female,30-39,no
53f403a9-1f8d-4904-8aed-89e0e9cf8ec5,2025-11-27T09:32:28.359Z,ENTORNO,53,FUEGO,B13,spanish,female,30-39,no
d84c7526-86e1-4d48-8450-523e8a4b18ee,2025-11-27T09:45:59.978Z,COMESTIBLE,15,LIMA,M10,spanish,male,30-39,no
d84c7526-86e1-4d48-8450-523e8a4b18ee,2025-11-27T09:46:15.266Z,PLANTA,44,LAVANDA,F26,spanish,male,30-39,no
d84c7526-86e1-4d48-8450-523e8a4b18ee,2025-11-27T09:46:27.142Z,POP,94,FLASH,K6,spanish,male,30-39,no
d84c7526-86e1-4d48-8450-523e8a4b18ee,2025-11-27T09:46:37.660Z,ANIMAL,13,SAPO,P10,spanish,male,30-39,no
d84c7526-86e1-4d48-8450-523e8a4b18ee,2025-11-27T09:46:50.324Z,COMESTIBLE,20,PEPINO,P6,spanish,male,30-39,no
d84c7526-86e1-4d48-8450-523e8a4b18ee,2025-11-27T09:46:59.851Z,ENTORNO,64,ATARDECER,D8,spanish,male,30-39,no
d84c7526-86e1-4d48-8450-523e8a4b18ee,2025-11-27T09:47:19.568Z,SUBJETIVO,72,SOLEDAD,A1,spanish,male,30-39,no
d84c7526-86e1-4d48-8450-523e8a4b18ee,2025-11-27T09:47:31.719Z,PIEDRA,36,TEJA,B7,spanish,male,30-39,no
d84c7526-86e1-4d48-8450-523e8a4b18ee,2025-11-27T09:47:41.333Z,PIEDRA,34,RUBÍ,O18,spanish,male,30-39,no
d84c7526-86e1-4d48-8450-523e8a4b18ee,2025-11-27T09:47:50.721Z,PLANTA,45,AMAPOLA,J15,spanish,male,30-39,no
d84c7526-86e1-4d48-8450-523e8a4b18ee,2025-11-27T09:47:57.574Z,POP,86,HULK,P10,spanish,male,30-39,no
d84c7526-86e1-4d48-8450-523e8a4b18ee,2025-11-27T09:48:07.942Z,SUBJETIVO,69,IRA,A30,spanish,male,30-39,no
d84c7526-86e1-4d48-8450-523e8a4b18ee,2025-11-27T09:48:17.851Z,ANIMAL,7,CANARIO,I4,spanish,male,30-39,no
d84c7526-86e1-4d48-8450-523e8a4b18ee,2025-11-27T09:48:25.559Z,ENTORNO,55,MARÍTIMO,J30,spanish,male,30-39,no
0ef9f29e-c689-4d50-8cac-86d926dfc4d3,2025-11-27T13:14:40.863Z,COMESTIBLE,25,MANZANA,N11,spanish,female,30-39,no
0ef9f29e-c689-4d50-8cac-86d926dfc4d3,2025-11-27T13:15:03.073Z,SUBJETIVO,74,TRISTEZA,N29,spanish,female,30-39,no
0ef9f29e-c689-4d50-8cac-86d926dfc4d3,2025-11-27T13:15:14.410Z,ENTORNO,59,AMANECER,H3,spanish,female,30-39,no
0ef9f29e-c689-4d50-8cac-86d926dfc4d3,2025-11-27T13:15:30.146Z,SUBJETIVO,68,PAZ,J19,spanish,female,30-39,no
0ef9f29e-c689-4d50-8cac-86d926dfc4d3,2025-11-27T13:15:43.983Z,PIEDRA,32,ZAFIRO,O10,spanish,female,30-39,no
0ef9f29e-c689-4d50-8cac-86d926dfc4d3,2025-11-27T13:15:53.207Z,ANIMAL,8,CERDO,G14,spanish,female,30-39,no
0ef9f29e-c689-4d50-8cac-86d926dfc4d3,2025-11-27T13:16:08.404Z,POP,89,PITUFO,M26,spanish,female,30-39,no
0ef9f29e-c689-4d50-8cac-86d926dfc4d3,2025-11-27T13:16:24.457Z,ENTORNO,51,HURACÁN,C1,spanish,female,30-39,no
0ef9f29e-c689-4d50-8cac-86d926dfc4d3,2025-11-27T13:16:37.242Z,COMESTIBLE,24,MELOCOTÓN,G8,spanish,female,30-39,no
0ef9f29e-c689-4d50-8cac-86d926dfc4d3,2025-11-27T13:16:45.427Z,POP,99,SUBMARINO,K28,spanish,female,30-39,no
0ef9f29e-c689-4d50-8cac-86d926dfc4d3,2025-11-27T13:16:57.480Z,PIEDRA,39,LADRILLO,C5,spanish,female,30-39,no
0ef9f29e-c689-4d50-8cac-86d926dfc4d3,2025-11-27T13:17:09.147Z,PLANTA,48,CORAL,G15,spanish,female,30-39,no
0ef9f29e-c689-4d50-8cac-86d926dfc4d3,2025-11-27T13:17:18.364Z,PLANTA,43,MALVA,K22,spanish,female,30-39,no
0ef9f29e-c689-4d50-8cac-86d926dfc4d3,2025-11-27T13:17:33.603Z,ANIMAL,3,PARDO,H5,spanish,female,30-39,no
c8b8f617-5db2-41f5-99b6-b0d3a533088e,2025-11-27T19:02:57.414Z,COMESTIBLE,22,BERENJENA,D28,spanish,female,50-59,no
c8b8f617-5db2-41f5-99b6-b0d3a533088e,2025-11-27T19:03:17.148Z,ENTORNO,64,ATARDECER,F8,spanish,female,50-59,no
c8b8f617-5db2-41f5-99b6-b0d3a533088e,2025-11-27T19:03:58.611Z,ENTORNO,57,CÉSPED,K13,spanish,female,50-59,no
c8b8f617-5db2-41f5-99b6-b0d3a533088e,2025-11-27T19:04:16.933Z,SUBJETIVO,70,ASCO,G12,spanish,female,50-59,no
c8b8f617-5db2-41f5-99b6-b0d3a533088e,2025-11-27T19:04:28.999Z,SUBJETIVO,71,ALEGRÍA,F3,spanish,female,50-59,no
c8b8f617-5db2-41f5-99b6-b0d3a533088e,2025-11-27T19:04:38.899Z,PLANTA,43,MALVA,G20,spanish,female,50-59,no
c8b8f617-5db2-41f5-99b6-b0d3a533088e,2025-11-27T19:05:01.811Z,POP,95,MONST. GALLETA,J23,spanish,female,50-59,no
bd3a65f8-d857-4c85-a681-2ce6ec3efc37,2025-11-27T19:05:42.942Z,COMESTIBLE,27,PLÁTANO,J3,spanish,female,50-59,no
bd3a65f8-d857-4c85-a681-2ce6ec3efc37,2025-11-27T19:06:00.109Z,PIEDRA,30,PERLA,I16,spanish,female,50-59,no
bd3a65f8-d857-4c85-a681-2ce6ec3efc37,2025-11-27T19:06:19.722Z,ENTORNO,57,CÉSPED,L11,spanish,female,50-59,no
bd3a65f8-d857-4c85-a681-2ce6ec3efc37,2025-11-27T19:06:30.906Z,ANIMAL,10,MARIQUITA,B10,spanish,female,50-59,no
bd3a65f8-d857-4c85-a681-2ce6ec3efc37,2025-11-27T19:06:43.516Z,POP,92,GRINCH,O7,spanish,female,50-59,no
bd3a65f8-d857-4c85-a681-2ce6ec3efc37,2025-11-27T19:06:54.863Z,COMESTIBLE,22,BERENJENA,B27,spanish,female,50-59,no
bd3a65f8-d857-4c85-a681-2ce6ec3efc37,2025-11-27T19:07:05.069Z,ANIMAL,5,ZORRO,B3,spanish,female,50-59,no
bd3a65f8-d857-4c85-a681-2ce6ec3efc37,2025-11-27T19:07:17.871Z,ENTORNO,63,SANGRE,B11,spanish,female,50-59,no
bd3a65f8-d857-4c85-a681-2ce6ec3efc37,2025-11-27T19:07:28.872Z,PLANTA,49,MENTA,O5,spanish,female,50-59,no
bd3a65f8-d857-4c85-a681-2ce6ec3efc37,2025-11-27T19:07:41.250Z,POP,86,HULK,N13,spanish,female,50-59,no
bd3a65f8-d857-4c85-a681-2ce6ec3efc37,2025-11-27T19:07:52.281Z,SUBJETIVO,72,SOLEDAD,O29,spanish,female,50-59,no
bd3a65f8-d857-4c85-a681-2ce6ec3efc37,2025-11-27T19:08:03.302Z,SUBJETIVO,68,PAZ,O29,spanish,female,50-59,no
bd3a65f8-d857-4c85-a681-2ce6ec3efc37,2025-11-27T19:08:13.682Z,PLANTA,42,ALBAHACA,O20,spanish,female,50-59,no
bd3a65f8-d857-4c85-a681-2ce6ec3efc37,2025-11-27T19:08:25.498Z,PIEDRA,40,ESMERALDA,N10,spanish,female,50-59,no
60ed5053-f691-4e5c-b11c-d235cf9e5625,2025-11-27T20:47:51.697Z,ANIMAL,4,FLAMENCO,E16,spanish,female,60-69,no
60ed5053-f691-4e5c-b11c-d235cf9e5625,2025-11-27T20:48:12.713Z,PLANTA,45,AMAPOLA,E20,spanish,female,60-69,no
60ed5053-f691-4e5c-b11c-d235cf9e5625,2025-11-27T20:48:41.730Z,SUBJETIVO,66,SUEÑO,L14,spanish,female,60-69,no
60ed5053-f691-4e5c-b11c-d235cf9e5625,2025-11-27T20:48:58.693Z,PLANTA,41,GIRASOL,J4,spanish,female,60-69,no
60ed5053-f691-4e5c-b11c-d235cf9e5625,2025-11-27T20:49:14.263Z,ENTORNO,56,BARRO,C4,spanish,female,60-69,no
60ed5053-f691-4e5c-b11c-d235cf9e5625,2025-11-27T20:49:27.710Z,ANIMAL,7,CANARIO,K4,spanish,female,60-69,no
60ed5053-f691-4e5c-b11c-d235cf9e5625,2025-11-27T20:49:44.950Z,COMESTIBLE,24,MELOCOTÓN,F3,spanish,female,60-69,no
60ed5053-f691-4e5c-b11c-d235cf9e5625,2025-11-27T20:50:04.259Z,COMESTIBLE,26,HUEVO,I2,spanish,female,60-69,no
60ed5053-f691-4e5c-b11c-d235cf9e5625,2025-11-27T20:50:23.088Z,SUBJETIVO,68,PAZ,J18,spanish,female,60-69,no
60ed5053-f691-4e5c-b11c-d235cf9e5625,2025-11-27T20:50:37.449Z,PIEDRA,34,RUBÍ,C11,spanish,female,60-69,no
60ed5053-f691-4e5c-b11c-d235cf9e5625,2025-11-27T20:51:01.076Z,ENTORNO,51,HURACÁN,H29,spanish,female,60-69,no
60ed5053-f691-4e5c-b11c-d235cf9e5625,2025-11-27T20:51:20.052Z,PIEDRA,32,ZAFIRO,J24,spanish,female,60-69,no
60ed5053-f691-4e5c-b11c-d235cf9e5625,2025-11-27T20:51:36.947Z,POP,97,PETER PAN,N17,spanish,female,60-69,no
60ed5053-f691-4e5c-b11c-d235cf9e5625,2025-11-27T20:51:54.358Z,POP,92,GRINCH,P17,spanish,female,60-69,no
70031e4e-0610-409d-8203-d413bc64b8b8,2025-11-27T20:54:57.464Z,POP,81,FEMINISMO,I25,spanish,female,60-69,no
70031e4e-0610-409d-8203-d413bc64b8b8,2025-11-27T20:55:14.838Z,COMESTIBLE,24,MELOCOTÓN,E4,spanish,female,60-69,no
70031e4e-0610-409d-8203-d413bc64b8b8,2025-11-27T20:55:28.350Z,ANIMAL,8,CERDO,D17,spanish,female,60-69,no
70031e4e-0610-409d-8203-d413bc64b8b8,2025-11-27T20:55:56.116Z,PIEDRA,32,ZAFIRO,L25,spanish,female,60-69,no
70031e4e-0610-409d-8203-d413bc64b8b8,2025-11-27T20:56:17.115Z,SUBJETIVO,70,ASCO,C10,spanish,female,60-69,no
70031e4e-0610-409d-8203-d413bc64b8b8,2025-11-27T20:56:32.896Z,POP,88,COLORETE,B24,spanish,female,60-69,no
70031e4e-0610-409d-8203-d413bc64b8b8,2025-11-27T20:56:54.303Z,PIEDRA,33,ORO,D1,spanish,female,60-69,no
70031e4e-0610-409d-8203-d413bc64b8b8,2025-11-27T20:57:09.212Z,ANIMAL,1,SALMÓN,E5,spanish,female,60-69,no
70031e4e-0610-409d-8203-d413bc64b8b8,2025-11-27T20:57:27.702Z,ENTORNO,59,AMANECER,O29,spanish,female,60-69,no
70031e4e-0610-409d-8203-d413bc64b8b8,2025-11-27T20:57:42.954Z,PLANTA,47,CLAVEL,A18,spanish,female,60-69,no
70031e4e-0610-409d-8203-d413bc64b8b8,2025-11-27T20:57:54.064Z,ENTORNO,52,PIEL,A3,spanish,female,60-69,no
70031e4e-0610-409d-8203-d413bc64b8b8,2025-11-27T20:58:09.363Z,COMESTIBLE,27,PLÁTANO,H2,spanish,female,60-69,no
70031e4e-0610-409d-8203-d413bc64b8b8,2025-11-27T20:58:29.895Z,SUBJETIVO,65,VERGÜENZA,L24,spanish,female,60-69,no
70031e4e-0610-409d-8203-d413bc64b8b8,2025-11-27T20:58:42.649Z,PLANTA,45,AMAPOLA,A17,spanish,female,60-69,no
a7ab109d-36e4-4894-ae38-c74443e1381c,2025-11-27T21:26:53.891Z,ENTORNO,51,HURACÁN,G29,spanish,female,60-69,no
a7ab109d-36e4-4894-ae38-c74443e1381c,2025-11-27T21:27:13.357Z,SUBJETIVO,80,ESPERANZA,N16,spanish,female,60-69,no
a7ab109d-36e4-4894-ae38-c74443e1381c,2025-11-27T21:27:21.526Z,PLANTA,44,LAVANDA,B23,spanish,female,60-69,no
a7ab109d-36e4-4894-ae38-c74443e1381c,2025-11-27T21:27:31.011Z,COMESTIBLE,24,MELOCOTÓN,F12,spanish,female,60-69,no
a7ab109d-36e4-4894-ae38-c74443e1381c,2025-11-27T21:27:39.829Z,ENTORNO,52,PIEL,E2,spanish,female,60-69,no
a7ab109d-36e4-4894-ae38-c74443e1381c,2025-11-27T21:27:47.997Z,SUBJETIVO,65,VERGÜENZA,B14,spanish,female,60-69,no
a7ab109d-36e4-4894-ae38-c74443e1381c,2025-11-27T21:27:59.782Z,PIEDRA,31,AMATISTA,K26,spanish,female,60-69,no
a7ab109d-36e4-4894-ae38-c74443e1381c,2025-11-27T21:28:09.200Z,POP,88,COLORETE,G13,spanish,female,60-69,no
a7ab109d-36e4-4894-ae38-c74443e1381c,2025-11-27T21:28:19.168Z,POP,92,GRINCH,O15,spanish,female,60-69,no
a7ab109d-36e4-4894-ae38-c74443e1381c,2025-11-27T21:28:25.303Z,ANIMAL,6,GRILLO,O10,spanish,female,60-69,no
a7ab109d-36e4-4894-ae38-c74443e1381c,2025-11-27T21:28:31.887Z,ANIMAL,7,CANARIO,K3,spanish,female,60-69,no
a7ab109d-36e4-4894-ae38-c74443e1381c,2025-11-27T21:28:38.354Z,PIEDRA,39,LADRILLO,D7,spanish,female,60-69,no
a7ab109d-36e4-4894-ae38-c74443e1381c,2025-11-27T21:28:44.339Z,PLANTA,46,TRIGO,J3,spanish,female,60-69,no
a7ab109d-36e4-4894-ae38-c74443e1381c,2025-11-27T21:28:51.124Z,COMESTIBLE,23,ESPÁRRAGO,P22,spanish,female,60-69,no
6cf5d246-3649-47bc-a7d5-2a6a96f98409,2025-11-27T22:33:47.453Z,PLANTA,50,MADERA,A1,spanish,female,60-69,no
6cf5d246-3649-47bc-a7d5-2a6a96f98409,2025-11-27T22:34:29.116Z,SUBJETIVO,68,PAZ,L23,spanish,female,60-69,no
6cf5d246-3649-47bc-a7d5-2a6a96f98409,2025-11-27T22:35:39.415Z,ENTORNO,63,SANGRE,A10,spanish,female,60-69,no
6cf5d246-3649-47bc-a7d5-2a6a96f98409,2025-11-27T22:36:06.326Z,ANIMAL,5,ZORRO,B4,spanish,female,60-69,no
6cf5d246-3649-47bc-a7d5-2a6a96f98409,2025-11-27T22:36:29.338Z,ENTORNO,59,AMANECER,I21,spanish,female,60-69,no
6cf5d246-3649-47bc-a7d5-2a6a96f98409,2025-11-27T22:36:51.112Z,PIEDRA,39,LADRILLO,I16,spanish,female,60-69,no
6cf5d246-3649-47bc-a7d5-2a6a96f98409,2025-11-27T22:37:03.887Z,POP,99,SUBMARINO,I3,spanish,female,60-69,no
6cf5d246-3649-47bc-a7d5-2a6a96f98409,2025-11-27T22:37:22.251Z,PIEDRA,40,ESMERALDA,N12,spanish,female,60-69,no
6cf5d246-3649-47bc-a7d5-2a6a96f98409,2025-11-27T22:37:36.899Z,SUBJETIVO,76,VERANO,I3,spanish,female,60-69,no
6cf5d246-3649-47bc-a7d5-2a6a96f98409,2025-11-27T22:37:47.436Z,POP,89,PITUFO,F23,spanish,female,60-69,no
6cf5d246-3649-47bc-a7d5-2a6a96f98409,2025-11-27T22:38:02.888Z,COMESTIBLE,25,MANZANA,B10,spanish,female,60-69,no
6cf5d246-3649-47bc-a7d5-2a6a96f98409,2025-11-27T22:38:16.684Z,ANIMAL,11,RANA,N14,spanish,female,60-69,no
6cf5d246-3649-47bc-a7d5-2a6a96f98409,2025-11-27T22:38:31.643Z,COMESTIBLE,19,UVA,N11,spanish,female,60-69,no
6cf5d246-3649-47bc-a7d5-2a6a96f98409,2025-11-27T22:38:48.827Z,PLANTA,47,CLAVEL,C14,spanish,female,60-69,no
03767729-31b0-4730-a91d-bd2e96c6d77b,2025-11-28T06:04:41.014Z,ENTORNO,61,CIELO,I21,spanish,female,60-69,no
03767729-31b0-4730-a91d-bd2e96c6d77b,2025-11-28T06:07:16.056Z,POP,96,BLAS (Y EPI),C15,spanish,female,60-69,no
03767729-31b0-4730-a91d-bd2e96c6d77b,2025-11-28T06:08:02.794Z,PIEDRA,30,PERLA,L4,spanish,female,60-69,no
03767729-31b0-4730-a91d-bd2e96c6d77b,2025-11-28T06:08:31.498Z,ENTORNO,63,SANGRE,B16,spanish,female,60-69,no
03767729-31b0-4730-a91d-bd2e96c6d77b,2025-11-28T06:09:18.240Z,ANIMAL,8,CERDO,F15,spanish,female,60-69,no
03767729-31b0-4730-a91d-bd2e96c6d77b,2025-11-28T06:09:40.217Z,PLANTA,50,MADERA,B4,spanish,female,60-69,no
03767729-31b0-4730-a91d-bd2e96c6d77b,2025-11-28T06:09:58.535Z,PLANTA,41,GIRASOL,I4,spanish,female,60-69,no
03767729-31b0-4730-a91d-bd2e96c6d77b,2025-11-28T06:10:17.427Z,POP,87,BARBIE,F15,spanish,female,60-69,no
03767729-31b0-4730-a91d-bd2e96c6d77b,2025-11-28T06:10:52.583Z,COMESTIBLE,19,UVA,P18,spanish,female,60-69,no
03767729-31b0-4730-a91d-bd2e96c6d77b,2025-11-28T06:11:23.754Z,SUBJETIVO,65,VERGÜENZA,E15,spanish,female,60-69,no
03767729-31b0-4730-a91d-bd2e96c6d77b,2025-11-28T06:11:46.289Z,SUBJETIVO,78,INVIERNO,L26,spanish,female,60-69,no
03767729-31b0-4730-a91d-bd2e96c6d77b,2025-11-28T06:12:00.812Z,COMESTIBLE,14,LIMÓN,N5,spanish,female,60-69,no
03767729-31b0-4730-a91d-bd2e96c6d77b,2025-11-28T06:12:38.256Z,PIEDRA,31,AMATISTA,J23,spanish,female,60-69,no
03767729-31b0-4730-a91d-bd2e96c6d77b,2025-11-28T06:12:53.369Z,ANIMAL,2,BALLENA,H28,spanish,female,60-69,no
b6534228-d03f-46b7-80f5-f9bb89c94ff7,2025-12-01T10:02:51.150Z,SUBJETIVO,77,OTOÑO,C5,spanish,male,40-49,no
b6534228-d03f-46b7-80f5-f9bb89c94ff7,2025-12-01T10:03:23.149Z,PIEDRA,30,PERLA,J18,spanish,male,40-49,no
b6534228-d03f-46b7-80f5-f9bb89c94ff7,2025-12-01T10:03:35.668Z,POP,86,HULK,O15,spanish,male,40-49,no
b6534228-d03f-46b7-80f5-f9bb89c94ff7,2025-12-01T10:03:53.333Z,COMESTIBLE,24,MELOCOTÓN,F5,spanish,male,40-49,no
b6534228-d03f-46b7-80f5-f9bb89c94ff7,2025-12-01T10:04:09.781Z,ENTORNO,55,MARÍTIMO,M26,spanish,male,40-49,no
b6534228-d03f-46b7-80f5-f9bb89c94ff7,2025-12-01T10:04:29.301Z,PLANTA,48,CORAL,G16,spanish,male,40-49,no
b6534228-d03f-46b7-80f5-f9bb89c94ff7,2025-12-01T10:04:46.012Z,ENTORNO,53,FUEGO,B9,spanish,male,40-49,no
b6534228-d03f-46b7-80f5-f9bb89c94ff7,2025-12-01T10:04:59.467Z,ANIMAL,11,RANA,N8,spanish,male,40-49,no
b6534228-d03f-46b7-80f5-f9bb89c94ff7,2025-12-01T10:05:09.163Z,POP,97,PETER PAN,O11,spanish,male,40-49,no
b6534228-d03f-46b7-80f5-f9bb89c94ff7,2025-12-01T10:05:18.115Z,PLANTA,50,MADERA,C2,spanish,male,40-49,no
b6534228-d03f-46b7-80f5-f9bb89c94ff7,2025-12-01T10:05:35.427Z,SUBJETIVO,75,TÓXICO,L1,spanish,male,40-49,no
b6534228-d03f-46b7-80f5-f9bb89c94ff7,2025-12-01T10:05:47.291Z,PIEDRA,33,ORO,I1,spanish,male,40-49,no
b6534228-d03f-46b7-80f5-f9bb89c94ff7,2025-12-01T10:06:01.539Z,COMESTIBLE,25,MANZANA,J5,spanish,male,40-49,no
b6534228-d03f-46b7-80f5-f9bb89c94ff7,2025-12-01T10:06:16.819Z,ANIMAL,9,TIGRE,E4,spanish,male,40-49,no
8fe140bd-08a6-4cf2-87f0-69b6a0a09174,2025-12-01T10:10:43.972Z,SUBJETIVO,69,IRA,B9,spanish,male,40-49,no
3aa5cc16-353b-4e7d-b0b0-811f00b75674,2025-12-01T10:48:48.240Z,ANIMAL,11,RANA,J16,spanish,female,10-19,no
17948565-e270-400e-b117-8c810d1512ca,2025-12-01T10:49:01.170Z,ENTORNO,63,SANGRE,A13,spanish,female,10-19,no
1777732f-e21f-4462-89f3-60d79128edc9,2025-12-01T10:49:07.407Z,COMESTIBLE,18,CALABACÍN,O10,spanish,female,10-19,no
9a02bd06-e87b-47a3-99a9-6c01e2ee2221,2025-12-01T10:49:07.795Z,ENTORNO,57,CÉSPED,O14,spanish,male,10-19,no
3aa5cc16-353b-4e7d-b0b0-811f00b75674,2025-12-01T10:49:09.549Z,SUBJETIVO,72,SOLEDAD,L2,spanish,female,10-19,no
43f082d2-6031-4c3d-8f9e-9368d2b64c45,2025-12-01T10:49:20.375Z,PLANTA,47,CLAVEL,P11,spanish,male,10-19,no
cadc8f12-9407-40f8-bd60-ddadfbcf11a4,2025-12-01T10:49:25.236Z,SUBJETIVO,75,TÓXICO,M6,spanish,male,10-19,no
17948565-e270-400e-b117-8c810d1512ca,2025-12-01T10:49:21.523Z,ENTORNO,53,FUEGO,B8,spanish,female,10-19,no
9a02bd06-e87b-47a3-99a9-6c01e2ee2221,2025-12-01T10:49:24.591Z,PLANTA,42,ALBAHACA,O9,spanish,male,10-19,no
1777732f-e21f-4462-89f3-60d79128edc9,2025-12-01T10:49:26.073Z,ANIMAL,4,FLAMENCO,C16,spanish,female,10-19,no
3aa5cc16-353b-4e7d-b0b0-811f00b75674,2025-12-01T10:49:30.468Z,POP,97,PETER PAN,O8,spanish,female,10-19,no
9a02bd06-e87b-47a3-99a9-6c01e2ee2221,2025-12-01T10:49:36.035Z,ENTORNO,64,ATARDECER,E5,spanish,male,10-19,no
cadc8f12-9407-40f8-bd60-ddadfbcf11a4,2025-12-01T10:49:46.900Z,POP,87,BARBIE,C16,spanish,male,10-19,no
59bd2a65-8dbd-478d-9d95-183b521507fb,2025-12-01T10:49:45.569Z,POP,90,BRUJERÍA,F16,spanish,male,10-19,no
ec74b710-6c81-469a-a1c4-4076d90d600f,2025-12-01T10:49:44.953Z,PIEDRA,36,TEJA,H18,spanish,male,10-19,no
9a02bd06-e87b-47a3-99a9-6c01e2ee2221,2025-12-01T10:49:48.048Z,ANIMAL,8,CERDO,F15,spanish,male,10-19,no
1777732f-e21f-4462-89f3-60d79128edc9,2025-12-01T10:49:51.989Z,SUBJETIVO,75,TÓXICO,M3,spanish,female,10-19,no
3aa5cc16-353b-4e7d-b0b0-811f00b75674,2025-12-01T10:49:55.453Z,ENTORNO,55,MARÍTIMO,L28,spanish,female,10-19,no
cadc8f12-9407-40f8-bd60-ddadfbcf11a4,2025-12-01T10:49:58.206Z,PLANTA,48,CORAL,M24,spanish,male,10-19,no
9a02bd06-e87b-47a3-99a9-6c01e2ee2221,2025-12-01T10:49:58.817Z,ANIMAL,5,ZORRO,E8,spanish,male,10-19,no
1777732f-e21f-4462-89f3-60d79128edc9,2025-12-01T10:50:05.722Z,ENTORNO,61,CIELO,K21,spanish,female,10-19,no
cadc8f12-9407-40f8-bd60-ddadfbcf11a4,2025-12-01T10:50:07.466Z,ENTORNO,62,RAYO,J2,spanish,male,10-19,no
3aa5cc16-353b-4e7d-b0b0-811f00b75674,2025-12-01T10:50:07.076Z,PIEDRA,34,RUBÍ,M20,spanish,female,10-19,no
9a02bd06-e87b-47a3-99a9-6c01e2ee2221,2025-12-01T10:50:09.219Z,PIEDRA,40,ESMERALDA,C18,spanish,male,10-19,no
9a02bd06-e87b-47a3-99a9-6c01e2ee2221,2025-12-01T10:50:20.483Z,SUBJETIVO,79,PRIMAVERA,O17,spanish,male,10-19,no
3aa5cc16-353b-4e7d-b0b0-811f00b75674,2025-12-01T10:50:23.692Z,ENTORNO,64,ATARDECER,F5,spanish,female,10-19,no
cadc8f12-9407-40f8-bd60-ddadfbcf11a4,2025-12-01T10:50:25.700Z,COMESTIBLE,21,COCO,B4,spanish,male,10-19,no
9a02bd06-e87b-47a3-99a9-6c01e2ee2221,2025-12-01T10:50:30.293Z,POP,94,FLASH,A12,spanish,male,10-19,no
1777732f-e21f-4462-89f3-60d79128edc9,2025-12-01T10:50:32.406Z,PIEDRA,35,JADE,M18,spanish,female,10-19,no
3aa5cc16-353b-4e7d-b0b0-811f00b75674,2025-12-01T10:50:31.807Z,ANIMAL,6,GRILLO,P11,spanish,female,10-19,no
cadc8f12-9407-40f8-bd60-ddadfbcf11a4,2025-12-01T10:50:36.031Z,SUBJETIVO,65,VERGÜENZA,B12,spanish,male,10-19,no
ec74b710-6c81-469a-a1c4-4076d90d600f,2025-12-01T10:50:35.429Z,ANIMAL,13,SAPO,O13,spanish,male,10-19,no
f8f914a3-090c-4aae-8b08-69f10fad6bd1,2025-12-01T10:50:36.568Z,PLANTA,50,MADERA,B1,spanish,male,10-19,no
1777732f-e21f-4462-89f3-60d79128edc9,2025-12-01T10:50:39.621Z,COMESTIBLE,28,TOMATE,A13,spanish,female,10-19,no
9a02bd06-e87b-47a3-99a9-6c01e2ee2221,2025-12-01T10:50:39.453Z,POP,84,SONIC,M25,spanish,male,10-19,no
cadc8f12-9407-40f8-bd60-ddadfbcf11a4,2025-12-01T10:50:45.305Z,COMESTIBLE,24,MELOCOTÓN,F6,spanish,male,10-19,no
3aa5cc16-353b-4e7d-b0b0-811f00b75674,2025-12-01T10:50:43.909Z,COMESTIBLE,15,LIMA,L9,spanish,female,10-19,no
9a02bd06-e87b-47a3-99a9-6c01e2ee2221,2025-12-01T10:50:48.280Z,SUBJETIVO,76,VERANO,E9,spanish,male,10-19,no
1777732f-e21f-4462-89f3-60d79128edc9,2025-12-01T10:50:48.439Z,ANIMAL,8,CERDO,G15,spanish,female,10-19,no
ec74b710-6c81-469a-a1c4-4076d90d600f,2025-12-01T10:50:51.441Z,POP,87,BARBIE,C16,spanish,male,10-19,no
f8f914a3-090c-4aae-8b08-69f10fad6bd1,2025-12-01T10:50:51.937Z,SUBJETIVO,71,ALEGRÍA,J1,spanish,male,10-19,no
cadc8f12-9407-40f8-bd60-ddadfbcf11a4,2025-12-01T10:50:54.103Z,PLANTA,46,TRIGO,I7,spanish,male,10-19,no
3aa5cc16-353b-4e7d-b0b0-811f00b75674,2025-12-01T10:50:55.623Z,PLANTA,47,CLAVEL,B17,spanish,female,10-19,no
9a02bd06-e87b-47a3-99a9-6c01e2ee2221,2025-12-01T10:50:59.067Z,PLANTA,44,LAVANDA,D25,spanish,male,10-19,no
f8f914a3-090c-4aae-8b08-69f10fad6bd1,2025-12-01T10:51:00.811Z,ENTORNO,53,FUEGO,B9,spanish,male,10-19,no
cadc8f12-9407-40f8-bd60-ddadfbcf11a4,2025-12-01T10:51:04.226Z,PIEDRA,33,ORO,J2,spanish,male,10-19,no
1777732f-e21f-4462-89f3-60d79128edc9,2025-12-01T10:51:03.989Z,SUBJETIVO,78,INVIERNO,K21,spanish,female,10-19,no
3aa5cc16-353b-4e7d-b0b0-811f00b75674,2025-12-01T10:51:04.323Z,POP,89,PITUFO,M30,spanish,female,10-19,no
9a02bd06-e87b-47a3-99a9-6c01e2ee2221,2025-12-01T10:51:07.109Z,PIEDRA,34,RUBÍ,C18,spanish,male,10-19,no
ec74b710-6c81-469a-a1c4-4076d90d600f,2025-12-01T10:51:08.905Z,SUBJETIVO,66,SUEÑO,K20,spanish,male,10-19,no
cadc8f12-9407-40f8-bd60-ddadfbcf11a4,2025-12-01T10:51:12.165Z,ANIMAL,11,RANA,O8,spanish,male,10-19,no
f8f914a3-090c-4aae-8b08-69f10fad6bd1,2025-12-01T10:51:12.490Z,COMESTIBLE,25,MANZANA,N10,spanish,male,10-19,no
1777732f-e21f-4462-89f3-60d79128edc9,2025-12-01T10:51:14.341Z,PLANTA,42,ALBAHACA,O11,spanish,female,10-19,no
cadc8f12-9407-40f8-bd60-ddadfbcf11a4,2025-12-01T10:51:19.598Z,ENTORNO,59,AMANECER,E6,spanish,male,10-19,no
3aa5cc16-353b-4e7d-b0b0-811f00b75674,2025-12-01T10:51:18.289Z,COMESTIBLE,17,CALABAZA,D6,spanish,female,10-19,no
ec74b710-6c81-469a-a1c4-4076d90d600f,2025-12-01T10:51:17.898Z,COMESTIBLE,20,PEPINO,P10,spanish,male,10-19,no
1777732f-e21f-4462-89f3-60d79128edc9,2025-12-01T10:51:21.440Z,POP,85,PIKACHU,J3,spanish,female,10-19,no
f8f914a3-090c-4aae-8b08-69f10fad6bd1,2025-12-01T10:51:24.519Z,POP,95,MONST. GALLETA,I29,spanish,male,10-19,no
ec74b710-6c81-469a-a1c4-4076d90d600f,2025-12-01T10:51:29.134Z,COMESTIBLE,18,CALABACÍN,P10,spanish,male,10-19,no
cadc8f12-9407-40f8-bd60-ddadfbcf11a4,2025-12-01T10:51:31.907Z,ANIMAL,5,ZORRO,E3,spanish,male,10-19,no
1777732f-e21f-4462-89f3-60d79128edc9,2025-12-01T10:51:30.457Z,PIEDRA,36,TEJA,C5,spanish,female,10-19,no
9a02bd06-e87b-47a3-99a9-6c01e2ee2221,2025-12-01T10:51:33.029Z,COMESTIBLE,23,ESPÁRRAGO,N15,spanish,male,10-19,no
3aa5cc16-353b-4e7d-b0b0-811f00b75674,2025-12-01T10:51:29.055Z,PIEDRA,30,PERLA,I18,spanish,female,10-19,no
cadc8f12-9407-40f8-bd60-ddadfbcf11a4,2025-12-01T10:51:39.643Z,POP,94,FLASH,B12,spanish,male,10-19,no
ec74b710-6c81-469a-a1c4-4076d90d600f,2025-12-01T10:51:40.656Z,PLANTA,46,TRIGO,F3,spanish,male,10-19,no
f8f914a3-090c-4aae-8b08-69f10fad6bd1,2025-12-01T10:51:40.865Z,COMESTIBLE,18,CALABACÍN,N13,spanish,male,10-19,no
1777732f-e21f-4462-89f3-60d79128edc9,2025-12-01T10:51:40.739Z,ENTORNO,58,ESTANQUE,M29,spanish,female,10-19,no
cadc8f12-9407-40f8-bd60-ddadfbcf11a4,2025-12-01T10:51:46.943Z,PIEDRA,38,AMBAR,E5,spanish,male,10-19,no
3aa5cc16-353b-4e7d-b0b0-811f00b75674,2025-12-01T10:51:47.688Z,SUBJETIVO,76,VERANO,J5,spanish,female,10-19,no
9a02bd06-e87b-47a3-99a9-6c01e2ee2221,2025-12-01T10:51:49.766Z,COMESTIBLE,26,HUEVO,L5,spanish,male,10-19,no
ec74b710-6c81-469a-a1c4-4076d90d600f,2025-12-01T10:51:50.326Z,ENTORNO,60,MUSGO,P11,spanish,male,10-19,no
1777732f-e21f-4462-89f3-60d79128edc9,2025-12-01T10:51:53.573Z,POP,93,SIMPSON,J4,spanish,female,10-19,no
3aa5cc16-353b-4e7d-b0b0-811f00b75674,2025-12-01T10:51:54.536Z,PLANTA,49,MENTA,O15,spanish,female,10-19,no
f8f914a3-090c-4aae-8b08-69f10fad6bd1,2025-12-01T10:52:01.954Z,ANIMAL,8,CERDO,B12,spanish,male,10-19,no
1777732f-e21f-4462-89f3-60d79128edc9,2025-12-01T10:52:07.073Z,PLANTA,45,AMAPOLA,A13,spanish,female,10-19,no
f8f914a3-090c-4aae-8b08-69f10fad6bd1,2025-12-01T10:52:10.221Z,PIEDRA,35,JADE,N18,spanish,male,10-19,no
ec74b710-6c81-469a-a1c4-4076d90d600f,2025-12-01T10:52:13.704Z,PIEDRA,32,ZAFIRO,M25,spanish,male,10-19,no
6e4b25d7-a5ea-4a8d-a337-b4448e3e46d3,2025-12-01T10:52:07.586Z,COMESTIBLE,14,LIMÓN,L2,spanish,male,10-19,no
ec74b710-6c81-469a-a1c4-4076d90d600f,2025-12-01T10:52:22.532Z,ENTORNO,62,RAYO,J3,spanish,male,10-19,no
f8f914a3-090c-4aae-8b08-69f10fad6bd1,2025-12-01T10:52:26.995Z,POP,88,COLORETE,E12,spanish,male,10-19,no
f8f914a3-090c-4aae-8b08-69f10fad6bd1,2025-12-01T10:52:34.109Z,PLANTA,48,CORAL,B10,spanish,male,10-19,no
6e4b25d7-a5ea-4a8d-a337-b4448e3e46d3,2025-12-01T10:52:39.273Z,PIEDRA,37,LAPISLÁZULI,N30,spanish,male,10-19,no
f8f914a3-090c-4aae-8b08-69f10fad6bd1,2025-12-01T10:52:55.013Z,ENTORNO,57,CÉSPED,N7,spanish,male,10-19,no
6e4b25d7-a5ea-4a8d-a337-b4448e3e46d3,2025-12-01T10:52:59.561Z,POP,82,SHRECK,K7,spanish,male,10-19,no
f8f914a3-090c-4aae-8b08-69f10fad6bd1,2025-12-01T10:53:03.108Z,ANIMAL,11,RANA,N13,spanish,male,10-19,no
ec74b710-6c81-469a-a1c4-4076d90d600f,2025-12-01T10:53:06.752Z,ANIMAL,6,GRILLO,C1,spanish,male,10-19,no
6e4b25d7-a5ea-4a8d-a337-b4448e3e46d3,2025-12-01T10:53:10.415Z,SUBJETIVO,69,IRA,C9,spanish,male,10-19,no
f8f914a3-090c-4aae-8b08-69f10fad6bd1,2025-12-01T10:53:12.216Z,PIEDRA,31,AMATISTA,D24,spanish,male,10-19,no
652de209-2153-4640-ac16-9a7ad44f3e62,2025-12-01T10:53:16.865Z,POP,98,STITCH,J26,spanish,male,10-19,no
ec74b710-6c81-469a-a1c4-4076d90d600f,2025-12-01T10:53:18.856Z,PLANTA,42,ALBAHACA,O15,spanish,male,10-19,no
f8f914a3-090c-4aae-8b08-69f10fad6bd1,2025-12-01T10:53:18.518Z,SUBJETIVO,77,OTOÑO,D6,spanish,male,10-19,no
6e4b25d7-a5ea-4a8d-a337-b4448e3e46d3,2025-12-01T10:53:20.985Z,ANIMAL,9,TIGRE,F3,spanish,male,10-19,no
ec74b710-6c81-469a-a1c4-4076d90d600f,2025-12-01T10:53:28.982Z,SUBJETIVO,65,VERGÜENZA,E7,spanish,male,10-19,no
6e4b25d7-a5ea-4a8d-a337-b4448e3e46d3,2025-12-01T10:53:29.036Z,COMESTIBLE,27,PLÁTANO,I5,spanish,male,10-19,no
ec74b710-6c81-469a-a1c4-4076d90d600f,2025-12-01T10:53:35.423Z,POP,86,HULK,O16,spanish,male,10-19,no
6e4b25d7-a5ea-4a8d-a337-b4448e3e46d3,2025-12-01T10:53:39.000Z,ENTORNO,62,RAYO,K2,spanish,male,10-19,no
6e4b25d7-a5ea-4a8d-a337-b4448e3e46d3,2025-12-01T10:53:50.214Z,ENTORNO,57,CÉSPED,L12,spanish,male,10-19,no
6e4b25d7-a5ea-4a8d-a337-b4448e3e46d3,2025-12-01T10:53:57.930Z,PLANTA,44,LAVANDA,J25,spanish,male,10-19,no
6e4b25d7-a5ea-4a8d-a337-b4448e3e46d3,2025-12-01T10:54:06.673Z,PIEDRA,40,ESMERALDA,O18,spanish,male,10-19,no
6e4b25d7-a5ea-4a8d-a337-b4448e3e46d3,2025-12-01T10:54:16.168Z,SUBJETIVO,71,ALEGRÍA,J2,spanish,male,10-19,no
6e4b25d7-a5ea-4a8d-a337-b4448e3e46d3,2025-12-01T10:54:22.448Z,PLANTA,45,AMAPOLA,D9,spanish,male,10-19,no
6e4b25d7-a5ea-4a8d-a337-b4448e3e46d3,2025-12-01T10:54:39.440Z,ANIMAL,3,PARDO,B3,spanish,male,10-19,no
6e4b25d7-a5ea-4a8d-a337-b4448e3e46d3,2025-12-01T10:55:31.272Z,POP,98,STITCH,K26,spanish,male,10-19,no
b74be536-59eb-4f44-83a9-42b572987fb0,2025-12-01T14:10:45.981Z,ANIMAL,2,BALLENA,G29,spanish,male,20-29,no
b74be536-59eb-4f44-83a9-42b572987fb0,2025-12-01T14:11:14.962Z,POP,84,SONIC,M29,spanish,male,20-29,no
b74be536-59eb-4f44-83a9-42b572987fb0,2025-12-01T14:11:42.070Z,PLANTA,47,CLAVEL,G15,spanish,male,20-29,no
b74be536-59eb-4f44-83a9-42b572987fb0,2025-12-01T14:11:55.548Z,SUBJETIVO,70,ASCO,N14,spanish,male,20-29,no
b74be536-59eb-4f44-83a9-42b572987fb0,2025-12-01T14:12:07.663Z,SUBJETIVO,79,PRIMAVERA,N9,spanish,male,20-29,no
b74be536-59eb-4f44-83a9-42b572987fb0,2025-12-01T14:12:20.137Z,ENTORNO,58,ESTANQUE,N22,spanish,male,20-29,no
b74be536-59eb-4f44-83a9-42b572987fb0,2025-12-01T14:12:34.062Z,ANIMAL,12,AXOLOTE,F15,spanish,male,20-29,no
b74be536-59eb-4f44-83a9-42b572987fb0,2025-12-01T14:12:53.558Z,PIEDRA,32,ZAFIRO,A14,spanish,male,20-29,no
b74be536-59eb-4f44-83a9-42b572987fb0,2025-12-01T14:13:08.260Z,COMESTIBLE,18,CALABACÍN,M14,spanish,male,20-29,no
b74be536-59eb-4f44-83a9-42b572987fb0,2025-12-01T14:13:29.039Z,PIEDRA,39,LADRILLO,E7,spanish,male,20-29,no
b74be536-59eb-4f44-83a9-42b572987fb0,2025-12-01T14:13:48.504Z,POP,96,BLAS (Y EPI),B9,spanish,male,20-29,no
b74be536-59eb-4f44-83a9-42b572987fb0,2025-12-01T14:13:58.799Z,PLANTA,50,MADERA,C4,spanish,male,20-29,no
b74be536-59eb-4f44-83a9-42b572987fb0,2025-12-01T14:14:12.917Z,COMESTIBLE,21,COCO,D4,spanish,male,20-29,no
b74be536-59eb-4f44-83a9-42b572987fb0,2025-12-01T14:14:32.948Z,ENTORNO,54,ARENA,F2,spanish,male,20-29,no
36e3d580-5ebd-4a90-94a9-d805578dd9db,2025-12-02T15:58:33.354Z,ANIMAL,11,RANA,N12,spanish,male,20-29,no
1787a88d-77a5-4b05-947a-bd7f9044db49,2025-12-02T15:59:57.136Z,ANIMAL,3,PARDO,A4,spanish,female,40-49,no
680e1894-cf94-42be-9b7a-8361b40530aa,2025-12-02T16:00:06.125Z,SUBJETIVO,69,IRA,B9,spanish,male,30-39,no
680e1894-cf94-42be-9b7a-8361b40530aa,2025-12-02T16:00:26.191Z,PLANTA,49,MENTA,N9,spanish,male,30-39,no
1787a88d-77a5-4b05-947a-bd7f9044db49,2025-12-02T16:00:33.805Z,SUBJETIVO,80,ESPERANZA,P17,spanish,female,40-49,no
680e1894-cf94-42be-9b7a-8361b40530aa,2025-12-02T16:00:42.245Z,PIEDRA,35,JADE,M25,spanish,male,30-39,no
1787a88d-77a5-4b05-947a-bd7f9044db49,2025-12-02T16:00:49.155Z,PLANTA,49,MENTA,M16,spanish,female,40-49,no
1787a88d-77a5-4b05-947a-bd7f9044db49,2025-12-02T16:01:09.814Z,ENTORNO,59,AMANECER,H8,spanish,female,40-49,no
680e1894-cf94-42be-9b7a-8361b40530aa,2025-12-02T16:01:44.570Z,COMESTIBLE,20,PEPINO,O11,spanish,male,30-39,no
680e1894-cf94-42be-9b7a-8361b40530aa,2025-12-02T16:02:05.941Z,POP,81,FEMINISMO,C26,spanish,male,30-39,no
1787a88d-77a5-4b05-947a-bd7f9044db49,2025-12-02T16:02:20.185Z,PIEDRA,35,JADE,P11,spanish,female,40-49,no
680e1894-cf94-42be-9b7a-8361b40530aa,2025-12-02T16:02:26.178Z,ANIMAL,12,AXOLOTE,H30,spanish,male,30-39,no
1787a88d-77a5-4b05-947a-bd7f9044db49,2025-12-02T16:02:34.833Z,COMESTIBLE,17,CALABAZA,E4,spanish,female,40-49,no
1787a88d-77a5-4b05-947a-bd7f9044db49,2025-12-02T16:02:46.651Z,PIEDRA,37,LAPISLÁZULI,K20,spanish,female,40-49,no
680e1894-cf94-42be-9b7a-8361b40530aa,2025-12-02T16:02:45.853Z,PIEDRA,32,ZAFIRO,A14,spanish,male,30-39,no
1787a88d-77a5-4b05-947a-bd7f9044db49,2025-12-02T16:03:02.493Z,POP,94,FLASH,J2,spanish,female,40-49,no
680e1894-cf94-42be-9b7a-8361b40530aa,2025-12-02T16:03:01.053Z,COMESTIBLE,18,CALABACÍN,O10,spanish,male,30-39,no
1787a88d-77a5-4b05-947a-bd7f9044db49,2025-12-02T16:03:18.751Z,POP,100,ELMO,C8,spanish,female,40-49,no
680e1894-cf94-42be-9b7a-8361b40530aa,2025-12-02T16:03:31.235Z,SUBJETIVO,74,TRISTEZA,E30,spanish,male,30-39,no
1787a88d-77a5-4b05-947a-bd7f9044db49,2025-12-02T16:03:39.521Z,COMESTIBLE,24,MELOCOTÓN,G4,spanish,female,40-49,no
680e1894-cf94-42be-9b7a-8361b40530aa,2025-12-02T16:03:44.629Z,ENTORNO,57,CÉSPED,N8,spanish,male,30-39,no
1787a88d-77a5-4b05-947a-bd7f9044db49,2025-12-02T16:03:54.829Z,SUBJETIVO,70,ASCO,P1,spanish,female,40-49,no
680e1894-cf94-42be-9b7a-8361b40530aa,2025-12-02T16:03:59.462Z,PLANTA,44,LAVANDA,N22,spanish,male,30-39,no
1787a88d-77a5-4b05-947a-bd7f9044db49,2025-12-02T16:04:15.483Z,ENTORNO,63,SANGRE,B7,spanish,female,40-49,no
680e1894-cf94-42be-9b7a-8361b40530aa,2025-12-02T16:04:14.828Z,ANIMAL,5,ZORRO,C1,spanish,male,30-39,no
680e1894-cf94-42be-9b7a-8361b40530aa,2025-12-02T16:04:29.905Z,ENTORNO,54,ARENA,J6,spanish,male,30-39,no
1787a88d-77a5-4b05-947a-bd7f9044db49,2025-12-02T16:04:32.465Z,PLANTA,45,AMAPOLA,C7,spanish,female,40-49,no
680e1894-cf94-42be-9b7a-8361b40530aa,2025-12-02T16:04:43.100Z,POP,85,PIKACHU,L1,spanish,male,30-39,no
1787a88d-77a5-4b05-947a-bd7f9044db49,2025-12-02T16:04:52.209Z,ANIMAL,1,SALMÓN,F10,spanish,female,40-49,no
a7141c83-26ab-447c-b358-061401df27aa,2025-12-02T16:07:42.681Z,ANIMAL,9,TIGRE,D8,spanish,prefer-not-to-say,-10,no
a7141c83-26ab-447c-b358-061401df27aa,2025-12-02T16:08:04.709Z,COMESTIBLE,14,LIMÓN,J4,spanish,prefer-not-to-say,-10,no
a7141c83-26ab-447c-b358-061401df27aa,2025-12-02T16:08:25.797Z,SUBJETIVO,80,ESPERANZA,P18,spanish,prefer-not-to-say,-10,no
a7141c83-26ab-447c-b358-061401df27aa,2025-12-02T16:08:58.369Z,POP,83,TRACTOR,L7,spanish,prefer-not-to-say,-10,no
a7141c83-26ab-447c-b358-061401df27aa,2025-12-02T16:09:25.419Z,PLANTA,41,GIRASOL,J5,spanish,prefer-not-to-say,-10,no
a7141c83-26ab-447c-b358-061401df27aa,2025-12-02T16:09:53.383Z,COMESTIBLE,25,MANZANA,A8,spanish,prefer-not-to-say,-10,no
a7141c83-26ab-447c-b358-061401df27aa,2025-12-02T16:10:21.500Z,PLANTA,49,MENTA,J19,spanish,prefer-not-to-say,-10,no
a7141c83-26ab-447c-b358-061401df27aa,2025-12-02T16:10:42.987Z,ENTORNO,62,RAYO,K2,spanish,prefer-not-to-say,-10,no
a7141c83-26ab-447c-b358-061401df27aa,2025-12-02T16:11:06.555Z,PIEDRA,40,ESMERALDA,N5,spanish,prefer-not-to-say,-10,no
a7141c83-26ab-447c-b358-061401df27aa,2025-12-02T16:11:40.637Z,ENTORNO,53,FUEGO,B10,spanish,prefer-not-to-say,-10,no
a7141c83-26ab-447c-b358-061401df27aa,2025-12-02T16:12:23.199Z,PIEDRA,36,TEJA,D8,spanish,prefer-not-to-say,-10,no
a7141c83-26ab-447c-b358-061401df27aa,2025-12-02T16:12:53.966Z,SUBJETIVO,79,PRIMAVERA,E15,spanish,prefer-not-to-say,-10,no
a7141c83-26ab-447c-b358-061401df27aa,2025-12-02T16:13:25.993Z,ANIMAL,3,PARDO,F8,spanish,prefer-not-to-say,-10,no
a7141c83-26ab-447c-b358-061401df27aa,2025-12-02T16:13:46.649Z,POP,84,SONIC,M28,spanish,prefer-not-to-say,-10,no
855ed239-094b-4f69-aafc-976d5728da17,2025-12-03T09:43:51.681Z,ANIMAL,10,MARIQUITA,A9,spanish,male,20-29,no
855ed239-094b-4f69-aafc-976d5728da17,2025-12-03T09:44:06.620Z,ENTORNO,63,SANGRE,A6,spanish,male,20-29,no
855ed239-094b-4f69-aafc-976d5728da17,2025-12-03T09:44:21.767Z,POP,88,COLORETE,E9,spanish,male,20-29,no
855ed239-094b-4f69-aafc-976d5728da17,2025-12-03T09:44:33.309Z,POP,90,BRUJERÍA,F25,spanish,male,20-29,no
855ed239-094b-4f69-aafc-976d5728da17,2025-12-03T09:46:38.734Z,ENTORNO,57,CÉSPED,N9,spanish,male,20-29,no
855ed239-094b-4f69-aafc-976d5728da17,2025-12-03T09:46:51.965Z,SUBJETIVO,65,VERGÜENZA,B10,spanish,male,20-29,no
855ed239-094b-4f69-aafc-976d5728da17,2025-12-03T09:47:03.037Z,PLANTA,44,LAVANDA,E21,spanish,male,20-29,no
855ed239-094b-4f69-aafc-976d5728da17,2025-12-03T09:47:13.549Z,PLANTA,45,AMAPOLA,A7,spanish,male,20-29,no
855ed239-094b-4f69-aafc-976d5728da17,2025-12-03T09:47:23.285Z,COMESTIBLE,23,ESPÁRRAGO,P9,spanish,male,20-29,no
855ed239-094b-4f69-aafc-976d5728da17,2025-12-03T09:47:31.861Z,SUBJETIVO,68,PAZ,H1,spanish,male,20-29,no
855ed239-094b-4f69-aafc-976d5728da17,2025-12-03T09:47:41.707Z,ANIMAL,9,TIGRE,E5,spanish,male,20-29,no
855ed239-094b-4f69-aafc-976d5728da17,2025-12-03T09:47:52.806Z,PIEDRA,35,JADE,O14,spanish,male,20-29,no
855ed239-094b-4f69-aafc-976d5728da17,2025-12-03T09:48:02.527Z,PIEDRA,30,PERLA,G15,spanish,male,20-29,no
855ed239-094b-4f69-aafc-976d5728da17,2025-12-03T09:48:10.365Z,COMESTIBLE,24,MELOCOTÓN,F7,spanish,male,20-29,no
06f1a6ce-5af0-4518-b1b1-c4a8dfaf0de3,2025-12-03T09:52:40.588Z,POP,90,BRUJERÍA,E21,spanish,female,20-29,no
06f1a6ce-5af0-4518-b1b1-c4a8dfaf0de3,2025-12-03T09:53:05.378Z,ANIMAL,2,BALLENA,K22,spanish,female,20-29,no
06f1a6ce-5af0-4518-b1b1-c4a8dfaf0de3,2025-12-03T09:53:20.799Z,POP,93,SIMPSON,K4,spanish,female,20-29,no
f4f53ae2-c6be-4b20-880f-55fd3528e0ad,2025-12-03T09:53:35.555Z,COMESTIBLE,14,LIMÓN,K2,spanish,male,20-29,no
06f1a6ce-5af0-4518-b1b1-c4a8dfaf0de3,2025-12-03T09:53:37.014Z,SUBJETIVO,80,ESPERANZA,N6,spanish,female,20-29,no
f4f53ae2-c6be-4b20-880f-55fd3528e0ad,2025-12-03T09:53:50.255Z,POP,90,BRUJERÍA,C28,spanish,male,20-29,no
06f1a6ce-5af0-4518-b1b1-c4a8dfaf0de3,2025-12-03T09:53:58.048Z,PIEDRA,30,PERLA,J17,spanish,female,20-29,no
f4f53ae2-c6be-4b20-880f-55fd3528e0ad,2025-12-03T09:54:09.427Z,PLANTA,46,TRIGO,E3,spanish,male,20-29,no
06f1a6ce-5af0-4518-b1b1-c4a8dfaf0de3,2025-12-03T09:54:13.032Z,ANIMAL,7,CANARIO,J5,spanish,female,20-29,no
f4f53ae2-c6be-4b20-880f-55fd3528e0ad,2025-12-03T09:54:23.471Z,ENTORNO,51,HURACÁN,L29,spanish,male,20-29,no
06f1a6ce-5af0-4518-b1b1-c4a8dfaf0de3,2025-12-03T09:54:26.915Z,PLANTA,48,CORAL,B14,spanish,female,20-29,no
f4f53ae2-c6be-4b20-880f-55fd3528e0ad,2025-12-03T09:54:40.521Z,SUBJETIVO,79,PRIMAVERA,O5,spanish,male,20-29,no
06f1a6ce-5af0-4518-b1b1-c4a8dfaf0de3,2025-12-03T09:54:41.644Z,PLANTA,42,ALBAHACA,O11,spanish,female,20-29,no
f4f53ae2-c6be-4b20-880f-55fd3528e0ad,2025-12-03T09:54:51.679Z,POP,85,PIKACHU,H1,spanish,male,20-29,no
06f1a6ce-5af0-4518-b1b1-c4a8dfaf0de3,2025-12-03T09:54:53.856Z,COMESTIBLE,16,KIWI,L6,spanish,female,20-29,no
f4f53ae2-c6be-4b20-880f-55fd3528e0ad,2025-12-03T09:55:07.044Z,COMESTIBLE,26,HUEVO,E6,spanish,male,20-29,no
06f1a6ce-5af0-4518-b1b1-c4a8dfaf0de3,2025-12-03T09:55:05.992Z,SUBJETIVO,69,IRA,A9,spanish,female,20-29,no
06f1a6ce-5af0-4518-b1b1-c4a8dfaf0de3,2025-12-03T09:55:24.065Z,ENTORNO,57,CÉSPED,N8,spanish,female,20-29,no
f4f53ae2-c6be-4b20-880f-55fd3528e0ad,2025-12-03T09:55:36.519Z,ENTORNO,57,CÉSPED,N7,spanish,male,20-29,no
06f1a6ce-5af0-4518-b1b1-c4a8dfaf0de3,2025-12-03T09:55:39.012Z,ENTORNO,59,AMANECER,F2,spanish,female,20-29,no
06f1a6ce-5af0-4518-b1b1-c4a8dfaf0de3,2025-12-03T09:55:51.281Z,COMESTIBLE,29,REMOLACHA,A13,spanish,female,20-29,no
f4f53ae2-c6be-4b20-880f-55fd3528e0ad,2025-12-03T09:55:54.629Z,PIEDRA,40,ESMERALDA,P11,spanish,male,20-29,no
06f1a6ce-5af0-4518-b1b1-c4a8dfaf0de3,2025-12-03T09:56:07.082Z,PIEDRA,32,ZAFIRO,L23,spanish,female,20-29,no
f4f53ae2-c6be-4b20-880f-55fd3528e0ad,2025-12-03T09:56:14.105Z,PIEDRA,37,LAPISLÁZULI,L23,spanish,male,20-29,no
4365272a-84ea-41d7-be97-929a92e0c7e4,2025-12-03T09:56:18.844Z,ANIMAL,13,SAPO,O12,spanish,male,20-29,no
f4f53ae2-c6be-4b20-880f-55fd3528e0ad,2025-12-03T09:56:26.519Z,ANIMAL,3,PARDO,B2,spanish,male,20-29,no
4365272a-84ea-41d7-be97-929a92e0c7e4,2025-12-03T09:56:33.780Z,POP,94,FLASH,K4,spanish,male,20-29,no
f4f53ae2-c6be-4b20-880f-55fd3528e0ad,2025-12-03T09:56:39.290Z,ANIMAL,2,BALLENA,N29,spanish,male,20-29,no
4365272a-84ea-41d7-be97-929a92e0c7e4,2025-12-03T09:56:42.279Z,PIEDRA,39,LADRILLO,D4,spanish,male,20-29,no
f4f53ae2-c6be-4b20-880f-55fd3528e0ad,2025-12-03T09:56:51.313Z,PLANTA,41,GIRASOL,H5,spanish,male,20-29,no
f4f53ae2-c6be-4b20-880f-55fd3528e0ad,2025-12-03T09:57:03.923Z,SUBJETIVO,72,SOLEDAD,G30,spanish,male,20-29,no
cfbcaed6-1c5c-4592-a303-0876ea4a651e,2025-12-03T09:57:36.601Z,ENTORNO,59,AMANECER,I13,spanish,male,20-29,no
47a96501-afe0-4078-9d1a-fd204859d3cb,2025-12-03T09:57:40.206Z,ENTORNO,56,BARRO,B1,spanish,other,30-39,no
4365272a-84ea-41d7-be97-929a92e0c7e4,2025-12-03T09:57:50.031Z,PLANTA,41,GIRASOL,J5,spanish,male,20-29,no
4365272a-84ea-41d7-be97-929a92e0c7e4,2025-12-03T09:58:00.639Z,PLANTA,49,MENTA,M10,spanish,male,20-29,no
4365272a-84ea-41d7-be97-929a92e0c7e4,2025-12-03T09:58:10.819Z,POP,81,FEMINISMO,C25,spanish,male,20-29,no
4365272a-84ea-41d7-be97-929a92e0c7e4,2025-12-03T09:58:20.699Z,COMESTIBLE,17,CALABAZA,E3,spanish,male,20-29,no
47a96501-afe0-4078-9d1a-fd204859d3cb,2025-12-03T09:58:22.416Z,COMESTIBLE,22,BERENJENA,D25,spanish,other,30-39,no
4365272a-84ea-41d7-be97-929a92e0c7e4,2025-12-03T09:58:28.809Z,SUBJETIVO,80,ESPERANZA,N7,spanish,male,20-29,no
cfbcaed6-1c5c-4592-a303-0876ea4a651e,2025-12-03T09:58:35.825Z,POP,100,ELMO,B11,spanish,male,20-29,no
4365272a-84ea-41d7-be97-929a92e0c7e4,2025-12-03T09:58:40.555Z,COMESTIBLE,27,PLÁTANO,K3,spanish,male,20-29,no
47a96501-afe0-4078-9d1a-fd204859d3cb,2025-12-03T09:58:44.078Z,SUBJETIVO,69,IRA,A14,spanish,other,30-39,no
cfbcaed6-1c5c-4592-a303-0876ea4a651e,2025-12-03T09:58:46.903Z,POP,86,HULK,P11,spanish,male,20-29,no
4365272a-84ea-41d7-be97-929a92e0c7e4,2025-12-03T09:58:51.537Z,PIEDRA,31,AMATISTA,C20,spanish,male,20-29,no
cfbcaed6-1c5c-4592-a303-0876ea4a651e,2025-12-03T09:58:58.471Z,PIEDRA,34,RUBÍ,B8,spanish,male,20-29,no
47a96501-afe0-4078-9d1a-fd204859d3cb,2025-12-03T09:59:04.312Z,ENTORNO,60,MUSGO,N14,spanish,other,30-39,no
47174560-08e8-45ef-b0de-199edc259ae0,2025-12-03T09:59:08.478Z,POP,89,PITUFO,L24,spanish,male,20-29,no
cfbcaed6-1c5c-4592-a303-0876ea4a651e,2025-12-03T09:59:08.905Z,ENTORNO,55,MARÍTIMO,H30,spanish,male,20-29,no
47174560-08e8-45ef-b0de-199edc259ae0,2025-12-03T09:59:19.030Z,PIEDRA,40,ESMERALDA,P10,spanish,male,20-29,no
cfbcaed6-1c5c-4592-a303-0876ea4a651e,2025-12-03T09:59:22.667Z,PIEDRA,33,ORO,H1,spanish,male,20-29,no
4365272a-84ea-41d7-be97-929a92e0c7e4,2025-12-03T09:59:25.742Z,ENTORNO,52,PIEL,E4,spanish,male,20-29,no
47a96501-afe0-4078-9d1a-fd204859d3cb,2025-12-03T09:59:27.435Z,POP,95,MONST. GALLETA,K27,spanish,other,30-39,no
cfbcaed6-1c5c-4592-a303-0876ea4a651e,2025-12-03T09:59:30.063Z,SUBJETIVO,78,INVIERNO,J18,spanish,male,20-29,no
cfbcaed6-1c5c-4592-a303-0876ea4a651e,2025-12-03T09:59:40.429Z,ANIMAL,12,AXOLOTE,I18,spanish,male,20-29,no
47a96501-afe0-4078-9d1a-fd204859d3cb,2025-12-03T09:59:41.207Z,SUBJETIVO,68,PAZ,I18,spanish,other,30-39,no
4365272a-84ea-41d7-be97-929a92e0c7e4,2025-12-03T09:59:41.854Z,SUBJETIVO,66,SUEÑO,C18,spanish,male,20-29,no
cfbcaed6-1c5c-4592-a303-0876ea4a651e,2025-12-03T09:59:51.982Z,PLANTA,49,MENTA,K13,spanish,male,20-29,no
4365272a-84ea-41d7-be97-929a92e0c7e4,2025-12-03T09:59:59.078Z,ANIMAL,12,AXOLOTE,G15,spanish,male,20-29,no
47a96501-afe0-4078-9d1a-fd204859d3cb,2025-12-03T09:59:59.814Z,PLANTA,48,CORAL,E15,spanish,other,30-39,no
cfbcaed6-1c5c-4592-a303-0876ea4a651e,2025-12-03T10:00:04.482Z,COMESTIBLE,14,LIMÓN,K1,spanish,male,20-29,no
4365272a-84ea-41d7-be97-929a92e0c7e4,2025-12-03T10:00:10.438Z,ENTORNO,56,BARRO,C3,spanish,male,20-29,no
47174560-08e8-45ef-b0de-199edc259ae0,2025-12-03T10:00:11.010Z,POP,90,BRUJERÍA,H23,spanish,male,20-29,no
47a96501-afe0-4078-9d1a-fd204859d3cb,2025-12-03T10:00:14.158Z,PIEDRA,31,AMATISTA,N27,spanish,other,30-39,no
cfbcaed6-1c5c-4592-a303-0876ea4a651e,2025-12-03T10:00:22.259Z,PLANTA,50,MADERA,C1,spanish,male,20-29,no
47a96501-afe0-4078-9d1a-fd204859d3cb,2025-12-03T10:00:27.448Z,ANIMAL,4,FLAMENCO,B15,spanish,other,30-39,no
47a96501-afe0-4078-9d1a-fd204859d3cb,2025-12-03T10:00:43.285Z,PIEDRA,40,ESMERALDA,P12,spanish,other,30-39,no
cfbcaed6-1c5c-4592-a303-0876ea4a651e,2025-12-03T10:00:45.900Z,COMESTIBLE,26,HUEVO,F3,spanish,male,20-29,no
cfbcaed6-1c5c-4592-a303-0876ea4a651e,2025-12-03T10:00:57.958Z,ANIMAL,1,SALMÓN,E6,spanish,male,20-29,no
47a96501-afe0-4078-9d1a-fd204859d3cb,2025-12-03T10:01:00.743Z,COMESTIBLE,21,COCO,A2,spanish,other,30-39,no
47a96501-afe0-4078-9d1a-fd204859d3cb,2025-12-03T10:01:14.424Z,PLANTA,42,ALBAHACA,N12,spanish,other,30-39,no
cfbcaed6-1c5c-4592-a303-0876ea4a651e,2025-12-03T10:01:15.985Z,SUBJETIVO,69,IRA,A10,spanish,male,20-29,no
47a96501-afe0-4078-9d1a-fd204859d3cb,2025-12-03T10:01:30.909Z,ANIMAL,6,GRILLO,O6,spanish,other,30-39,no
47a96501-afe0-4078-9d1a-fd204859d3cb,2025-12-03T10:01:46.220Z,POP,87,BARBIE,B18,spanish,other,30-39,no
47174560-08e8-45ef-b0de-199edc259ae0,2025-12-03T10:01:53.784Z,SUBJETIVO,67,ECOLOGÍA,N8,spanish,male,20-29,no
47174560-08e8-45ef-b0de-199edc259ae0,2025-12-03T10:02:07.751Z,ANIMAL,1,SALMÓN,F7,spanish,male,20-29,no
47174560-08e8-45ef-b0de-199edc259ae0,2025-12-03T10:02:22.567Z,SUBJETIVO,75,TÓXICO,E21,spanish,male,20-29,no
7963eab6-80cd-4eff-8782-35c972ae243d,2025-12-03T10:02:29.041Z,PIEDRA,38,AMBAR,I3,spanish,male,20-29,no
47174560-08e8-45ef-b0de-199edc259ae0,2025-12-03T10:02:32.886Z,PLANTA,46,TRIGO,J3,spanish,male,20-29,no
47174560-08e8-45ef-b0de-199edc259ae0,2025-12-03T10:02:39.767Z,ENTORNO,57,CÉSPED,N10,spanish,male,20-29,no
47174560-08e8-45ef-b0de-199edc259ae0,2025-12-03T10:02:47.975Z,ENTORNO,56,BARRO,C3,spanish,male,20-29,no
47174560-08e8-45ef-b0de-199edc259ae0,2025-12-03T10:02:55.574Z,ANIMAL,10,MARIQUITA,B9,spanish,male,20-29,no
7963eab6-80cd-4eff-8782-35c972ae243d,2025-12-03T10:02:57.006Z,ANIMAL,11,RANA,N13,spanish,male,20-29,no
47174560-08e8-45ef-b0de-199edc259ae0,2025-12-03T10:03:04.318Z,PLANTA,43,MALVA,E23,spanish,male,20-29,no
7963eab6-80cd-4eff-8782-35c972ae243d,2025-12-03T10:03:07.850Z,ANIMAL,2,BALLENA,K28,spanish,male,20-29,no
47174560-08e8-45ef-b0de-199edc259ae0,2025-12-03T10:03:11.654Z,COMESTIBLE,25,MANZANA,A13,spanish,male,20-29,no
47174560-08e8-45ef-b0de-199edc259ae0,2025-12-03T10:03:19.878Z,COMESTIBLE,18,CALABACÍN,N9,spanish,male,20-29,no
7963eab6-80cd-4eff-8782-35c972ae243d,2025-12-03T10:03:25.816Z,PIEDRA,31,AMATISTA,E27,spanish,male,20-29,no
47174560-08e8-45ef-b0de-199edc259ae0,2025-12-03T10:03:28.719Z,PIEDRA,34,RUBÍ,A12,spanish,male,20-29,no
7963eab6-80cd-4eff-8782-35c972ae243d,2025-12-03T10:03:39.618Z,COMESTIBLE,20,PEPINO,N15,spanish,male,20-29,no
7963eab6-80cd-4eff-8782-35c972ae243d,2025-12-03T10:04:02.140Z,PLANTA,47,CLAVEL,F15,spanish,male,20-29,no
7963eab6-80cd-4eff-8782-35c972ae243d,2025-12-03T10:04:13.334Z,COMESTIBLE,17,CALABAZA,D7,spanish,male,20-29,no
7963eab6-80cd-4eff-8782-35c972ae243d,2025-12-03T10:04:25.441Z,ENTORNO,60,MUSGO,P4,spanish,male,20-29,no
7963eab6-80cd-4eff-8782-35c972ae243d,2025-12-03T10:04:32.617Z,SUBJETIVO,67,ECOLOGÍA,O13,spanish,male,20-29,no
7963eab6-80cd-4eff-8782-35c972ae243d,2025-12-03T10:04:48.367Z,SUBJETIVO,71,ALEGRÍA,G5,spanish,male,20-29,no
7963eab6-80cd-4eff-8782-35c972ae243d,2025-12-03T10:04:56.715Z,POP,89,PITUFO,P30,spanish,male,20-29,no
7963eab6-80cd-4eff-8782-35c972ae243d,2025-12-03T10:05:12.500Z,ENTORNO,55,MARÍTIMO,L30,spanish,male,20-29,no
7963eab6-80cd-4eff-8782-35c972ae243d,2025-12-03T10:05:21.103Z,POP,83,TRACTOR,J7,spanish,male,20-29,no
7963eab6-80cd-4eff-8782-35c972ae243d,2025-12-03T10:05:34.109Z,PLANTA,48,CORAL,C15,spanish,male,20-29,no
c5f4c7cb-7222-424e-9ad1-882d0c0469fb,2025-12-03T10:23:08.009Z,SUBJETIVO,72,SOLEDAD,L26,spanish,female,20-29,no
c5f4c7cb-7222-424e-9ad1-882d0c0469fb,2025-12-03T10:23:33.667Z,SUBJETIVO,76,VERANO,I2,spanish,female,20-29,no
c5f4c7cb-7222-424e-9ad1-882d0c0469fb,2025-12-03T10:23:47.895Z,ENTORNO,58,ESTANQUE,P17,spanish,female,20-29,no
c5f4c7cb-7222-424e-9ad1-882d0c0469fb,2025-12-03T10:24:22.568Z,PIEDRA,34,RUBÍ,C18,spanish,female,20-29,no
c5f4c7cb-7222-424e-9ad1-882d0c0469fb,2025-12-03T10:24:33.217Z,POP,82,SHRECK,M15,spanish,female,20-29,no
c5f4c7cb-7222-424e-9ad1-882d0c0469fb,2025-12-03T10:24:43.874Z,COMESTIBLE,24,MELOCOTÓN,F5,spanish,female,20-29,no
c5f4c7cb-7222-424e-9ad1-882d0c0469fb,2025-12-03T10:24:53.642Z,ANIMAL,2,BALLENA,L27,spanish,female,20-29,no
c5f4c7cb-7222-424e-9ad1-882d0c0469fb,2025-12-03T10:25:02.618Z,ANIMAL,6,GRILLO,K13,spanish,female,20-29,no
c5f4c7cb-7222-424e-9ad1-882d0c0469fb,2025-12-03T10:25:09.484Z,COMESTIBLE,29,REMOLACHA,C24,spanish,female,20-29,no
c5f4c7cb-7222-424e-9ad1-882d0c0469fb,2025-12-03T10:25:17.516Z,PLANTA,42,ALBAHACA,P11,spanish,female,20-29,no
c5f4c7cb-7222-424e-9ad1-882d0c0469fb,2025-12-03T10:25:27.950Z,PIEDRA,35,JADE,I24,spanish,female,20-29,no
c5f4c7cb-7222-424e-9ad1-882d0c0469fb,2025-12-03T10:25:38.194Z,PLANTA,44,LAVANDA,G22,spanish,female,20-29,no
c5f4c7cb-7222-424e-9ad1-882d0c0469fb,2025-12-03T10:25:45.958Z,ENTORNO,61,CIELO,K21,spanish,female,20-29,no
c5f4c7cb-7222-424e-9ad1-882d0c0469fb,2025-12-03T10:25:52.475Z,POP,93,SIMPSON,K4,spanish,female,20-29,no
839cc742-3055-4136-a234-adaba39da8fc,2025-12-03T10:39:07.462Z,PIEDRA,33,ORO,J7,spanish,female,20-29,no
839cc742-3055-4136-a234-adaba39da8fc,2025-12-03T10:39:33.538Z,PIEDRA,37,LAPISLÁZULI,L24,spanish,female,20-29,no
9ef7ef0d-f481-4b85-946b-d69cdd720634,2025-12-03T11:05:28.406Z,SUBJETIVO,65,VERGÜENZA,L21,spanish,female,20-29,no
9ef7ef0d-f481-4b85-946b-d69cdd720634,2025-12-03T11:05:51.288Z,POP,91,EPI (Y BLAS),J4,spanish,female,20-29,no
839cc742-3055-4136-a234-adaba39da8fc,2025-12-03T11:19:46.779Z,POP,98,STITCH,M26,spanish,female,20-29,no
839cc742-3055-4136-a234-adaba39da8fc,2025-12-03T11:20:03.672Z,ENTORNO,57,CÉSPED,N12,spanish,female,20-29,no
16e350bc-f5c7-4126-8448-e3ddf466fa68,2025-12-03T11:23:53.673Z,PLANTA,48,CORAL,E13,spanish,male,20-29,no
16e350bc-f5c7-4126-8448-e3ddf466fa68,2025-12-03T11:24:10.051Z,SUBJETIVO,71,ALEGRÍA,J2,spanish,male,20-29,no
16e350bc-f5c7-4126-8448-e3ddf466fa68,2025-12-03T11:24:18.488Z,ANIMAL,4,FLAMENCO,D16,spanish,male,20-29,no
16e350bc-f5c7-4126-8448-e3ddf466fa68,2025-12-03T11:24:28.373Z,COMESTIBLE,21,COCO,A4,spanish,male,20-29,no
839cc742-3055-4136-a234-adaba39da8fc,2025-12-03T11:24:35.614Z,COMESTIBLE,15,LIMA,I2,spanish,female,20-29,no
16e350bc-f5c7-4126-8448-e3ddf466fa68,2025-12-03T11:24:37.457Z,POP,93,SIMPSON,I2,spanish,male,20-29,no
16e350bc-f5c7-4126-8448-e3ddf466fa68,2025-12-03T11:24:46.770Z,PLANTA,49,MENTA,O6,spanish,male,20-29,no
16e350bc-f5c7-4126-8448-e3ddf466fa68,2025-12-03T11:24:55.515Z,ANIMAL,13,SAPO,P11,spanish,male,20-29,no
839cc742-3055-4136-a234-adaba39da8fc,2025-12-03T11:25:01.954Z,SUBJETIVO,72,SOLEDAD,F30,spanish,female,20-29,no
16e350bc-f5c7-4126-8448-e3ddf466fa68,2025-12-03T11:25:03.324Z,ENTORNO,56,BARRO,A1,spanish,male,20-29,no
16e350bc-f5c7-4126-8448-e3ddf466fa68,2025-12-03T11:25:12.181Z,COMESTIBLE,15,LIMA,M4,spanish,male,20-29,no
16e350bc-f5c7-4126-8448-e3ddf466fa68,2025-12-03T11:25:22.152Z,ENTORNO,54,ARENA,G2,spanish,male,20-29,no
839cc742-3055-4136-a234-adaba39da8fc,2025-12-03T11:25:27.450Z,SUBJETIVO,78,INVIERNO,K21,spanish,female,20-29,no
16e350bc-f5c7-4126-8448-e3ddf466fa68,2025-12-03T11:25:30.507Z,PIEDRA,33,ORO,I1,spanish,male,20-29,no
16e350bc-f5c7-4126-8448-e3ddf466fa68,2025-12-03T11:25:40.879Z,POP,81,FEMINISMO,B30,spanish,male,20-29,no
839cc742-3055-4136-a234-adaba39da8fc,2025-12-03T11:25:47.922Z,COMESTIBLE,24,MELOCOTÓN,E3,spanish,female,20-29,no
16e350bc-f5c7-4126-8448-e3ddf466fa68,2025-12-03T11:25:50.904Z,PIEDRA,38,AMBAR,F2,spanish,male,20-29,no
839cc742-3055-4136-a234-adaba39da8fc,2025-12-03T11:26:02.171Z,POP,93,SIMPSON,J2,spanish,female,20-29,no
16e350bc-f5c7-4126-8448-e3ddf466fa68,2025-12-03T11:26:04.194Z,SUBJETIVO,79,PRIMAVERA,M13,spanish,male,20-29,no
839cc742-3055-4136-a234-adaba39da8fc,2025-12-03T11:26:18.641Z,ANIMAL,11,RANA,N11,spanish,female,20-29,no
839cc742-3055-4136-a234-adaba39da8fc,2025-12-03T11:26:40.094Z,PLANTA,46,TRIGO,H1,spanish,female,20-29,no
839cc742-3055-4136-a234-adaba39da8fc,2025-12-03T11:27:03.176Z,PLANTA,42,ALBAHACA,N13,spanish,female,20-29,no
839cc742-3055-4136-a234-adaba39da8fc,2025-12-03T11:27:20.250Z,ANIMAL,9,TIGRE,E3,spanish,female,20-29,no
839cc742-3055-4136-a234-adaba39da8fc,2025-12-03T11:27:47.518Z,ENTORNO,55,MARÍTIMO,H30,spanish,female,20-29,no
a621c03c-208b-4d90-98bd-2ea844b446d5,2025-12-03T11:29:16.048Z,STONE,34,RUBY,C10,english,male,30-39,no
a621c03c-208b-4d90-98bd-2ea844b446d5,2025-12-03T11:29:57.211Z,PLANT,47,CARNATION,C17,english,male,30-39,no
a621c03c-208b-4d90-98bd-2ea844b446d5,2025-12-03T11:30:15.104Z,ENVIRONMENT,51,HURRICANE,L29,english,male,30-39,no
a621c03c-208b-4d90-98bd-2ea844b446d5,2025-12-03T11:30:25.491Z,STONE,35,JADE,O13,english,male,30-39,no
a621c03c-208b-4d90-98bd-2ea844b446d5,2025-12-03T11:30:37.951Z,FOOD,18,ZUCCHINI,P9,english,male,30-39,no
a621c03c-208b-4d90-98bd-2ea844b446d5,2025-12-03T11:30:46.164Z,FOOD,19,GRAPE,D25,english,male,30-39,no
a621c03c-208b-4d90-98bd-2ea844b446d5,2025-12-03T11:31:17.835Z,ANIMAL,1,SALMON,G11,english,male,30-39,no
a621c03c-208b-4d90-98bd-2ea844b446d5,2025-12-03T11:31:29.815Z,POP,95,COOKIE MONSTER,I27,english,male,30-39,no
a621c03c-208b-4d90-98bd-2ea844b446d5,2025-12-03T11:31:42.472Z,SUBJETIVE,78,WINTER,K23,english,male,30-39,no
a621c03c-208b-4d90-98bd-2ea844b446d5,2025-12-03T11:31:50.682Z,PLANT,46,WHEAT,I11,english,male,30-39,no
a621c03c-208b-4d90-98bd-2ea844b446d5,2025-12-03T11:32:06.998Z,POP,84,SONIC,M29,english,male,30-39,no
a621c03c-208b-4d90-98bd-2ea844b446d5,2025-12-03T11:32:15.339Z,ANIMAL,8,PIG,F15,english,male,30-39,no
a621c03c-208b-4d90-98bd-2ea844b446d5,2025-12-03T11:32:34.195Z,ENVIRONMENT,61,SKY,M26,english,male,30-39,no
a621c03c-208b-4d90-98bd-2ea844b446d5,2025-12-03T11:32:41.899Z,SUBJETIVE,76,SUMMER,L2,english,male,30-39,no
35256183-603e-4ba6-94af-d2cb061ce9b5,2025-12-03T11:33:02.051Z,PIEDRA,33,ORO,I2,spanish,female,20-29,no
35256183-603e-4ba6-94af-d2cb061ce9b5,2025-12-03T11:33:17.177Z,POP,100,ELMO,A9,spanish,female,20-29,no
35256183-603e-4ba6-94af-d2cb061ce9b5,2025-12-03T11:33:37.159Z,ENTORNO,54,ARENA,H7,spanish,female,20-29,no
35256183-603e-4ba6-94af-d2cb061ce9b5,2025-12-03T11:33:54.819Z,ENTORNO,61,CIELO,K22,spanish,female,20-29,no
35256183-603e-4ba6-94af-d2cb061ce9b5,2025-12-03T11:34:12.366Z,PLANTA,49,MENTA,P12,spanish,female,20-29,no
35256183-603e-4ba6-94af-d2cb061ce9b5,2025-12-03T11:34:22.891Z,COMESTIBLE,18,CALABACÍN,O16,spanish,female,20-29,no
35256183-603e-4ba6-94af-d2cb061ce9b5,2025-12-03T11:34:40.973Z,ANIMAL,3,PARDO,B2,spanish,female,20-29,no
35256183-603e-4ba6-94af-d2cb061ce9b5,2025-12-03T11:35:04.979Z,PLANTA,48,CORAL,A13,spanish,female,20-29,no
35256183-603e-4ba6-94af-d2cb061ce9b5,2025-12-03T11:35:17.902Z,POP,85,PIKACHU,H2,spanish,female,20-29,no
35256183-603e-4ba6-94af-d2cb061ce9b5,2025-12-03T11:35:32.291Z,PIEDRA,31,AMATISTA,O28,spanish,female,20-29,no
35256183-603e-4ba6-94af-d2cb061ce9b5,2025-12-03T11:35:57.163Z,SUBJETIVO,66,SUEÑO,K25,spanish,female,20-29,no
35256183-603e-4ba6-94af-d2cb061ce9b5,2025-12-03T11:36:11.740Z,ANIMAL,6,GRILLO,P6,spanish,female,20-29,no
35256183-603e-4ba6-94af-d2cb061ce9b5,2025-12-03T11:36:28.338Z,SUBJETIVO,65,VERGÜENZA,C11,spanish,female,20-29,no
35256183-603e-4ba6-94af-d2cb061ce9b5,2025-12-03T11:36:48.120Z,COMESTIBLE,16,KIWI,B2,spanish,female,20-29,no
9ef7ef0d-f481-4b85-946b-d69cdd720634,2025-12-03T11:37:40.212Z,PLANTA,50,MADERA,A2,spanish,female,20-29,no
9ef7ef0d-f481-4b85-946b-d69cdd720634,2025-12-03T11:37:50.776Z,ENTORNO,61,CIELO,K20,spanish,female,20-29,no
ce2fb5ab-f102-448f-8757-d3452620c6e0,2025-12-03T11:44:10.605Z,COMESTIBLE,14,LIMÓN,K2,spanish,female,20-29,no
ce2fb5ab-f102-448f-8757-d3452620c6e0,2025-12-03T11:44:21.901Z,PIEDRA,30,PERLA,I16,spanish,female,20-29,no
ce2fb5ab-f102-448f-8757-d3452620c6e0,2025-12-03T11:44:35.916Z,PLANTA,48,CORAL,A9,spanish,female,20-29,no
ce2fb5ab-f102-448f-8757-d3452620c6e0,2025-12-03T11:45:00.378Z,COMESTIBLE,28,TOMATE,A12,spanish,female,20-29,no
ce2fb5ab-f102-448f-8757-d3452620c6e0,2025-12-03T11:45:18.477Z,ENTORNO,52,PIEL,H10,spanish,female,20-29,no
ce2fb5ab-f102-448f-8757-d3452620c6e0,2025-12-03T11:45:26.859Z,ANIMAL,5,ZORRO,B3,spanish,female,20-29,no
ce2fb5ab-f102-448f-8757-d3452620c6e0,2025-12-03T11:45:39.036Z,SUBJETIVO,79,PRIMAVERA,E16,spanish,female,20-29,no
ce2fb5ab-f102-448f-8757-d3452620c6e0,2025-12-03T11:45:51.157Z,POP,88,COLORETE,E15,spanish,female,20-29,no
ce2fb5ab-f102-448f-8757-d3452620c6e0,2025-12-03T11:46:04.288Z,PLANTA,49,MENTA,O15,spanish,female,20-29,no
ce2fb5ab-f102-448f-8757-d3452620c6e0,2025-12-03T11:46:14.145Z,ENTORNO,61,CIELO,L24,spanish,female,20-29,no
ce2fb5ab-f102-448f-8757-d3452620c6e0,2025-12-03T11:46:26.023Z,PIEDRA,33,ORO,G2,spanish,female,20-29,no
ce2fb5ab-f102-448f-8757-d3452620c6e0,2025-12-03T11:46:36.305Z,SUBJETIVO,69,IRA,B9,spanish,female,20-29,no
ce2fb5ab-f102-448f-8757-d3452620c6e0,2025-12-03T11:46:44.884Z,POP,90,BRUJERÍA,B29,spanish,female,20-29,no
ce2fb5ab-f102-448f-8757-d3452620c6e0,2025-12-03T11:46:54.073Z,ANIMAL,8,CERDO,E15,spanish,female,20-29,no
4d1ba9c8-587f-4c48-a1d3-379cc39b8876,2025-12-03T11:47:46.880Z,ENTORNO,51,HURACÁN,F26,spanish,female,20-29,no
4d1ba9c8-587f-4c48-a1d3-379cc39b8876,2025-12-03T11:48:08.358Z,SUBJETIVO,79,PRIMAVERA,E6,spanish,female,20-29,no
4d1ba9c8-587f-4c48-a1d3-379cc39b8876,2025-12-03T11:48:25.018Z,PLANTA,47,CLAVEL,A14,spanish,female,20-29,no
4d1ba9c8-587f-4c48-a1d3-379cc39b8876,2025-12-03T11:48:41.329Z,ANIMAL,2,BALLENA,K28,spanish,female,20-29,no
4d1ba9c8-587f-4c48-a1d3-379cc39b8876,2025-12-03T11:48:55.093Z,POP,93,SIMPSON,J4,spanish,female,20-29,no
4d1ba9c8-587f-4c48-a1d3-379cc39b8876,2025-12-03T11:49:08.158Z,PLANTA,44,LAVANDA,E22,spanish,female,20-29,no
4d1ba9c8-587f-4c48-a1d3-379cc39b8876,2025-12-03T11:49:24.146Z,SUBJETIVO,69,IRA,A8,spanish,female,20-29,no
4d1ba9c8-587f-4c48-a1d3-379cc39b8876,2025-12-03T11:49:35.005Z,COMESTIBLE,23,ESPÁRRAGO,P10,spanish,female,20-29,no
4d1ba9c8-587f-4c48-a1d3-379cc39b8876,2025-12-03T11:49:47.545Z,COMESTIBLE,26,HUEVO,I9,spanish,female,20-29,no
4d1ba9c8-587f-4c48-a1d3-379cc39b8876,2025-12-03T11:49:58.402Z,POP,89,PITUFO,L23,spanish,female,20-29,no
4d1ba9c8-587f-4c48-a1d3-379cc39b8876,2025-12-03T11:50:07.363Z,PIEDRA,40,ESMERALDA,D19,spanish,female,20-29,no
4d1ba9c8-587f-4c48-a1d3-379cc39b8876,2025-12-03T11:50:19.237Z,ANIMAL,11,RANA,O12,spanish,female,20-29,no
4d1ba9c8-587f-4c48-a1d3-379cc39b8876,2025-12-03T11:50:36.241Z,ENTORNO,62,RAYO,N29,spanish,female,20-29,no
4d1ba9c8-587f-4c48-a1d3-379cc39b8876,2025-12-03T11:50:48.151Z,PIEDRA,35,JADE,I16,spanish,female,20-29,no
ca3d98fc-dcd3-45d4-badd-1af76aa7df72,2025-12-03T11:58:22.857Z,POP,83,TRACTOR,A1,spanish,male,20-29,no
ca3d98fc-dcd3-45d4-badd-1af76aa7df72,2025-12-03T11:58:42.738Z,PIEDRA,38,AMBAR,G7,spanish,male,20-29,no
ca3d98fc-dcd3-45d4-badd-1af76aa7df72,2025-12-03T11:58:58.594Z,ENTORNO,57,CÉSPED,N8,spanish,male,20-29,no
ca3d98fc-dcd3-45d4-badd-1af76aa7df72,2025-12-03T11:59:09.479Z,PIEDRA,34,RUBÍ,C9,spanish,male,20-29,no
ca3d98fc-dcd3-45d4-badd-1af76aa7df72,2025-12-03T11:59:21.567Z,POP,95,MONST. GALLETA,M27,spanish,male,20-29,no
ca3d98fc-dcd3-45d4-badd-1af76aa7df72,2025-12-03T11:59:34.616Z,ENTORNO,53,FUEGO,A9,spanish,male,20-29,no
ca3d98fc-dcd3-45d4-badd-1af76aa7df72,2025-12-03T11:59:47.650Z,ANIMAL,7,CANARIO,P12,spanish,male,20-29,no
ca3d98fc-dcd3-45d4-badd-1af76aa7df72,2025-12-03T12:00:01.602Z,COMESTIBLE,21,COCO,C1,spanish,male,20-29,no
ca3d98fc-dcd3-45d4-badd-1af76aa7df72,2025-12-03T12:00:24.915Z,ANIMAL,13,SAPO,D1,spanish,male,20-29,no
ca3d98fc-dcd3-45d4-badd-1af76aa7df72,2025-12-03T12:00:52.750Z,PLANTA,47,CLAVEL,C17,spanish,male,20-29,no
ca3d98fc-dcd3-45d4-badd-1af76aa7df72,2025-12-03T12:01:10.144Z,PLANTA,42,ALBAHACA,E22,spanish,male,20-29,no
ca3d98fc-dcd3-45d4-badd-1af76aa7df72,2025-12-03T12:01:18.325Z,COMESTIBLE,19,UVA,N8,spanish,male,20-29,no
e4679c53-ca78-44e5-a8ed-f6dfb9ab15b8,2025-12-03T12:01:21.895Z,SUBJETIVO,77,OTOÑO,D7,spanish,male,20-29,no
ca3d98fc-dcd3-45d4-badd-1af76aa7df72,2025-12-03T12:01:31.815Z,SUBJETIVO,65,VERGÜENZA,B27,spanish,male,20-29,no
ca3d98fc-dcd3-45d4-badd-1af76aa7df72,2025-12-03T12:01:42.432Z,SUBJETIVO,80,ESPERANZA,K13,spanish,male,20-29,no
e4679c53-ca78-44e5-a8ed-f6dfb9ab15b8,2025-12-03T12:04:50.314Z,COMESTIBLE,26,HUEVO,E3,spanish,male,20-29,no
e4679c53-ca78-44e5-a8ed-f6dfb9ab15b8,2025-12-03T12:05:21.872Z,PLANTA,45,AMAPOLA,C7,spanish,male,20-29,no
e4679c53-ca78-44e5-a8ed-f6dfb9ab15b8,2025-12-03T12:06:08.323Z,PLANTA,47,CLAVEL,A21,spanish,male,20-29,no
e4679c53-ca78-44e5-a8ed-f6dfb9ab15b8,2025-12-03T12:06:21.603Z,ENTORNO,60,MUSGO,P11,spanish,male,20-29,no
e4679c53-ca78-44e5-a8ed-f6dfb9ab15b8,2025-12-03T12:06:36.470Z,PIEDRA,36,TEJA,A13,spanish,male,20-29,no
e4679c53-ca78-44e5-a8ed-f6dfb9ab15b8,2025-12-03T12:06:48.239Z,POP,93,SIMPSON,J1,spanish,male,20-29,no
e4679c53-ca78-44e5-a8ed-f6dfb9ab15b8,2025-12-03T12:07:00.058Z,SUBJETIVO,78,INVIERNO,J18,spanish,male,20-29,no
e4679c53-ca78-44e5-a8ed-f6dfb9ab15b8,2025-12-03T12:07:15.883Z,ANIMAL,12,AXOLOTE,G14,spanish,male,20-29,no
e4679c53-ca78-44e5-a8ed-f6dfb9ab15b8,2025-12-03T12:07:27.148Z,ENTORNO,63,SANGRE,A8,spanish,male,20-29,no
e4679c53-ca78-44e5-a8ed-f6dfb9ab15b8,2025-12-03T12:07:38.418Z,POP,81,FEMINISMO,C25,spanish,male,20-29,no
e4679c53-ca78-44e5-a8ed-f6dfb9ab15b8,2025-12-03T12:07:51.554Z,PIEDRA,37,LAPISLÁZULI,I30,spanish,male,20-29,no
e4679c53-ca78-44e5-a8ed-f6dfb9ab15b8,2025-12-03T12:08:00.782Z,ANIMAL,10,MARIQUITA,A10,spanish,male,20-29,no
e4679c53-ca78-44e5-a8ed-f6dfb9ab15b8,2025-12-03T12:08:12.363Z,COMESTIBLE,21,COCO,A2,spanish,male,20-29,no
9ed8f28b-2ce5-4191-b7d6-8131a0e0c512,2025-12-03T12:40:46.296Z,SUBJETIVO,74,TRISTEZA,G29,spanish,female,20-29,no
9ed8f28b-2ce5-4191-b7d6-8131a0e0c512,2025-12-03T12:42:01.166Z,ENTORNO,51,HURACÁN,A4,spanish,female,20-29,no
9ed8f28b-2ce5-4191-b7d6-8131a0e0c512,2025-12-03T12:42:46.121Z,SUBJETIVO,66,SUEÑO,C30,spanish,female,20-29,no
9ed8f28b-2ce5-4191-b7d6-8131a0e0c512,2025-12-03T12:43:11.103Z,ANIMAL,13,SAPO,P2,spanish,female,20-29,no
9ed8f28b-2ce5-4191-b7d6-8131a0e0c512,2025-12-03T12:43:38.724Z,POP,100,ELMO,A9,spanish,female,20-29,no
9ed8f28b-2ce5-4191-b7d6-8131a0e0c512,2025-12-03T12:44:03.189Z,PIEDRA,36,TEJA,A7,spanish,female,20-29,no
9ed8f28b-2ce5-4191-b7d6-8131a0e0c512,2025-12-03T12:44:31.181Z,POP,84,SONIC,J25,spanish,female,20-29,no
9ed8f28b-2ce5-4191-b7d6-8131a0e0c512,2025-12-03T12:44:56.260Z,COMESTIBLE,26,HUEVO,E6,spanish,female,20-29,no
9ed8f28b-2ce5-4191-b7d6-8131a0e0c512,2025-12-03T12:45:16.732Z,PLANTA,45,AMAPOLA,B11,spanish,female,20-29,no
9ed8f28b-2ce5-4191-b7d6-8131a0e0c512,2025-12-03T12:45:38.093Z,ANIMAL,7,CANARIO,F3,spanish,female,20-29,no
9ed8f28b-2ce5-4191-b7d6-8131a0e0c512,2025-12-03T12:46:03.021Z,COMESTIBLE,25,MANZANA,M8,spanish,female,20-29,no
9ed8f28b-2ce5-4191-b7d6-8131a0e0c512,2025-12-03T12:46:39.078Z,ENTORNO,62,RAYO,I15,spanish,female,20-29,no
9ed8f28b-2ce5-4191-b7d6-8131a0e0c512,2025-12-03T12:46:57.588Z,PLANTA,41,GIRASOL,I4,spanish,female,20-29,no
9ed8f28b-2ce5-4191-b7d6-8131a0e0c512,2025-12-03T12:47:32.953Z,PIEDRA,31,AMATISTA,G20,spanish,female,20-29,no
c69294df-0ef6-4f9e-995c-dfc5ee0a71f0,2025-12-03T13:13:14.150Z,PIEDRA,35,JADE,O6,spanish,male,20-29,no
c69294df-0ef6-4f9e-995c-dfc5ee0a71f0,2025-12-03T13:13:47.212Z,COMESTIBLE,29,REMOLACHA,A10,spanish,male,20-29,no
c69294df-0ef6-4f9e-995c-dfc5ee0a71f0,2025-12-03T13:14:04.172Z,COMESTIBLE,15,LIMA,O4,spanish,male,20-29,no
c69294df-0ef6-4f9e-995c-dfc5ee0a71f0,2025-12-03T13:14:31.819Z,SUBJETIVO,80,ESPERANZA,B25,spanish,male,20-29,no
c69294df-0ef6-4f9e-995c-dfc5ee0a71f0,2025-12-03T13:14:48.153Z,ANIMAL,13,SAPO,N12,spanish,male,20-29,no
c69294df-0ef6-4f9e-995c-dfc5ee0a71f0,2025-12-03T13:15:19.314Z,PLANTA,43,MALVA,B20,spanish,male,20-29,no
c69294df-0ef6-4f9e-995c-dfc5ee0a71f0,2025-12-03T13:15:33.407Z,ENTORNO,54,ARENA,J1,spanish,male,20-29,no
c69294df-0ef6-4f9e-995c-dfc5ee0a71f0,2025-12-03T13:15:54.611Z,POP,84,SONIC,L24,spanish,male,20-29,no
c69294df-0ef6-4f9e-995c-dfc5ee0a71f0,2025-12-03T13:16:23.803Z,POP,100,ELMO,C8,spanish,male,20-29,no
c69294df-0ef6-4f9e-995c-dfc5ee0a71f0,2025-12-03T13:16:32.579Z,PIEDRA,30,PERLA,I18,spanish,male,20-29,no
c69294df-0ef6-4f9e-995c-dfc5ee0a71f0,2025-12-03T13:16:46.409Z,ANIMAL,2,BALLENA,J23,spanish,male,20-29,no
c69294df-0ef6-4f9e-995c-dfc5ee0a71f0,2025-12-03T13:16:57.072Z,ENTORNO,57,CÉSPED,P10,spanish,male,20-29,no
c69294df-0ef6-4f9e-995c-dfc5ee0a71f0,2025-12-03T13:17:23.809Z,PLANTA,47,CLAVEL,E15,spanish,male,20-29,no
c69294df-0ef6-4f9e-995c-dfc5ee0a71f0,2025-12-03T13:17:38.318Z,SUBJETIVO,76,VERANO,K2,spanish,male,20-29,no
78c945b0-d1e3-4503-bf0b-0993ec9e0603,2025-12-03T15:54:34.459Z,PLANTA,50,MADERA,A4,spanish,female,20-29,no
78c945b0-d1e3-4503-bf0b-0993ec9e0603,2025-12-03T15:54:50.415Z,SUBJETIVO,70,ASCO,P16,spanish,female,20-29,no
78c945b0-d1e3-4503-bf0b-0993ec9e0603,2025-12-03T15:55:12.474Z,PIEDRA,38,AMBAR,H2,spanish,female,20-29,no
78c945b0-d1e3-4503-bf0b-0993ec9e0603,2025-12-03T15:55:38.618Z,ENTORNO,59,AMANECER,F9,spanish,female,20-29,no
78c945b0-d1e3-4503-bf0b-0993ec9e0603,2025-12-03T15:56:05.593Z,PLANTA,49,MENTA,O17,spanish,female,20-29,no
78c945b0-d1e3-4503-bf0b-0993ec9e0603,2025-12-03T15:56:14.981Z,SUBJETIVO,67,ECOLOGÍA,O14,spanish,female,20-29,no
78c945b0-d1e3-4503-bf0b-0993ec9e0603,2025-12-03T15:56:58.227Z,POP,91,EPI (Y BLAS),E3,spanish,female,20-29,no
78c945b0-d1e3-4503-bf0b-0993ec9e0603,2025-12-03T15:57:33.006Z,PIEDRA,37,LAPISLÁZULI,J30,spanish,female,20-29,no
78c945b0-d1e3-4503-bf0b-0993ec9e0603,2025-12-03T15:58:13.510Z,POP,85,PIKACHU,K1,spanish,female,20-29,no
78c945b0-d1e3-4503-bf0b-0993ec9e0603,2025-12-03T15:58:30.184Z,ANIMAL,1,SALMÓN,E12,spanish,female,20-29,no
78c945b0-d1e3-4503-bf0b-0993ec9e0603,2025-12-03T15:58:40.069Z,COMESTIBLE,28,TOMATE,A13,spanish,female,20-29,no
78c945b0-d1e3-4503-bf0b-0993ec9e0603,2025-12-03T15:58:53.233Z,COMESTIBLE,18,CALABACÍN,L9,spanish,female,20-29,no
9a27bfa1-0cc7-481d-8334-a87d050e8f14,2025-12-03T15:59:11.479Z,PIEDRA,34,RUBÍ,B8,spanish,male,30-39,no
78c945b0-d1e3-4503-bf0b-0993ec9e0603,2025-12-03T15:59:14.848Z,ENTORNO,54,ARENA,I12,spanish,female,20-29,no
78c945b0-d1e3-4503-bf0b-0993ec9e0603,2025-12-03T15:59:26.178Z,ANIMAL,2,BALLENA,J19,spanish,female,20-29,no
9a27bfa1-0cc7-481d-8334-a87d050e8f14,2025-12-03T15:59:27.958Z,ANIMAL,10,MARIQUITA,C11,spanish,male,30-39,no
9a27bfa1-0cc7-481d-8334-a87d050e8f14,2025-12-03T15:59:41.785Z,PLANTA,50,MADERA,A2,spanish,male,30-39,no
9a27bfa1-0cc7-481d-8334-a87d050e8f14,2025-12-03T15:59:53.049Z,ENTORNO,52,PIEL,F12,spanish,male,30-39,no
9a27bfa1-0cc7-481d-8334-a87d050e8f14,2025-12-03T16:00:17.479Z,PIEDRA,30,PERLA,F24,spanish,male,30-39,no
9a27bfa1-0cc7-481d-8334-a87d050e8f14,2025-12-03T16:00:30.726Z,SUBJETIVO,76,VERANO,J5,spanish,male,30-39,no
9a27bfa1-0cc7-481d-8334-a87d050e8f14,2025-12-03T16:00:42.690Z,ENTORNO,60,MUSGO,O24,spanish,male,30-39,no
9a27bfa1-0cc7-481d-8334-a87d050e8f14,2025-12-03T16:01:00.763Z,SUBJETIVO,80,ESPERANZA,K16,spanish,male,30-39,no
9a27bfa1-0cc7-481d-8334-a87d050e8f14,2025-12-03T16:01:19.251Z,PLANTA,44,LAVANDA,K22,spanish,male,30-39,no
9a27bfa1-0cc7-481d-8334-a87d050e8f14,2025-12-03T16:01:31.380Z,POP,84,SONIC,L26,spanish,male,30-39,no
9a27bfa1-0cc7-481d-8334-a87d050e8f14,2025-12-03T16:05:43.304Z,COMESTIBLE,29,REMOLACHA,B24,spanish,male,30-39,no
9a27bfa1-0cc7-481d-8334-a87d050e8f14,2025-12-03T16:05:55.861Z,POP,86,HULK,O12,spanish,male,30-39,no
9a27bfa1-0cc7-481d-8334-a87d050e8f14,2025-12-03T16:06:52.555Z,ANIMAL,12,AXOLOTE,A1,spanish,male,30-39,no
9a27bfa1-0cc7-481d-8334-a87d050e8f14,2025-12-03T16:07:04.320Z,COMESTIBLE,27,PLÁTANO,I6,spanish,male,30-39,no
187f99a2-5222-45b9-91cd-e6f475916058,2025-12-03T16:54:47.512Z,POP,91,EPI (Y BLAS),D25,spanish,female,20-29,no
187f99a2-5222-45b9-91cd-e6f475916058,2025-12-03T16:55:12.282Z,SUBJETIVO,70,ASCO,P6,spanish,female,20-29,no
477b6f23-108b-447b-8cd6-019341908d08,2025-12-03T16:55:54.684Z,SUBJETIVO,75,TÓXICO,B12,spanish,female,20-29,no
477b6f23-108b-447b-8cd6-019341908d08,2025-12-03T16:56:11.686Z,ANIMAL,3,PARDO,B1,spanish,female,20-29,no
477b6f23-108b-447b-8cd6-019341908d08,2025-12-03T16:56:39.075Z,ENTORNO,63,SANGRE,A13,spanish,female,20-29,no
477b6f23-108b-447b-8cd6-019341908d08,2025-12-03T16:56:58.498Z,ANIMAL,9,TIGRE,D3,spanish,female,20-29,no
477b6f23-108b-447b-8cd6-019341908d08,2025-12-03T16:57:15.317Z,SUBJETIVO,66,SUEÑO,J29,spanish,female,20-29,no
477b6f23-108b-447b-8cd6-019341908d08,2025-12-03T16:57:30.067Z,POP,97,PETER PAN,P16,spanish,female,20-29,no
477b6f23-108b-447b-8cd6-019341908d08,2025-12-03T16:57:47.407Z,PIEDRA,37,LAPISLÁZULI,I30,spanish,female,20-29,no
477b6f23-108b-447b-8cd6-019341908d08,2025-12-03T16:58:05.640Z,PLANTA,49,MENTA,P8,spanish,female,20-29,no
477b6f23-108b-447b-8cd6-019341908d08,2025-12-03T16:58:18.165Z,PIEDRA,30,PERLA,I18,spanish,female,20-29,no
477b6f23-108b-447b-8cd6-019341908d08,2025-12-03T16:58:51.860Z,POP,100,ELMO,C8,spanish,female,20-29,no
477b6f23-108b-447b-8cd6-019341908d08,2025-12-03T16:59:17.511Z,COMESTIBLE,26,HUEVO,F9,spanish,female,20-29,no
477b6f23-108b-447b-8cd6-019341908d08,2025-12-03T16:59:48.388Z,ENTORNO,51,HURACÁN,I24,spanish,female,20-29,no
477b6f23-108b-447b-8cd6-019341908d08,2025-12-03T17:00:06.046Z,COMESTIBLE,23,ESPÁRRAGO,P10,spanish,female,20-29,no
477b6f23-108b-447b-8cd6-019341908d08,2025-12-03T17:00:25.303Z,PLANTA,42,ALBAHACA,P14,spanish,female,20-29,no
4f57c9e2-5cf4-4cb2-820c-238128f3e747,2025-12-03T17:13:38.937Z,POP,90,BRUJERÍA,E28,spanish,female,20-29,no
4f57c9e2-5cf4-4cb2-820c-238128f3e747,2025-12-03T17:14:04.161Z,PIEDRA,37,LAPISLÁZULI,L23,spanish,female,20-29,no
4f57c9e2-5cf4-4cb2-820c-238128f3e747,2025-12-03T17:14:15.094Z,ENTORNO,55,MARÍTIMO,K21,spanish,female,20-29,no
4f57c9e2-5cf4-4cb2-820c-238128f3e747,2025-12-03T17:14:27.313Z,PIEDRA,33,ORO,H1,spanish,female,20-29,no
4f57c9e2-5cf4-4cb2-820c-238128f3e747,2025-12-03T17:14:41.882Z,ENTORNO,56,BARRO,B1,spanish,female,20-29,no
4f57c9e2-5cf4-4cb2-820c-238128f3e747,2025-12-03T17:14:53.193Z,POP,93,SIMPSON,I2,spanish,female,20-29,no
4f57c9e2-5cf4-4cb2-820c-238128f3e747,2025-12-03T17:15:08.784Z,SUBJETIVO,72,SOLEDAD,I17,spanish,female,20-29,no
4f57c9e2-5cf4-4cb2-820c-238128f3e747,2025-12-03T17:15:19.358Z,COMESTIBLE,20,PEPINO,L10,spanish,female,20-29,no
4f57c9e2-5cf4-4cb2-820c-238128f3e747,2025-12-03T17:15:36.981Z,SUBJETIVO,65,VERGÜENZA,J5,spanish,female,20-29,no
4f57c9e2-5cf4-4cb2-820c-238128f3e747,2025-12-03T17:15:46.916Z,PLANTA,45,AMAPOLA,E15,spanish,female,20-29,no
4f57c9e2-5cf4-4cb2-820c-238128f3e747,2025-12-03T17:15:57.455Z,PLANTA,49,MENTA,M13,spanish,female,20-29,no
4f57c9e2-5cf4-4cb2-820c-238128f3e747,2025-12-03T17:16:14.264Z,COMESTIBLE,22,BERENJENA,G25,spanish,female,20-29,no
4f57c9e2-5cf4-4cb2-820c-238128f3e747,2025-12-03T17:16:29.519Z,ANIMAL,9,TIGRE,E4,spanish,female,20-29,no
4f57c9e2-5cf4-4cb2-820c-238128f3e747,2025-12-03T17:16:45.482Z,ANIMAL,6,GRILLO,K16,spanish,female,20-29,no
d4c6a36b-2f4a-4ebd-b854-474a15e7646c,2025-12-03T17:18:26.962Z,ENTORNO,64,ATARDECER,C4,spanish,male,20-29,no
d4c6a36b-2f4a-4ebd-b854-474a15e7646c,2025-12-03T17:18:50.213Z,ENTORNO,58,ESTANQUE,K18,spanish,male,20-29,no
d4c6a36b-2f4a-4ebd-b854-474a15e7646c,2025-12-03T17:19:15.921Z,PLANTA,47,CLAVEL,I18,spanish,male,20-29,no
d4c6a36b-2f4a-4ebd-b854-474a15e7646c,2025-12-03T17:19:30.593Z,PIEDRA,30,PERLA,L23,spanish,male,20-29,no
d4c6a36b-2f4a-4ebd-b854-474a15e7646c,2025-12-03T17:19:52.621Z,PIEDRA,37,LAPISLÁZULI,M30,spanish,male,20-29,no
d4c6a36b-2f4a-4ebd-b854-474a15e7646c,2025-12-03T17:20:11.099Z,SUBJETIVO,80,ESPERANZA,O15,spanish,male,20-29,no
d4c6a36b-2f4a-4ebd-b854-474a15e7646c,2025-12-03T17:20:26.087Z,PLANTA,44,LAVANDA,B28,spanish,male,20-29,no
d4c6a36b-2f4a-4ebd-b854-474a15e7646c,2025-12-03T17:20:39.176Z,COMESTIBLE,20,PEPINO,P10,spanish,male,20-29,no
d4c6a36b-2f4a-4ebd-b854-474a15e7646c,2025-12-03T17:20:55.875Z,ANIMAL,2,BALLENA,K28,spanish,male,20-29,no
d4c6a36b-2f4a-4ebd-b854-474a15e7646c,2025-12-03T17:21:11.460Z,SUBJETIVO,78,INVIERNO,K23,spanish,male,20-29,no
d4c6a36b-2f4a-4ebd-b854-474a15e7646c,2025-12-03T17:21:25.840Z,ANIMAL,11,RANA,O1,spanish,male,20-29,no
d4c6a36b-2f4a-4ebd-b854-474a15e7646c,2025-12-03T17:21:45.609Z,POP,84,SONIC,L29,spanish,male,20-29,no
d4c6a36b-2f4a-4ebd-b854-474a15e7646c,2025-12-03T17:21:57.097Z,POP,86,HULK,P10,spanish,male,20-29,no
d4c6a36b-2f4a-4ebd-b854-474a15e7646c,2025-12-03T17:22:08.864Z,COMESTIBLE,27,PLÁTANO,K2,spanish,male,20-29,no
421b9e78-64da-403e-a87d-002aca2228e3,2025-12-04T06:56:22.936Z,POP,82,SHRECK,O3,spanish,female,20-29,no
421b9e78-64da-403e-a87d-002aca2228e3,2025-12-04T06:56:35.815Z,ENTORNO,56,BARRO,A2,spanish,female,20-29,no
421b9e78-64da-403e-a87d-002aca2228e3,2025-12-04T06:56:56.374Z,SUBJETIVO,75,TÓXICO,P9,spanish,female,20-29,no
421b9e78-64da-403e-a87d-002aca2228e3,2025-12-04T06:57:07.495Z,PIEDRA,37,LAPISLÁZULI,L27,spanish,female,20-29,no
421b9e78-64da-403e-a87d-002aca2228e3,2025-12-04T06:57:18.996Z,POP,94,FLASH,I17,spanish,female,20-29,no
421b9e78-64da-403e-a87d-002aca2228e3,2025-12-04T06:57:35.155Z,COMESTIBLE,21,COCO,A3,spanish,female,20-29,no
421b9e78-64da-403e-a87d-002aca2228e3,2025-12-04T06:57:50.116Z,SUBJETIVO,77,OTOÑO,D5,spanish,female,20-29,no
421b9e78-64da-403e-a87d-002aca2228e3,2025-12-04T06:58:11.070Z,PIEDRA,34,RUBÍ,A8,spanish,female,20-29,no
421b9e78-64da-403e-a87d-002aca2228e3,2025-12-04T06:58:25.770Z,ANIMAL,6,GRILLO,O9,spanish,female,20-29,no
421b9e78-64da-403e-a87d-002aca2228e3,2025-12-04T06:58:37.229Z,ENTORNO,54,ARENA,C2,spanish,female,20-29,no
421b9e78-64da-403e-a87d-002aca2228e3,2025-12-04T06:58:46.932Z,PLANTA,45,AMAPOLA,E15,spanish,female,20-29,no
421b9e78-64da-403e-a87d-002aca2228e3,2025-12-04T06:58:56.257Z,COMESTIBLE,20,PEPINO,P10,spanish,female,20-29,no
421b9e78-64da-403e-a87d-002aca2228e3,2025-12-04T06:59:04.228Z,PLANTA,49,MENTA,N12,spanish,female,20-29,no
421b9e78-64da-403e-a87d-002aca2228e3,2025-12-04T06:59:18.212Z,ANIMAL,5,ZORRO,D6,spanish,female,20-29,no
8fb746da-28c5-477d-b4c3-e71d8b920dbd,2025-12-04T11:09:26.849Z,PIEDRA,37,LAPISLÁZULI,L24,spanish,female,20-29,no
8fb746da-28c5-477d-b4c3-e71d8b920dbd,2025-12-04T11:09:49.593Z,POP,98,STITCH,K29,spanish,female,20-29,no
8fb746da-28c5-477d-b4c3-e71d8b920dbd,2025-12-04T11:10:08.490Z,PLANTA,45,AMAPOLA,A9,spanish,female,20-29,no
8fb746da-28c5-477d-b4c3-e71d8b920dbd,2025-12-04T11:10:24.228Z,COMESTIBLE,14,LIMÓN,K2,spanish,female,20-29,no
8fb746da-28c5-477d-b4c3-e71d8b920dbd,2025-12-04T11:10:45.149Z,ANIMAL,4,FLAMENCO,E15,spanish,female,20-29,no
8fb746da-28c5-477d-b4c3-e71d8b920dbd,2025-12-04T11:11:10.316Z,PIEDRA,34,RUBÍ,A10,spanish,female,20-29,no
8fb746da-28c5-477d-b4c3-e71d8b920dbd,2025-12-04T11:11:23.486Z,ANIMAL,8,CERDO,G14,spanish,female,20-29,no
8fb746da-28c5-477d-b4c3-e71d8b920dbd,2025-12-04T11:11:34.640Z,SUBJETIVO,77,OTOÑO,E6,spanish,female,20-29,no
8fb746da-28c5-477d-b4c3-e71d8b920dbd,2025-12-04T11:12:19.355Z,ENTORNO,52,PIEL,H9,spanish,female,20-29,no
8fb746da-28c5-477d-b4c3-e71d8b920dbd,2025-12-04T11:14:01.864Z,ENTORNO,62,RAYO,J7,spanish,female,20-29,no
8fb746da-28c5-477d-b4c3-e71d8b920dbd,2025-12-04T11:14:14.831Z,SUBJETIVO,73,PELIGRO,A10,spanish,female,20-29,no
8fb746da-28c5-477d-b4c3-e71d8b920dbd,2025-12-04T11:14:25.853Z,PLANTA,50,MADERA,C3,spanish,female,20-29,no
8fb746da-28c5-477d-b4c3-e71d8b920dbd,2025-12-04T11:14:36.116Z,COMESTIBLE,21,COCO,A2,spanish,female,20-29,no
8fb746da-28c5-477d-b4c3-e71d8b920dbd,2025-12-04T11:15:19.535Z,POP,87,BARBIE,E15,spanish,female,20-29,no
2cd8e755-6d0d-4163-9a60-6d7e4ebb328e,2025-12-04T12:01:22.407Z,ANIMAL,12,AXOLOTE,H15,spanish,female,10-19,no
2cd8e755-6d0d-4163-9a60-6d7e4ebb328e,2025-12-04T12:02:02.729Z,COMESTIBLE,25,MANZANA,B9,spanish,female,10-19,no
2cd8e755-6d0d-4163-9a60-6d7e4ebb328e,2025-12-04T12:02:37.438Z,POP,85,PIKACHU,J5,spanish,female,10-19,no
2cd8e755-6d0d-4163-9a60-6d7e4ebb328e,2025-12-04T12:02:52.217Z,ENTORNO,61,CIELO,J19,spanish,female,10-19,no
2cd8e755-6d0d-4163-9a60-6d7e4ebb328e,2025-12-04T12:04:26.665Z,PLANTA,47,CLAVEL,F15,spanish,female,10-19,no
2cd8e755-6d0d-4163-9a60-6d7e4ebb328e,2025-12-04T12:05:05.872Z,PIEDRA,35,JADE,N20,spanish,female,10-19,no
2cd8e755-6d0d-4163-9a60-6d7e4ebb328e,2025-12-04T12:05:20.656Z,SUBJETIVO,80,ESPERANZA,P16,spanish,female,10-19,no
2cd8e755-6d0d-4163-9a60-6d7e4ebb328e,2025-12-04T12:05:49.223Z,SUBJETIVO,72,SOLEDAD,I17,spanish,female,10-19,no
2cd8e755-6d0d-4163-9a60-6d7e4ebb328e,2025-12-04T12:06:17.514Z,PIEDRA,37,LAPISLÁZULI,I30,spanish,female,10-19,no
2cd8e755-6d0d-4163-9a60-6d7e4ebb328e,2025-12-04T12:06:29.576Z,COMESTIBLE,27,PLÁTANO,J7,spanish,female,10-19,no
2cd8e755-6d0d-4163-9a60-6d7e4ebb328e,2025-12-04T12:06:55.299Z,ANIMAL,3,PARDO,E1,spanish,female,10-19,no
2cd8e755-6d0d-4163-9a60-6d7e4ebb328e,2025-12-04T12:07:23.775Z,ENTORNO,64,ATARDECER,D9,spanish,female,10-19,no
2cd8e755-6d0d-4163-9a60-6d7e4ebb328e,2025-12-04T12:07:39.560Z,PLANTA,46,TRIGO,F2,spanish,female,10-19,no
2cd8e755-6d0d-4163-9a60-6d7e4ebb328e,2025-12-04T12:08:19.892Z,POP,96,BLAS (Y EPI),J4,spanish,female,10-19,no
12478e0b-e130-42ed-86f6-01149508e15b,2025-12-05T11:56:43.833Z,ENTORNO,57,CÉSPED,O11,spanish,male,20-29,no
c91ebf2f-a7d5-4b1f-bcd0-445db5a9dc8f,2025-12-05T12:15:57.981Z,SUBJETIVO,73,PELIGRO,B8,spanish,male,20-29,no
d0c8df56-809d-4176-9f3f-edf0526cac02,2025-12-08T21:07:31.092Z,ANIMAL,11,RANA,P11,spanish,male,50-59,no
d0c8df56-809d-4176-9f3f-edf0526cac02,2025-12-08T21:07:50.884Z,PIEDRA,36,TEJA,A5,spanish,male,50-59,no
d0c8df56-809d-4176-9f3f-edf0526cac02,2025-12-08T21:08:11.303Z,COMESTIBLE,23,ESPÁRRAGO,M8,spanish,male,50-59,no
d0c8df56-809d-4176-9f3f-edf0526cac02,2025-12-08T21:08:32.820Z,PIEDRA,35,JADE,N12,spanish,male,50-59,no
d0c8df56-809d-4176-9f3f-edf0526cac02,2025-12-08T21:08:52.853Z,POP,87,BARBIE,E15,spanish,male,50-59,no
d0c8df56-809d-4176-9f3f-edf0526cac02,2025-12-08T21:09:12.437Z,SUBJETIVO,71,ALEGRÍA,J1,spanish,male,50-59,no
d0c8df56-809d-4176-9f3f-edf0526cac02,2025-12-08T21:09:26.720Z,PLANTA,41,GIRASOL,H3,spanish,male,50-59,no
d0c8df56-809d-4176-9f3f-edf0526cac02,2025-12-08T21:09:44.471Z,ENTORNO,62,RAYO,H28,spanish,male,50-59,no
d0c8df56-809d-4176-9f3f-edf0526cac02,2025-12-08T21:10:20.168Z,ENTORNO,58,ESTANQUE,K16,spanish,male,50-59,no
d0c8df56-809d-4176-9f3f-edf0526cac02,2025-12-08T21:10:35.438Z,PLANTA,47,CLAVEL,A10,spanish,male,50-59,no
d0c8df56-809d-4176-9f3f-edf0526cac02,2025-12-08T21:10:49.855Z,ANIMAL,8,CERDO,E14,spanish,male,50-59,no
d0c8df56-809d-4176-9f3f-edf0526cac02,2025-12-08T21:11:06.313Z,POP,93,SIMPSON,J1,spanish,male,50-59,no
d0c8df56-809d-4176-9f3f-edf0526cac02,2025-12-08T21:11:17.320Z,COMESTIBLE,21,COCO,A1,spanish,male,50-59,no
d0c8df56-809d-4176-9f3f-edf0526cac02,2025-12-08T21:11:31.986Z,SUBJETIVO,66,SUEÑO,I18,spanish,male,50-59,no
06717c01-806b-476c-adc8-f44be8578954,2025-12-08T21:12:46.423Z,ENTORNO,55,MARÍTIMO,N27,spanish,male,30-39,no
06717c01-806b-476c-adc8-f44be8578954,2025-12-08T21:13:12.004Z,COMESTIBLE,29,REMOLACHA,B17,spanish,male,30-39,no
06717c01-806b-476c-adc8-f44be8578954,2025-12-08T21:13:37.288Z,ENTORNO,52,PIEL,F12,spanish,male,30-39,no
06717c01-806b-476c-adc8-f44be8578954,2025-12-08T21:13:56.490Z,PLANTA,46,TRIGO,G2,spanish,male,30-39,no
06717c01-806b-476c-adc8-f44be8578954,2025-12-08T21:14:09.922Z,PLANTA,49,MENTA,P11,spanish,male,30-39,no
06717c01-806b-476c-adc8-f44be8578954,2025-12-08T21:14:24.541Z,SUBJETIVO,70,ASCO,A2,spanish,male,30-39,no
06717c01-806b-476c-adc8-f44be8578954,2025-12-08T21:14:57.909Z,PIEDRA,39,LADRILLO,C8,spanish,male,30-39,no
06717c01-806b-476c-adc8-f44be8578954,2025-12-08T21:15:14.241Z,PIEDRA,40,ESMERALDA,N8,spanish,male,30-39,no
06717c01-806b-476c-adc8-f44be8578954,2025-12-08T21:15:25.823Z,SUBJETIVO,77,OTOÑO,B3,spanish,male,30-39,no
06717c01-806b-476c-adc8-f44be8578954,2025-12-08T21:15:49.824Z,COMESTIBLE,19,UVA,M9,spanish,male,30-39,no
06717c01-806b-476c-adc8-f44be8578954,2025-12-08T21:16:15.507Z,POP,89,PITUFO,L24,spanish,male,30-39,no
06717c01-806b-476c-adc8-f44be8578954,2025-12-08T21:16:35.478Z,ANIMAL,6,GRILLO,O8,spanish,male,30-39,no
06717c01-806b-476c-adc8-f44be8578954,2025-12-08T21:16:49.278Z,POP,82,SHRECK,N7,spanish,male,30-39,no
06717c01-806b-476c-adc8-f44be8578954,2025-12-08T21:17:18.124Z,ANIMAL,10,MARIQUITA,B13,spanish,male,30-39,no
ae27a3d2-e9b2-430d-9710-366bb1d500d1,2025-12-10T06:31:37.599Z,PIEDRA,31,AMATISTA,A13,spanish,female,30-39,no
2d888820-4e5d-4db0-ba1d-daa5fbd6ac38,2025-12-10T07:51:24.637Z,STONE,31,AMETHYST,A30,english,female,30-39,no
2d888820-4e5d-4db0-ba1d-daa5fbd6ac38,2025-12-10T07:52:25.726Z,POP,83,TRACTOR,F3,english,female,30-39,no
2d888820-4e5d-4db0-ba1d-daa5fbd6ac38,2025-12-10T07:52:58.998Z,PLANT,48,CORAL,D11,english,female,30-39,no
2d888820-4e5d-4db0-ba1d-daa5fbd6ac38,2025-12-10T07:53:20.479Z,PLANT,50,WOOD,B2,english,female,30-39,no
2d888820-4e5d-4db0-ba1d-daa5fbd6ac38,2025-12-10T07:55:01.381Z,POP,98,STITCH,I18,english,female,30-39,no
2d888820-4e5d-4db0-ba1d-daa5fbd6ac38,2025-12-10T07:55:37.176Z,ANIMAL,10,LADYBUG,B7,english,female,30-39,no
2d888820-4e5d-4db0-ba1d-daa5fbd6ac38,2025-12-10T07:56:08.600Z,STONE,39,BRICK,A7,english,female,30-39,no
2d888820-4e5d-4db0-ba1d-daa5fbd6ac38,2025-12-10T07:57:36.436Z,ENVIRONMENT,51,HURRICANE,J18,english,female,30-39,no
2d888820-4e5d-4db0-ba1d-daa5fbd6ac38,2025-12-10T07:57:57.544Z,ANIMAL,1,SALMON,E10,english,female,30-39,no
2d888820-4e5d-4db0-ba1d-daa5fbd6ac38,2025-12-10T07:58:15.195Z,FOOD,22,EGGPLANT,H18,english,female,30-39,no
2d888820-4e5d-4db0-ba1d-daa5fbd6ac38,2025-12-10T07:58:46.084Z,FOOD,17,PUMPKIN,B6,english,female,30-39,no
2d888820-4e5d-4db0-ba1d-daa5fbd6ac38,2025-12-10T07:59:31.684Z,ENVIRONMENT,63,BLOOD,A12,english,female,30-39,no
2d888820-4e5d-4db0-ba1d-daa5fbd6ac38,2025-12-10T08:00:13.485Z,SUBJETIVE,66,RELAX,O15,english,female,30-39,no
2d888820-4e5d-4db0-ba1d-daa5fbd6ac38,2025-12-10T08:00:40.513Z,SUBJETIVE,73,DANGER,H3,english,female,30-39,no
48cba5ca-4882-4cfe-a767-f3d03e4b2670,2025-12-10T08:11:40.339Z,PLANT,47,CARNATION,D14,english,male,20-29,no
48cba5ca-4882-4cfe-a767-f3d03e4b2670,2025-12-10T08:12:21.944Z,POP,91,BERT (AND ERNIE),F2,english,male,20-29,no
48cba5ca-4882-4cfe-a767-f3d03e4b2670,2025-12-10T08:13:00.020Z,ENVIRONMENT,62,THUNDERBOLT,I1,english,male,20-29,no
48cba5ca-4882-4cfe-a767-f3d03e4b2670,2025-12-10T08:14:10.690Z,ANIMAL,12,AXOLOTL,H13,english,male,20-29,no
48cba5ca-4882-4cfe-a767-f3d03e4b2670,2025-12-10T08:14:20.061Z,FOOD,15,LIME,L7,english,male,20-29,no
48cba5ca-4882-4cfe-a767-f3d03e4b2670,2025-12-10T08:14:36.050Z,STONE,39,BRICK,A8,english,male,20-29,no
48cba5ca-4882-4cfe-a767-f3d03e4b2670,2025-12-10T08:15:02.203Z,FOOD,22,EGGPLANT,G30,english,male,20-29,no
48cba5ca-4882-4cfe-a767-f3d03e4b2670,2025-12-10T08:16:09.632Z,STONE,36,TILE,I18,english,male,20-29,no
48cba5ca-4882-4cfe-a767-f3d03e4b2670,2025-12-10T08:16:23.245Z,ANIMAL,9,TIGER,E4,english,male,20-29,no
48cba5ca-4882-4cfe-a767-f3d03e4b2670,2025-12-10T08:16:32.384Z,POP,93,SIMPSON,G2,english,male,20-29,no
48cba5ca-4882-4cfe-a767-f3d03e4b2670,2025-12-10T08:16:51.678Z,SUBJETIVE,69,RAGE,A13,english,male,20-29,no
48cba5ca-4882-4cfe-a767-f3d03e4b2670,2025-12-10T08:17:06.877Z,SUBJETIVE,68,PEACE,N21,english,male,20-29,no
48cba5ca-4882-4cfe-a767-f3d03e4b2670,2025-12-10T08:17:20.809Z,PLANT,49,MINT,O11,english,male,20-29,no
48cba5ca-4882-4cfe-a767-f3d03e4b2670,2025-12-10T08:17:28.852Z,ENVIRONMENT,61,SKY,M25,english,male,20-29,no
23e95b67-6503-43e7-933f-746f75b1b04c,2025-12-10T09:37:35.769Z,ENTORNO,54,ARENA,G3,spanish,prefer-not-to-say,20-29,no
7aa44c8a-80bb-478c-a83d-869233370f3f,2025-12-10T09:37:45.838Z,PLANTA,41,GIRASOL,G3,spanish,male,20-29,no
23e95b67-6503-43e7-933f-746f75b1b04c,2025-12-10T09:38:08.258Z,POP,93,SIMPSON,I7,spanish,prefer-not-to-say,20-29,no
7aa44c8a-80bb-478c-a83d-869233370f3f,2025-12-10T09:38:13.400Z,POP,89,PITUFO,N28,spanish,male,20-29,no
7aa44c8a-80bb-478c-a83d-869233370f3f,2025-12-10T09:38:37.059Z,ANIMAL,11,RANA,O14,spanish,male,20-29,no
23e95b67-6503-43e7-933f-746f75b1b04c,2025-12-10T09:38:41.952Z,POP,96,BLAS (Y EPI),J2,spanish,prefer-not-to-say,20-29,no
7aa44c8a-80bb-478c-a83d-869233370f3f,2025-12-10T09:38:53.903Z,ANIMAL,8,CERDO,F15,spanish,male,20-29,no
23e95b67-6503-43e7-933f-746f75b1b04c,2025-12-10T09:38:56.040Z,COMESTIBLE,20,PEPINO,O14,spanish,prefer-not-to-say,20-29,no
23e95b67-6503-43e7-933f-746f75b1b04c,2025-12-10T09:39:09.577Z,SUBJETIVO,73,PELIGRO,B9,spanish,prefer-not-to-say,20-29,no
23e95b67-6503-43e7-933f-746f75b1b04c,2025-12-10T09:39:22.560Z,ANIMAL,13,SAPO,P10,spanish,prefer-not-to-say,20-29,no
7aa44c8a-80bb-478c-a83d-869233370f3f,2025-12-10T09:39:28.756Z,SUBJETIVO,75,TÓXICO,P19,spanish,male,20-29,no
23e95b67-6503-43e7-933f-746f75b1b04c,2025-12-10T09:39:37.512Z,SUBJETIVO,70,ASCO,C30,spanish,prefer-not-to-say,20-29,no
23e95b67-6503-43e7-933f-746f75b1b04c,2025-12-10T09:40:16.481Z,COMESTIBLE,19,UVA,N13,spanish,prefer-not-to-say,20-29,no
7aa44c8a-80bb-478c-a83d-869233370f3f,2025-12-10T09:40:17.493Z,POP,95,MONST. GALLETA,K28,spanish,male,20-29,no
7aa44c8a-80bb-478c-a83d-869233370f3f,2025-12-10T09:40:34.486Z,PIEDRA,31,AMATISTA,E28,spanish,male,20-29,no
23e95b67-6503-43e7-933f-746f75b1b04c,2025-12-10T09:40:34.608Z,PLANTA,50,MADERA,B3,spanish,prefer-not-to-say,20-29,no
23e95b67-6503-43e7-933f-746f75b1b04c,2025-12-10T09:40:43.849Z,PIEDRA,31,AMATISTA,F26,spanish,prefer-not-to-say,20-29,no
23e95b67-6503-43e7-933f-746f75b1b04c,2025-12-10T09:40:56.192Z,PLANTA,49,MENTA,L16,spanish,prefer-not-to-say,20-29,no
7aa44c8a-80bb-478c-a83d-869233370f3f,2025-12-10T09:40:58.321Z,SUBJETIVO,68,PAZ,J7,spanish,male,20-29,no
23e95b67-6503-43e7-933f-746f75b1b04c,2025-12-10T09:41:17.512Z,ENTORNO,52,PIEL,I12,spanish,prefer-not-to-say,20-29,no
7aa44c8a-80bb-478c-a83d-869233370f3f,2025-12-10T09:41:19.068Z,ENTORNO,54,ARENA,I12,spanish,male,20-29,no
7aa44c8a-80bb-478c-a83d-869233370f3f,2025-12-10T09:41:29.891Z,PLANTA,42,ALBAHACA,P8,spanish,male,20-29,no
23e95b67-6503-43e7-933f-746f75b1b04c,2025-12-10T09:41:46.065Z,ANIMAL,7,CANARIO,H4,spanish,prefer-not-to-say,20-29,no
7aa44c8a-80bb-478c-a83d-869233370f3f,2025-12-10T09:41:47.504Z,COMESTIBLE,16,KIWI,N10,spanish,male,20-29,no
23e95b67-6503-43e7-933f-746f75b1b04c,2025-12-10T09:41:57.632Z,PIEDRA,36,TEJA,A7,spanish,prefer-not-to-say,20-29,no
7aa44c8a-80bb-478c-a83d-869233370f3f,2025-12-10T09:41:59.161Z,COMESTIBLE,14,LIMÓN,L2,spanish,male,20-29,no
7aa44c8a-80bb-478c-a83d-869233370f3f,2025-12-10T09:42:09.450Z,PIEDRA,33,ORO,H1,spanish,male,20-29,no
7aa44c8a-80bb-478c-a83d-869233370f3f,2025-12-10T09:42:22.515Z,ENTORNO,56,BARRO,D1,spanish,male,20-29,no
97d0efe1-8342-4dff-add8-60b3bbe94d26,2025-12-10T09:42:37.929Z,FOOD,24,PEACH,F6,english,female,50-59,no
97d0efe1-8342-4dff-add8-60b3bbe94d26,2025-12-10T09:43:39.946Z,POP,92,GRINCH,M13,english,female,50-59,no
97d0efe1-8342-4dff-add8-60b3bbe94d26,2025-12-10T09:43:54.867Z,PLANT,50,WOOD,B2,english,female,50-59,no
97d0efe1-8342-4dff-add8-60b3bbe94d26,2025-12-10T09:44:07.179Z,STONE,39,BRICK,B8,english,female,50-59,no
97d0efe1-8342-4dff-add8-60b3bbe94d26,2025-12-10T09:44:24.786Z,ENVIRONMENT,63,BLOOD,C14,english,female,50-59,no
97d0efe1-8342-4dff-add8-60b3bbe94d26,2025-12-10T09:44:54.608Z,ANIMAL,10,LADYBUG,A12,english,female,50-59,no
97d0efe1-8342-4dff-add8-60b3bbe94d26,2025-12-10T09:45:47.404Z,ANIMAL,6,CRICKET,I15,english,female,50-59,no
97d0efe1-8342-4dff-add8-60b3bbe94d26,2025-12-10T09:46:09.079Z,FOOD,25,APPLE,B11,english,female,50-59,no
97d0efe1-8342-4dff-add8-60b3bbe94d26,2025-12-10T09:46:58.652Z,STONE,32,SAPPHIRE,G29,english,female,50-59,no
97d0efe1-8342-4dff-add8-60b3bbe94d26,2025-12-10T09:47:19.298Z,SUBJETIVE,67,ECOLOGY,M16,english,female,50-59,no
97d0efe1-8342-4dff-add8-60b3bbe94d26,2025-12-10T09:47:34.221Z,SUBJETIVE,66,RELAX,J19,english,female,50-59,no
97d0efe1-8342-4dff-add8-60b3bbe94d26,2025-12-10T09:49:03.623Z,POP,90,WITCHCRAFT,A1,english,female,50-59,no
97d0efe1-8342-4dff-add8-60b3bbe94d26,2025-12-10T09:49:19.084Z,PLANT,41,SUNFLOWER,I6,english,female,50-59,no
97d0efe1-8342-4dff-add8-60b3bbe94d26,2025-12-10T09:49:58.351Z,ENVIRONMENT,62,THUNDERBOLT,J5,english,female,50-59,no
fca9196d-bb8f-410c-b3dc-c8c01415a646,2025-12-10T18:32:26.231Z,SUBJETIVO,74,TRISTEZA,A11,spanish,male,20-29,no
fca9196d-bb8f-410c-b3dc-c8c01415a646,2025-12-10T18:33:07.535Z,ENTORNO,60,MUSGO,O11,spanish,male,20-29,no
fca9196d-bb8f-410c-b3dc-c8c01415a646,2025-12-10T18:33:22.885Z,PLANTA,45,AMAPOLA,A21,spanish,male,20-29,no
fca9196d-bb8f-410c-b3dc-c8c01415a646,2025-12-10T18:33:35.146Z,SUBJETIVO,68,PAZ,K1,spanish,male,20-29,no
fca9196d-bb8f-410c-b3dc-c8c01415a646,2025-12-10T18:33:58.033Z,ANIMAL,6,GRILLO,A12,spanish,male,20-29,no
fca9196d-bb8f-410c-b3dc-c8c01415a646,2025-12-10T18:34:12.900Z,PIEDRA,33,ORO,H1,spanish,male,20-29,no
fca9196d-bb8f-410c-b3dc-c8c01415a646,2025-12-10T18:34:24.006Z,PLANTA,50,MADERA,A3,spanish,male,20-29,no
fca9196d-bb8f-410c-b3dc-c8c01415a646,2025-12-10T18:34:39.660Z,PIEDRA,34,RUBÍ,D5,spanish,male,20-29,no
fca9196d-bb8f-410c-b3dc-c8c01415a646,2025-12-10T18:34:54.468Z,PIEDRA,34,RUBÍ,D5,spanish,male,20-29,no
fca9196d-bb8f-410c-b3dc-c8c01415a646,2025-12-10T18:35:11.008Z,COMESTIBLE,17,CALABAZA,A10,spanish,male,20-29,no
fca9196d-bb8f-410c-b3dc-c8c01415a646,2025-12-10T18:35:26.783Z,POP,85,PIKACHU,L1,spanish,male,20-29,no
fca9196d-bb8f-410c-b3dc-c8c01415a646,2025-12-10T18:35:58.526Z,COMESTIBLE,23,ESPÁRRAGO,P10,spanish,male,20-29,no
fca9196d-bb8f-410c-b3dc-c8c01415a646,2025-12-10T18:36:11.060Z,ENTORNO,63,SANGRE,A10,spanish,male,20-29,no
fca9196d-bb8f-410c-b3dc-c8c01415a646,2025-12-10T18:36:34.303Z,POP,95,MONST. GALLETA,I30,spanish,male,20-29,no
fca9196d-bb8f-410c-b3dc-c8c01415a646,2025-12-10T18:37:23.445Z,ANIMAL,13,SAPO,A5,spanish,male,20-29,no
53c1b00c-e840-4413-bc36-2f656c14a9b0,2025-12-10T22:51:57.554Z,SUBJETIVO,66,SUEÑO,F30,spanish,male,50-59,no
53c1b00c-e840-4413-bc36-2f656c14a9b0,2025-12-10T22:52:31.503Z,ENTORNO,57,CÉSPED,P15,spanish,male,50-59,no
53c1b00c-e840-4413-bc36-2f656c14a9b0,2025-12-10T22:53:48.481Z,SUBJETIVO,79,PRIMAVERA,H14,spanish,male,50-59,no
53c1b00c-e840-4413-bc36-2f656c14a9b0,2025-12-10T22:54:16.791Z,ANIMAL,8,CERDO,E5,spanish,male,50-59,no
53c1b00c-e840-4413-bc36-2f656c14a9b0,2025-12-10T22:54:44.413Z,PLANTA,45,AMAPOLA,B14,spanish,male,50-59,no
53c1b00c-e840-4413-bc36-2f656c14a9b0,2025-12-10T22:54:57.582Z,PLANTA,42,ALBAHACA,P11,spanish,male,50-59,no
53c1b00c-e840-4413-bc36-2f656c14a9b0,2025-12-10T22:55:32.864Z,PIEDRA,32,ZAFIRO,F29,spanish,male,50-59,no
53c1b00c-e840-4413-bc36-2f656c14a9b0,2025-12-10T22:55:50.931Z,ANIMAL,11,RANA,M9,spanish,male,50-59,no
53c1b00c-e840-4413-bc36-2f656c14a9b0,2025-12-10T22:56:03.449Z,COMESTIBLE,29,REMOLACHA,C27,spanish,male,50-59,no
53c1b00c-e840-4413-bc36-2f656c14a9b0,2025-12-10T22:56:37.831Z,POP,95,MONST. GALLETA,I30,spanish,male,50-59,no
53c1b00c-e840-4413-bc36-2f656c14a9b0,2025-12-10T22:56:58.724Z,ENTORNO,59,AMANECER,E2,spanish,male,50-59,no
53c1b00c-e840-4413-bc36-2f656c14a9b0,2025-12-10T22:57:13.374Z,COMESTIBLE,21,COCO,A1,spanish,male,50-59,no
53c1b00c-e840-4413-bc36-2f656c14a9b0,2025-12-10T22:58:01.169Z,PIEDRA,35,JADE,P23,spanish,male,50-59,no
53c1b00c-e840-4413-bc36-2f656c14a9b0,2025-12-10T22:58:37.704Z,POP,84,SONIC,N28,spanish,male,50-59,no
6f7fe746-338f-4259-aa77-a3dbea50541a,2025-12-11T10:55:17.428Z,COMESTIBLE,22,BERENJENA,C26,spanish,male,20-29,no
6f7fe746-338f-4259-aa77-a3dbea50541a,2025-12-11T10:55:54.840Z,PIEDRA,40,ESMERALDA,M16,spanish,male,20-29,no
6f7fe746-338f-4259-aa77-a3dbea50541a,2025-12-11T10:56:06.871Z,POP,98,STITCH,L23,spanish,male,20-29,no
6f7fe746-338f-4259-aa77-a3dbea50541a,2025-12-11T10:56:19.184Z,SUBJETIVO,65,VERGÜENZA,D9,spanish,male,20-29,no
6f7fe746-338f-4259-aa77-a3dbea50541a,2025-12-11T10:56:34.394Z,ENTORNO,54,ARENA,F4,spanish,male,20-29,no
6f7fe746-338f-4259-aa77-a3dbea50541a,2025-12-11T10:56:42.981Z,PIEDRA,37,LAPISLÁZULI,O29,spanish,male,20-29,no
6f7fe746-338f-4259-aa77-a3dbea50541a,2025-12-11T10:56:51.544Z,ENTORNO,51,HURACÁN,I18,spanish,male,20-29,no
6f7fe746-338f-4259-aa77-a3dbea50541a,2025-12-11T10:57:07.620Z,COMESTIBLE,21,COCO,I16,spanish,male,20-29,no
6f7fe746-338f-4259-aa77-a3dbea50541a,2025-12-11T10:57:19.478Z,PLANTA,47,CLAVEL,J2,spanish,male,20-29,no
6f7fe746-338f-4259-aa77-a3dbea50541a,2025-12-11T10:57:27.699Z,SUBJETIVO,66,SUEÑO,K21,spanish,male,20-29,no
6f7fe746-338f-4259-aa77-a3dbea50541a,2025-12-11T10:57:43.114Z,ANIMAL,12,AXOLOTE,F15,spanish,male,20-29,no
6f7fe746-338f-4259-aa77-a3dbea50541a,2025-12-11T10:57:49.934Z,PLANTA,42,ALBAHACA,M12,spanish,male,20-29,no
6f7fe746-338f-4259-aa77-a3dbea50541a,2025-12-11T10:58:00.287Z,POP,81,FEMINISMO,D23,spanish,male,20-29,no
6f7fe746-338f-4259-aa77-a3dbea50541a,2025-12-11T10:58:10.238Z,ANIMAL,4,FLAMENCO,A9,spanish,male,20-29,no
1829cd42-73a1-441f-9c90-411a0161d7a0,2025-12-11T11:02:22.531Z,ENTORNO,59,AMANECER,G7,spanish,female,20-29,no
1829cd42-73a1-441f-9c90-411a0161d7a0,2025-12-11T11:03:04.466Z,POP,95,MONST. GALLETA,I30,spanish,female,20-29,no
1829cd42-73a1-441f-9c90-411a0161d7a0,2025-12-11T11:03:21.261Z,SUBJETIVO,80,ESPERANZA,N14,spanish,female,20-29,no
1829cd42-73a1-441f-9c90-411a0161d7a0,2025-12-11T11:03:48.676Z,COMESTIBLE,29,REMOLACHA,B24,spanish,female,20-29,no
1829cd42-73a1-441f-9c90-411a0161d7a0,2025-12-11T11:04:34.541Z,COMESTIBLE,24,MELOCOTÓN,E9,spanish,female,20-29,no
1829cd42-73a1-441f-9c90-411a0161d7a0,2025-12-11T11:05:00.735Z,ENTORNO,52,PIEL,H10,spanish,female,20-29,no
1829cd42-73a1-441f-9c90-411a0161d7a0,2025-12-11T11:05:36.629Z,ANIMAL,9,TIGRE,D3,spanish,female,20-29,no
1829cd42-73a1-441f-9c90-411a0161d7a0,2025-12-11T11:06:02.683Z,SUBJETIVO,74,TRISTEZA,J27,spanish,female,20-29,no
1829cd42-73a1-441f-9c90-411a0161d7a0,2025-12-11T11:06:25.188Z,PLANTA,49,MENTA,N20,spanish,female,20-29,no
1829cd42-73a1-441f-9c90-411a0161d7a0,2025-12-11T11:06:49.087Z,POP,97,PETER PAN,O12,spanish,female,20-29,no
1829cd42-73a1-441f-9c90-411a0161d7a0,2025-12-11T11:07:00.541Z,PIEDRA,39,LADRILLO,C4,spanish,female,20-29,no
1829cd42-73a1-441f-9c90-411a0161d7a0,2025-12-11T11:07:40.122Z,PLANTA,42,ALBAHACA,N14,spanish,female,20-29,no
1829cd42-73a1-441f-9c90-411a0161d7a0,2025-12-11T11:08:11.961Z,ANIMAL,8,CERDO,G11,spanish,female,20-29,no
1829cd42-73a1-441f-9c90-411a0161d7a0,2025-12-11T11:08:51.868Z,PIEDRA,40,ESMERALDA,N14,spanish,female,20-29,no
d43f7ce8-b41b-4f4d-9aef-8f7b02d0fdd7,2025-12-16T13:07:13.952Z,SUBJETIVO,68,PAZ,K20,spanish,female,20-29,no
2a17e598-2148-448d-a18a-00ec7fd609f5,2025-12-16T13:07:14.991Z,COMESTIBLE,28,TOMATE,L13,spanish,female,20-29,no
d43f7ce8-b41b-4f4d-9aef-8f7b02d0fdd7,2025-12-16T13:07:39.894Z,PLANTA,44,LAVANDA,G25,spanish,female,20-29,no
2a17e598-2148-448d-a18a-00ec7fd609f5,2025-12-16T13:07:45.665Z,POP,88,COLORETE,B13,spanish,female,20-29,no
b9e5e024-a578-4036-b9ae-0c2ff62c3b1f,2025-12-16T13:07:44.357Z,ENTORNO,54,ARENA,I5,spanish,female,20-29,no
cfd7093a-6235-42b9-99f9-6697d86e23eb,2025-12-16T13:07:46.850Z,COMESTIBLE,14,LIMÓN,J2,spanish,female,20-29,no
d43f7ce8-b41b-4f4d-9aef-8f7b02d0fdd7,2025-12-16T13:07:56.846Z,POP,82,SHRECK,N11,spanish,female,20-29,no
eccb511e-e3f5-4537-bf11-3c116e735562,2025-12-16T13:07:59.942Z,POP,82,SHRECK,P11,spanish,female,20-29,no
2a17e598-2148-448d-a18a-00ec7fd609f5,2025-12-16T13:08:09.927Z,POP,94,FLASH,J10,spanish,female,20-29,no
ffe4cf6d-ce5f-4d92-bf21-c1239c95a0ae,2025-12-16T13:08:13.350Z,PLANTA,47,CLAVEL,I15,spanish,female,20-29,no
d43f7ce8-b41b-4f4d-9aef-8f7b02d0fdd7,2025-12-16T13:08:15.780Z,ANIMAL,3,PARDO,A3,spanish,female,20-29,no
eccb511e-e3f5-4537-bf11-3c116e735562,2025-12-16T13:08:20.201Z,ANIMAL,1,SALMÓN,H13,spanish,female,20-29,no
b9e5e024-a578-4036-b9ae-0c2ff62c3b1f,2025-12-16T13:08:22.471Z,SUBJETIVO,66,SUEÑO,I30,spanish,female,20-29,no
2a17e598-2148-448d-a18a-00ec7fd609f5,2025-12-16T13:08:26.770Z,ENTORNO,52,PIEL,H13,spanish,female,20-29,no
eccb511e-e3f5-4537-bf11-3c116e735562,2025-12-16T13:08:38.492Z,PLANTA,44,LAVANDA,F26,spanish,female,20-29,no
ffe4cf6d-ce5f-4d92-bf21-c1239c95a0ae,2025-12-16T13:08:39.876Z,ENTORNO,51,HURACÁN,K22,spanish,female,20-29,no
cfd7093a-6235-42b9-99f9-6697d86e23eb,2025-12-16T13:08:39.615Z,PIEDRA,32,ZAFIRO,K24,spanish,female,20-29,no
eccb511e-e3f5-4537-bf11-3c116e735562,2025-12-16T13:08:52.615Z,PIEDRA,30,PERLA,I18,spanish,female,20-29,no
09328c90-ea37-4c6d-b63d-745594deae2b,2025-12-16T13:08:52.133Z,PIEDRA,37,LAPISLÁZULI,B1,spanish,male,20-29,no
b9e5e024-a578-4036-b9ae-0c2ff62c3b1f,2025-12-16T13:08:51.305Z,ENTORNO,57,CÉSPED,O13,spanish,female,20-29,no
ffe4cf6d-ce5f-4d92-bf21-c1239c95a0ae,2025-12-16T13:08:57.835Z,SUBJETIVO,76,VERANO,K4,spanish,female,20-29,no
065cada0-4a41-4c73-af1d-6d73d194116f,2025-12-16T13:08:55.659Z,PIEDRA,32,ZAFIRO,H15,spanish,female,20-29,no
cfd7093a-6235-42b9-99f9-6697d86e23eb,2025-12-16T13:09:11.906Z,PIEDRA,35,JADE,P15,spanish,female,20-29,no
2a17e598-2148-448d-a18a-00ec7fd609f5,2025-12-16T13:09:18.470Z,PLANTA,42,ALBAHACA,N11,spanish,female,20-29,no
09328c90-ea37-4c6d-b63d-745594deae2b,2025-12-16T13:09:27.116Z,COMESTIBLE,19,UVA,P21,spanish,male,20-29,no
cfd7093a-6235-42b9-99f9-6697d86e23eb,2025-12-16T13:09:30.928Z,COMESTIBLE,22,BERENJENA,E25,spanish,female,20-29,no
ffe4cf6d-ce5f-4d92-bf21-c1239c95a0ae,2025-12-16T13:09:36.311Z,POP,100,ELMO,F30,spanish,female,20-29,no
065cada0-4a41-4c73-af1d-6d73d194116f,2025-12-16T13:09:36.591Z,ENTORNO,61,CIELO,O29,spanish,female,20-29,no
2a17e598-2148-448d-a18a-00ec7fd609f5,2025-12-16T13:09:44.807Z,ENTORNO,56,BARRO,C3,spanish,female,20-29,no
b9e5e024-a578-4036-b9ae-0c2ff62c3b1f,2025-12-16T13:09:47.882Z,PIEDRA,37,LAPISLÁZULI,N28,spanish,female,20-29,no
ffe4cf6d-ce5f-4d92-bf21-c1239c95a0ae,2025-12-16T13:09:53.022Z,PIEDRA,38,AMBAR,A7,spanish,female,20-29,no
09328c90-ea37-4c6d-b63d-745594deae2b,2025-12-16T13:09:59.106Z,ANIMAL,4,FLAMENCO,F15,spanish,male,20-29,no
2a17e598-2148-448d-a18a-00ec7fd609f5,2025-12-16T13:10:03.405Z,ANIMAL,8,CERDO,G15,spanish,female,20-29,no
065cada0-4a41-4c73-af1d-6d73d194116f,2025-12-16T13:10:09.867Z,POP,82,SHRECK,P18,spanish,female,20-29,no
b9e5e024-a578-4036-b9ae-0c2ff62c3b1f,2025-12-16T13:10:15.207Z,POP,86,HULK,N7,spanish,female,20-29,no
09328c90-ea37-4c6d-b63d-745594deae2b,2025-12-16T13:10:22.328Z,POP,90,BRUJERÍA,A30,spanish,male,20-29,no
eccb511e-e3f5-4537-bf11-3c116e735562,2025-12-16T13:10:24.838Z,ANIMAL,12,AXOLOTE,H20,spanish,female,20-29,no
ffe4cf6d-ce5f-4d92-bf21-c1239c95a0ae,2025-12-16T13:10:31.125Z,POP,99,SUBMARINO,L30,spanish,female,20-29,no
eccb511e-e3f5-4537-bf11-3c116e735562,2025-12-16T13:10:42.122Z,ENTORNO,57,CÉSPED,P10,spanish,female,20-29,no
cfd7093a-6235-42b9-99f9-6697d86e23eb,2025-12-16T13:10:32.238Z,ANIMAL,1,SALMÓN,G12,spanish,female,20-29,no
065cada0-4a41-4c73-af1d-6d73d194116f,2025-12-16T13:10:41.716Z,COMESTIBLE,21,COCO,I15,spanish,female,20-29,no
b9e5e024-a578-4036-b9ae-0c2ff62c3b1f,2025-12-16T13:10:48.559Z,COMESTIBLE,15,LIMA,M7,spanish,female,20-29,no
09328c90-ea37-4c6d-b63d-745594deae2b,2025-12-16T13:10:45.713Z,PLANTA,49,MENTA,P25,spanish,male,20-29,no
eccb511e-e3f5-4537-bf11-3c116e735562,2025-12-16T13:10:55.911Z,POP,86,HULK,P11,spanish,female,20-29,no
b9e5e024-a578-4036-b9ae-0c2ff62c3b1f,2025-12-16T13:11:07.276Z,SUBJETIVO,71,ALEGRÍA,K3,spanish,female,20-29,no
cfd7093a-6235-42b9-99f9-6697d86e23eb,2025-12-16T13:11:11.749Z,SUBJETIVO,66,SUEÑO,H21,spanish,female,20-29,no
ffe4cf6d-ce5f-4d92-bf21-c1239c95a0ae,2025-12-16T13:11:14.277Z,PLANTA,41,GIRASOL,G4,spanish,female,20-29,no
eccb511e-e3f5-4537-bf11-3c116e735562,2025-12-16T13:11:12.884Z,SUBJETIVO,80,ESPERANZA,P14,spanish,female,20-29,no
b9e5e024-a578-4036-b9ae-0c2ff62c3b1f,2025-12-16T13:11:23.760Z,COMESTIBLE,27,PLÁTANO,L1,spanish,female,20-29,no
09328c90-ea37-4c6d-b63d-745594deae2b,2025-12-16T13:11:20.405Z,ENTORNO,58,ESTANQUE,H25,spanish,male,20-29,no
2a17e598-2148-448d-a18a-00ec7fd609f5,2025-12-16T13:11:22.988Z,SUBJETIVO,76,VERANO,E6,spanish,female,20-29,no
065cada0-4a41-4c73-af1d-6d73d194116f,2025-12-16T13:11:21.141Z,SUBJETIVO,66,SUEÑO,L30,spanish,female,20-29,no
eccb511e-e3f5-4537-bf11-3c116e735562,2025-12-16T13:11:44.765Z,SUBJETIVO,78,INVIERNO,L24,spanish,female,20-29,no
b9e5e024-a578-4036-b9ae-0c2ff62c3b1f,2025-12-16T13:11:53.067Z,PLANTA,41,GIRASOL,H1,spanish,female,20-29,no
09328c90-ea37-4c6d-b63d-745594deae2b,2025-12-16T13:12:03.891Z,COMESTIBLE,22,BERENJENA,E25,spanish,male,20-29,no
eccb511e-e3f5-4537-bf11-3c116e735562,2025-12-16T13:12:08.539Z,PLANTA,50,MADERA,B1,spanish,female,20-29,no
b9e5e024-a578-4036-b9ae-0c2ff62c3b1f,2025-12-16T13:12:14.351Z,PIEDRA,35,JADE,P10,spanish,female,20-29,no
065cada0-4a41-4c73-af1d-6d73d194116f,2025-12-16T13:12:17.369Z,ANIMAL,2,BALLENA,K26,spanish,female,20-29,no
09328c90-ea37-4c6d-b63d-745594deae2b,2025-12-16T13:12:19.869Z,PIEDRA,35,JADE,B19,spanish,male,20-29,no
ffe4cf6d-ce5f-4d92-bf21-c1239c95a0ae,2025-12-16T13:12:19.788Z,PIEDRA,37,LAPISLÁZULI,I30,spanish,female,20-29,no
eccb511e-e3f5-4537-bf11-3c116e735562,2025-12-16T13:12:23.598Z,COMESTIBLE,21,COCO,B1,spanish,female,20-29,no
b9e5e024-a578-4036-b9ae-0c2ff62c3b1f,2025-12-16T13:12:29.588Z,ANIMAL,13,SAPO,M10,spanish,female,20-29,no
cfd7093a-6235-42b9-99f9-6697d86e23eb,2025-12-16T13:12:32.171Z,POP,91,EPI (Y BLAS),E5,spanish,female,20-29,no
065cada0-4a41-4c73-af1d-6d73d194116f,2025-12-16T13:12:34.551Z,POP,87,BARBIE,E15,spanish,female,20-29,no
09328c90-ea37-4c6d-b63d-745594deae2b,2025-12-16T13:12:38.470Z,POP,87,BARBIE,C17,spanish,male,20-29,no
ffe4cf6d-ce5f-4d92-bf21-c1239c95a0ae,2025-12-16T13:12:39.820Z,ANIMAL,5,ZORRO,A9,spanish,female,20-29,no
eccb511e-e3f5-4537-bf11-3c116e735562,2025-12-16T13:12:42.465Z,PIEDRA,37,LAPISLÁZULI,I30,spanish,female,20-29,no
b9e5e024-a578-4036-b9ae-0c2ff62c3b1f,2025-12-16T13:12:49.402Z,ANIMAL,4,FLAMENCO,G15,spanish,female,20-29,no
ffe4cf6d-ce5f-4d92-bf21-c1239c95a0ae,2025-12-16T13:12:53.080Z,ENTORNO,64,ATARDECER,E4,spanish,female,20-29,no
065cada0-4a41-4c73-af1d-6d73d194116f,2025-12-16T13:12:53.446Z,PIEDRA,31,AMATISTA,M10,spanish,female,20-29,no
09328c90-ea37-4c6d-b63d-745594deae2b,2025-12-16T13:12:59.059Z,SUBJETIVO,78,INVIERNO,K30,spanish,male,20-29,no
ffe4cf6d-ce5f-4d92-bf21-c1239c95a0ae,2025-12-16T13:13:09.945Z,COMESTIBLE,28,TOMATE,A11,spanish,female,20-29,no
eccb511e-e3f5-4537-bf11-3c116e735562,2025-12-16T13:13:14.367Z,ENTORNO,58,ESTANQUE,L23,spanish,female,20-29,no
09328c90-ea37-4c6d-b63d-745594deae2b,2025-12-16T13:13:16.525Z,ANIMAL,9,TIGRE,E3,spanish,male,20-29,no
ffe4cf6d-ce5f-4d92-bf21-c1239c95a0ae,2025-12-16T13:13:19.680Z,COMESTIBLE,21,COCO,A3,spanish,female,20-29,no
ffe4cf6d-ce5f-4d92-bf21-c1239c95a0ae,2025-12-16T13:13:31.184Z,SUBJETIVO,69,IRA,A12,spanish,female,20-29,no
09328c90-ea37-4c6d-b63d-745594deae2b,2025-12-16T13:13:32.776Z,SUBJETIVO,72,SOLEDAD,F30,spanish,male,20-29,no
ffe4cf6d-ce5f-4d92-bf21-c1239c95a0ae,2025-12-16T13:13:43.350Z,ANIMAL,3,PARDO,E4,spanish,female,20-29,no
eccb511e-e3f5-4537-bf11-3c116e735562,2025-12-16T13:13:49.526Z,COMESTIBLE,25,MANZANA,M8,spanish,female,20-29,no
09328c90-ea37-4c6d-b63d-745594deae2b,2025-12-16T13:13:51.609Z,PLANTA,50,MADERA,B2,spanish,male,20-29,no
065cada0-4a41-4c73-af1d-6d73d194116f,2025-12-16T13:13:53.303Z,SUBJETIVO,77,OTOÑO,B4,spanish,female,20-29,no
b9e5e024-a578-4036-b9ae-0c2ff62c3b1f,2025-12-16T13:13:57.980Z,POP,95,MONST. GALLETA,N30,spanish,female,20-29,no
09328c90-ea37-4c6d-b63d-745594deae2b,2025-12-16T13:14:09.876Z,ENTORNO,61,CIELO,L23,spanish,male,20-29,no
065cada0-4a41-4c73-af1d-6d73d194116f,2025-12-16T13:14:11.320Z,ANIMAL,5,ZORRO,B6,spanish,female,20-29,no
2a17e598-2148-448d-a18a-00ec7fd609f5,2025-12-16T13:14:15.599Z,PIEDRA,37,LAPISLÁZULI,H18,spanish,female,20-29,no
065cada0-4a41-4c73-af1d-6d73d194116f,2025-12-16T13:14:33.294Z,ENTORNO,55,MARÍTIMO,J23,spanish,female,20-29,no
2a17e598-2148-448d-a18a-00ec7fd609f5,2025-12-16T13:14:34.611Z,COMESTIBLE,14,LIMÓN,K5,spanish,female,20-29,no
b9e5e024-a578-4036-b9ae-0c2ff62c3b1f,2025-12-16T13:14:36.925Z,PLANTA,47,CLAVEL,B14,spanish,female,20-29,no
065cada0-4a41-4c73-af1d-6d73d194116f,2025-12-16T13:14:47.051Z,COMESTIBLE,28,TOMATE,A13,spanish,female,20-29,no
065cada0-4a41-4c73-af1d-6d73d194116f,2025-12-16T13:15:16.986Z,PLANTA,43,MALVA,C16,spanish,female,20-29,no
065cada0-4a41-4c73-af1d-6d73d194116f,2025-12-16T13:15:28.615Z,PLANTA,44,LAVANDA,F20,spanish,female,20-29,no
2a17e598-2148-448d-a18a-00ec7fd609f5,2025-12-16T13:17:42.728Z,PLANTA,50,MADERA,C3,spanish,female,20-29,no
2a17e598-2148-448d-a18a-00ec7fd609f5,2025-12-16T13:18:22.803Z,PIEDRA,39,LADRILLO,C8,spanish,female,20-29,no
2a17e598-2148-448d-a18a-00ec7fd609f5,2025-12-16T13:20:27.709Z,SUBJETIVO,80,ESPERANZA,N10,spanish,female,20-29,no
2a17e598-2148-448d-a18a-00ec7fd609f5,2025-12-16T13:20:47.081Z,ANIMAL,6,GRILLO,M10,spanish,female,20-29,no
87c608e8-37e0-4aef-b28a-7f9646ec0866,2025-12-16T13:22:09.690Z,ANIMAL,3,PARDO,B3,spanish,female,20-29,no
87c608e8-37e0-4aef-b28a-7f9646ec0866,2025-12-16T13:22:19.331Z,PIEDRA,37,LAPISLÁZULI,M26,spanish,female,20-29,no
87c608e8-37e0-4aef-b28a-7f9646ec0866,2025-12-16T13:22:26.472Z,ENTORNO,61,CIELO,J20,spanish,female,20-29,no
87c608e8-37e0-4aef-b28a-7f9646ec0866,2025-12-16T13:22:46.967Z,SUBJETIVO,67,ECOLOGÍA,N6,spanish,female,20-29,no
87c608e8-37e0-4aef-b28a-7f9646ec0866,2025-12-16T13:23:02.226Z,POP,89,PITUFO,M25,spanish,female,20-29,no
87c608e8-37e0-4aef-b28a-7f9646ec0866,2025-12-16T13:23:13.884Z,ANIMAL,12,AXOLOTE,B4,spanish,female,20-29,no
87c608e8-37e0-4aef-b28a-7f9646ec0866,2025-12-16T13:23:22.009Z,PIEDRA,35,JADE,O18,spanish,female,20-29,no
87c608e8-37e0-4aef-b28a-7f9646ec0866,2025-12-16T13:25:33.125Z,COMESTIBLE,18,CALABACÍN,P7,spanish,female,20-29,no
87c608e8-37e0-4aef-b28a-7f9646ec0866,2025-12-16T13:26:16.423Z,ENTORNO,63,SANGRE,A13,spanish,female,20-29,no
87c608e8-37e0-4aef-b28a-7f9646ec0866,2025-12-16T13:26:26.841Z,PLANTA,46,TRIGO,F3,spanish,female,20-29,no
87c608e8-37e0-4aef-b28a-7f9646ec0866,2025-12-16T13:26:37.242Z,POP,93,SIMPSON,J2,spanish,female,20-29,no
87c608e8-37e0-4aef-b28a-7f9646ec0866,2025-12-16T13:26:45.705Z,PLANTA,50,MADERA,C3,spanish,female,20-29,no
87c608e8-37e0-4aef-b28a-7f9646ec0866,2025-12-16T13:26:55.842Z,SUBJETIVO,72,SOLEDAD,I29,spanish,female,20-29,no
87c608e8-37e0-4aef-b28a-7f9646ec0866,2025-12-16T13:27:04.778Z,COMESTIBLE,19,UVA,M8,spanish,female,20-29,no
cfd7093a-6235-42b9-99f9-6697d86e23eb,2025-12-16T13:40:49.748Z,ENTORNO,54,ARENA,G5,spanish,female,20-29,no
cfd7093a-6235-42b9-99f9-6697d86e23eb,2025-12-16T13:41:21.120Z,ENTORNO,53,FUEGO,B8,spanish,female,20-29,no
cfd7093a-6235-42b9-99f9-6697d86e23eb,2025-12-16T13:42:26.417Z,POP,84,SONIC,K28,spanish,female,20-29,no
cfd7093a-6235-42b9-99f9-6697d86e23eb,2025-12-16T13:42:53.331Z,SUBJETIVO,71,ALEGRÍA,J4,spanish,female,20-29,no
cfd7093a-6235-42b9-99f9-6697d86e23eb,2025-12-16T13:43:31.031Z,PLANTA,44,LAVANDA,G21,spanish,female,20-29,no
cfd7093a-6235-42b9-99f9-6697d86e23eb,2025-12-16T13:43:48.983Z,PLANTA,46,TRIGO,G1,spanish,female,20-29,no
cfd7093a-6235-42b9-99f9-6697d86e23eb,2025-12-16T13:44:04.863Z,ANIMAL,9,TIGRE,D6,spanish,female,20-29,no
4b841268-a7ad-49b3-bf6f-b70232b91428,2025-12-17T07:40:18.387Z,SUBJETIVE,80,HOPE,O13,english,male,30-39,no
4b841268-a7ad-49b3-bf6f-b70232b91428,2025-12-17T07:40:36.185Z,ENVIRONMENT,56,MUD,A1,english,male,30-39,no
4b841268-a7ad-49b3-bf6f-b70232b91428,2025-12-17T07:40:52.682Z,ANIMAL,6,CRICKET,N3,english,male,30-39,no
4b841268-a7ad-49b3-bf6f-b70232b91428,2025-12-17T07:41:11.961Z,ENVIRONMENT,61,SKY,L23,english,male,30-39,no
4b841268-a7ad-49b3-bf6f-b70232b91428,2025-12-17T07:41:42.073Z,STONE,34,RUBY,B8,english,male,30-39,no
4b841268-a7ad-49b3-bf6f-b70232b91428,2025-12-17T07:42:08.009Z,STONE,39,BRICK,G3,english,male,30-39,no
4b841268-a7ad-49b3-bf6f-b70232b91428,2025-12-17T07:42:48.833Z,PLANT,43,MALLOW,A29,english,male,30-39,no
4b841268-a7ad-49b3-bf6f-b70232b91428,2025-12-17T07:43:29.913Z,ANIMAL,12,AXOLOTL,D11,english,male,30-39,no
4b841268-a7ad-49b3-bf6f-b70232b91428,2025-12-17T07:43:41.168Z,POP,81,FEMINISM,D28,english,male,30-39,no
4b841268-a7ad-49b3-bf6f-b70232b91428,2025-12-17T07:44:11.937Z,POP,81,FEMINISM,D28,english,male,30-39,no
4b841268-a7ad-49b3-bf6f-b70232b91428,2025-12-17T07:44:46.118Z,POP,98,STITCH,K22,english,male,30-39,no
4b841268-a7ad-49b3-bf6f-b70232b91428,2025-12-17T07:44:55.338Z,PLANT,42,BASIL,O12,english,male,30-39,no
4b841268-a7ad-49b3-bf6f-b70232b91428,2025-12-17T07:45:13.177Z,SUBJETIVE,75,TOXIC,B13,english,male,30-39,no
4b841268-a7ad-49b3-bf6f-b70232b91428,2025-12-17T07:45:39.542Z,FOOD,28,TOMATO,B12,english,male,30-39,no
4b841268-a7ad-49b3-bf6f-b70232b91428,2025-12-17T07:46:06.994Z,FOOD,19,GRAPE,D27,english,male,30-39,no
ff2f018b-3086-4b59-a0f3-1d5d9e27d7fa,2025-12-19T13:19:53.735Z,PLANTA,49,MENTA,M15,spanish,male,20-29,no
ff2f018b-3086-4b59-a0f3-1d5d9e27d7fa,2025-12-19T13:20:14.070Z,ANIMAL,4,FLAMENCO,C18,spanish,male,20-29,no
ff2f018b-3086-4b59-a0f3-1d5d9e27d7fa,2025-12-19T13:20:44.481Z,PIEDRA,30,PERLA,J19,spanish,male,20-29,no
ff2f018b-3086-4b59-a0f3-1d5d9e27d7fa,2025-12-19T13:21:08.230Z,ANIMAL,10,MARIQUITA,B15,spanish,male,20-29,no
ff2f018b-3086-4b59-a0f3-1d5d9e27d7fa,2025-12-19T13:21:19.726Z,ENTORNO,57,CÉSPED,P10,spanish,male,20-29,no
ff2f018b-3086-4b59-a0f3-1d5d9e27d7fa,2025-12-19T13:21:35.126Z,SUBJETIVO,66,SUEÑO,J18,spanish,male,20-29,no
ff2f018b-3086-4b59-a0f3-1d5d9e27d7fa,2025-12-19T13:21:46.696Z,POP,90,BRUJERÍA,D27,spanish,male,20-29,no
ff2f018b-3086-4b59-a0f3-1d5d9e27d7fa,2025-12-19T13:21:57.296Z,COMESTIBLE,14,LIMÓN,J6,spanish,male,20-29,no
ff2f018b-3086-4b59-a0f3-1d5d9e27d7fa,2025-12-19T13:22:13.962Z,POP,96,BLAS (Y EPI),J3,spanish,male,20-29,no
ff2f018b-3086-4b59-a0f3-1d5d9e27d7fa,2025-12-19T13:22:29.373Z,ENTORNO,63,SANGRE,B9,spanish,male,20-29,no
ff2f018b-3086-4b59-a0f3-1d5d9e27d7fa,2025-12-19T13:22:40.489Z,COMESTIBLE,26,HUEVO,H7,spanish,male,20-29,no
ff2f018b-3086-4b59-a0f3-1d5d9e27d7fa,2025-12-19T13:22:48.989Z,PIEDRA,34,RUBÍ,B16,spanish,male,20-29,no
ff2f018b-3086-4b59-a0f3-1d5d9e27d7fa,2025-12-19T13:22:58.395Z,PLANTA,41,GIRASOL,J2,spanish,male,20-29,no
ff2f018b-3086-4b59-a0f3-1d5d9e27d7fa,2025-12-19T13:23:32.991Z,SUBJETIVO,65,VERGÜENZA,H10,spanish,male,20-29,no
92b524fb-4b22-401f-8ba6-622a6f810ed6,2025-12-19T14:23:37.973Z,COMESTIBLE,18,CALABACÍN,P14,spanish,female,20-29,no
92b524fb-4b22-401f-8ba6-622a6f810ed6,2025-12-19T14:23:53.777Z,PIEDRA,31,AMATISTA,B29,spanish,female,20-29,no
92b524fb-4b22-401f-8ba6-622a6f810ed6,2025-12-19T14:25:02.707Z,POP,95,MONST. GALLETA,O30,spanish,female,20-29,no
92b524fb-4b22-401f-8ba6-622a6f810ed6,2025-12-19T14:25:23.148Z,POP,98,STITCH,M26,spanish,female,20-29,no
92b524fb-4b22-401f-8ba6-622a6f810ed6,2025-12-19T14:25:36.148Z,SUBJETIVO,68,PAZ,N20,spanish,female,20-29,no
92b524fb-4b22-401f-8ba6-622a6f810ed6,2025-12-19T14:25:47.277Z,SUBJETIVO,71,ALEGRÍA,I3,spanish,female,20-29,no
92b524fb-4b22-401f-8ba6-622a6f810ed6,2025-12-19T14:25:58.892Z,ANIMAL,3,PARDO,C1,spanish,female,20-29,no
92b524fb-4b22-401f-8ba6-622a6f810ed6,2025-12-19T14:26:05.924Z,ENTORNO,60,MUSGO,P9,spanish,female,20-29,no
92b524fb-4b22-401f-8ba6-622a6f810ed6,2025-12-19T14:26:13.333Z,PLANTA,42,ALBAHACA,P15,spanish,female,20-29,no
92b524fb-4b22-401f-8ba6-622a6f810ed6,2025-12-19T14:26:23.157Z,COMESTIBLE,20,PEPINO,P10,spanish,female,20-29,no
92b524fb-4b22-401f-8ba6-622a6f810ed6,2025-12-19T14:26:31.853Z,ANIMAL,9,TIGRE,E5,spanish,female,20-29,no
92b524fb-4b22-401f-8ba6-622a6f810ed6,2025-12-19T14:26:44.654Z,PIEDRA,40,ESMERALDA,O14,spanish,female,20-29,no
92b524fb-4b22-401f-8ba6-622a6f810ed6,2025-12-19T14:26:54.678Z,PLANTA,41,GIRASOL,I5,spanish,female,20-29,no
92b524fb-4b22-401f-8ba6-622a6f810ed6,2025-12-19T14:27:02.583Z,ENTORNO,51,HURACÁN,J19,spanish,female,20-29,no
839b1731-9c6b-489f-b42c-39c084d2ff45,2025-12-19T14:33:07.848Z,PIEDRA,40,ESMERALDA,M13,spanish,male,20-29,no
839b1731-9c6b-489f-b42c-39c084d2ff45,2025-12-19T14:33:32.272Z,ANIMAL,3,PARDO,A5,spanish,male,20-29,no
839b1731-9c6b-489f-b42c-39c084d2ff45,2025-12-19T14:33:43.619Z,PIEDRA,33,ORO,I3,spanish,male,20-29,no
839b1731-9c6b-489f-b42c-39c084d2ff45,2025-12-19T14:33:58.462Z,SUBJETIVO,68,PAZ,F14,spanish,male,20-29,no
839b1731-9c6b-489f-b42c-39c084d2ff45,2025-12-19T14:34:11.099Z,PLANTA,47,CLAVEL,J20,spanish,male,20-29,no
839b1731-9c6b-489f-b42c-39c084d2ff45,2025-12-19T14:34:21.414Z,ANIMAL,11,RANA,M12,spanish,male,20-29,no
839b1731-9c6b-489f-b42c-39c084d2ff45,2025-12-19T14:34:28.910Z,PLANTA,46,TRIGO,J5,spanish,male,20-29,no
839b1731-9c6b-489f-b42c-39c084d2ff45,2025-12-19T14:35:08.867Z,POP,90,BRUJERÍA,E24,spanish,male,20-29,no
839b1731-9c6b-489f-b42c-39c084d2ff45,2025-12-19T14:35:28.184Z,ENTORNO,58,ESTANQUE,P19,spanish,male,20-29,no
839b1731-9c6b-489f-b42c-39c084d2ff45,2025-12-19T14:35:59.115Z,COMESTIBLE,28,TOMATE,A13,spanish,male,20-29,no
839b1731-9c6b-489f-b42c-39c084d2ff45,2025-12-19T14:36:08.253Z,SUBJETIVO,67,ECOLOGÍA,N14,spanish,male,20-29,no
839b1731-9c6b-489f-b42c-39c084d2ff45,2025-12-19T14:36:23.728Z,COMESTIBLE,19,UVA,E20,spanish,male,20-29,no
839b1731-9c6b-489f-b42c-39c084d2ff45,2025-12-19T14:36:55.008Z,POP,83,TRACTOR,J3,spanish,male,20-29,no
839b1731-9c6b-489f-b42c-39c084d2ff45,2025-12-19T14:37:22.757Z,ENTORNO,57,CÉSPED,N13,spanish,male,20-29,no
49873b61-50f8-471f-9113-2aabb8ed309e,2025-12-19T14:54:25.795Z,COMESTIBLE,17,CALABAZA,A10,spanish,male,30-39,no
19e01fbe-47b3-4f87-a1ce-6f9fb7d9bf37,2025-12-19T14:55:51.605Z,COMESTIBLE,16,KIWI,N9,spanish,male,20-29,no
19e01fbe-47b3-4f87-a1ce-6f9fb7d9bf37,2025-12-19T14:56:35.750Z,ANIMAL,13,SAPO,J4,spanish,male,20-29,no
19e01fbe-47b3-4f87-a1ce-6f9fb7d9bf37,2025-12-19T14:56:53.532Z,SUBJETIVO,68,PAZ,J20,spanish,male,20-29,no
7468e47f-3627-49bf-a352-f769b963295d,2025-12-19T14:56:56.038Z,ENTORNO,55,MARÍTIMO,N26,spanish,male,30-39,no
19e01fbe-47b3-4f87-a1ce-6f9fb7d9bf37,2025-12-19T14:57:14.920Z,PLANTA,41,GIRASOL,I4,spanish,male,20-29,no
19e01fbe-47b3-4f87-a1ce-6f9fb7d9bf37,2025-12-19T14:57:28.649Z,ENTORNO,51,HURACÁN,G17,spanish,male,20-29,no
19e01fbe-47b3-4f87-a1ce-6f9fb7d9bf37,2025-12-19T14:57:39.386Z,PIEDRA,30,PERLA,H17,spanish,male,20-29,no
7468e47f-3627-49bf-a352-f769b963295d,2025-12-19T14:57:42.534Z,ENTORNO,51,HURACÁN,I18,spanish,male,30-39,no
19e01fbe-47b3-4f87-a1ce-6f9fb7d9bf37,2025-12-19T14:57:58.905Z,PLANTA,48,CORAL,E12,spanish,male,20-29,no
19e01fbe-47b3-4f87-a1ce-6f9fb7d9bf37,2025-12-19T14:58:11.373Z,ENTORNO,60,MUSGO,P10,spanish,male,20-29,no
7468e47f-3627-49bf-a352-f769b963295d,2025-12-19T14:58:13.616Z,SUBJETIVO,68,PAZ,L15,spanish,male,30-39,no
7468e47f-3627-49bf-a352-f769b963295d,2025-12-19T14:58:18.231Z,SUBJETIVO,68,PAZ,L15,spanish,male,30-39,no
19e01fbe-47b3-4f87-a1ce-6f9fb7d9bf37,2025-12-19T14:58:21.855Z,COMESTIBLE,25,MANZANA,L7,spanish,male,20-29,no
8cda18df-c1f3-42f6-952c-78000defad0c,2025-12-19T14:58:22.725Z,ANIMAL,9,TIGRE,G3,spanish,male,30-39,no
19e01fbe-47b3-4f87-a1ce-6f9fb7d9bf37,2025-12-19T14:58:41.877Z,PIEDRA,38,AMBAR,G4,spanish,male,20-29,no
8cda18df-c1f3-42f6-952c-78000defad0c,2025-12-19T14:58:46.093Z,POP,95,MONST. GALLETA,K3,spanish,male,30-39,no
8cda18df-c1f3-42f6-952c-78000defad0c,2025-12-19T14:59:04.010Z,COMESTIBLE,20,PEPINO,P6,spanish,male,30-39,no
19e01fbe-47b3-4f87-a1ce-6f9fb7d9bf37,2025-12-19T14:59:22.986Z,ANIMAL,10,MARIQUITA,B13,spanish,male,20-29,no
19e01fbe-47b3-4f87-a1ce-6f9fb7d9bf37,2025-12-19T14:59:35.867Z,POP,97,PETER PAN,O13,spanish,male,20-29,no
8cda18df-c1f3-42f6-952c-78000defad0c,2025-12-19T14:59:37.415Z,SUBJETIVO,65,VERGÜENZA,P30,spanish,male,30-39,no
19e01fbe-47b3-4f87-a1ce-6f9fb7d9bf37,2025-12-19T14:59:47.100Z,SUBJETIVO,77,OTOÑO,E4,spanish,male,20-29,no
8cda18df-c1f3-42f6-952c-78000defad0c,2025-12-19T14:59:57.033Z,COMESTIBLE,16,KIWI,N7,spanish,male,30-39,no
19e01fbe-47b3-4f87-a1ce-6f9fb7d9bf37,2025-12-19T15:00:04.508Z,POP,99,SUBMARINO,N29,spanish,male,20-29,no
7468e47f-3627-49bf-a352-f769b963295d,2025-12-19T15:00:41.734Z,POP,91,EPI (Y BLAS),E6,spanish,male,30-39,no
22636c36-273b-40ae-9329-b92d785b1afa,2025-12-19T15:00:47.131Z,PIEDRA,39,LADRILLO,B7,spanish,male,20-29,no
7468e47f-3627-49bf-a352-f769b963295d,2025-12-19T15:00:58.996Z,COMESTIBLE,15,LIMA,N6,spanish,male,30-39,no
8cda18df-c1f3-42f6-952c-78000defad0c,2025-12-19T15:01:07.555Z,PIEDRA,30,PERLA,K17,spanish,male,30-39,no
22636c36-273b-40ae-9329-b92d785b1afa,2025-12-19T15:01:19.957Z,PLANTA,44,LAVANDA,G22,spanish,male,20-29,no
7468e47f-3627-49bf-a352-f769b963295d,2025-12-19T15:01:20.544Z,PLANTA,48,CORAL,E10,spanish,male,30-39,no
8cda18df-c1f3-42f6-952c-78000defad0c,2025-12-19T15:01:25.779Z,SUBJETIVO,66,SUEÑO,D15,spanish,male,30-39,no
8cda18df-c1f3-42f6-952c-78000defad0c,2025-12-19T15:01:47.026Z,ENTORNO,64,ATARDECER,E4,spanish,male,30-39,no
7468e47f-3627-49bf-a352-f769b963295d,2025-12-19T15:01:49.158Z,COMESTIBLE,25,MANZANA,B11,spanish,male,30-39,no
22636c36-273b-40ae-9329-b92d785b1afa,2025-12-19T15:01:57.712Z,ANIMAL,12,AXOLOTE,I12,spanish,male,20-29,no
8cda18df-c1f3-42f6-952c-78000defad0c,2025-12-19T15:02:01.929Z,ENTORNO,56,BARRO,A2,spanish,male,30-39,no
a569a970-e432-4773-9d52-d26cfee3bf59,2025-12-19T15:02:08.291Z,ANIMAL,5,ZORRO,D7,spanish,male,30-39,no
7468e47f-3627-49bf-a352-f769b963295d,2025-12-19T15:02:13.054Z,PIEDRA,30,PERLA,I16,spanish,male,30-39,no
8cda18df-c1f3-42f6-952c-78000defad0c,2025-12-19T15:02:12.919Z,POP,92,GRINCH,P11,spanish,male,30-39,no
22636c36-273b-40ae-9329-b92d785b1afa,2025-12-19T15:02:25.429Z,ENTORNO,56,BARRO,A3,spanish,male,20-29,no
8cda18df-c1f3-42f6-952c-78000defad0c,2025-12-19T15:02:31.826Z,PLANTA,47,CLAVEL,D17,spanish,male,30-39,no
a569a970-e432-4773-9d52-d26cfee3bf59,2025-12-19T15:02:33.122Z,ENTORNO,57,CÉSPED,N6,spanish,male,30-39,no
8cda18df-c1f3-42f6-952c-78000defad0c,2025-12-19T15:02:38.823Z,PLANTA,44,LAVANDA,E27,spanish,male,30-39,no
22636c36-273b-40ae-9329-b92d785b1afa,2025-12-19T15:02:46.597Z,SUBJETIVO,74,TRISTEZA,A1,spanish,male,20-29,no
a569a970-e432-4773-9d52-d26cfee3bf59,2025-12-19T15:02:56.721Z,ENTORNO,64,ATARDECER,D7,spanish,male,30-39,no
8cda18df-c1f3-42f6-952c-78000defad0c,2025-12-19T15:02:56.573Z,PIEDRA,39,LADRILLO,G17,spanish,male,30-39,no
22636c36-273b-40ae-9329-b92d785b1afa,2025-12-19T15:03:04.756Z,ANIMAL,11,RANA,P10,spanish,male,20-29,no
a569a970-e432-4773-9d52-d26cfee3bf59,2025-12-19T15:03:08.824Z,POP,83,TRACTOR,J1,spanish,male,30-39,no
8cda18df-c1f3-42f6-952c-78000defad0c,2025-12-19T15:03:10.562Z,ANIMAL,11,RANA,O13,spanish,male,30-39,no
7468e47f-3627-49bf-a352-f769b963295d,2025-12-19T15:03:14.767Z,SUBJETIVO,71,ALEGRÍA,H4,spanish,male,30-39,no
22636c36-273b-40ae-9329-b92d785b1afa,2025-12-19T15:03:18.320Z,COMESTIBLE,14,LIMÓN,L1,spanish,male,20-29,no
f463bcd2-4dcf-4b5d-9973-e8bacfeb20d9,2025-12-19T15:03:22.697Z,COMESTIBLE,26,HUEVO,E4,spanish,male,30-39,no
7468e47f-3627-49bf-a352-f769b963295d,2025-12-19T15:03:28.194Z,PLANTA,46,TRIGO,I1,spanish,male,30-39,no
22636c36-273b-40ae-9329-b92d785b1afa,2025-12-19T15:03:28.215Z,COMESTIBLE,15,LIMA,M10,spanish,male,20-29,no
a569a970-e432-4773-9d52-d26cfee3bf59,2025-12-19T15:03:30.484Z,COMESTIBLE,18,CALABACÍN,P11,spanish,male,30-39,no
22636c36-273b-40ae-9329-b92d785b1afa,2025-12-19T15:03:42.009Z,ENTORNO,63,SANGRE,C7,spanish,male,20-29,no
7468e47f-3627-49bf-a352-f769b963295d,2025-12-19T15:03:42.446Z,ANIMAL,13,SAPO,N11,spanish,male,30-39,no
a569a970-e432-4773-9d52-d26cfee3bf59,2025-12-19T15:03:43.922Z,PLANTA,48,CORAL,B8,spanish,male,30-39,no
a569a970-e432-4773-9d52-d26cfee3bf59,2025-12-19T15:04:02.353Z,SUBJETIVO,74,TRISTEZA,I19,spanish,male,30-39,no
22636c36-273b-40ae-9329-b92d785b1afa,2025-12-19T15:04:08.025Z,POP,95,MONST. GALLETA,M28,spanish,male,20-29,no
7468e47f-3627-49bf-a352-f769b963295d,2025-12-19T15:04:11.852Z,PIEDRA,31,AMATISTA,C26,spanish,male,30-39,no
a569a970-e432-4773-9d52-d26cfee3bf59,2025-12-19T15:04:18.723Z,PIEDRA,36,TEJA,A9,spanish,male,30-39,no
22636c36-273b-40ae-9329-b92d785b1afa,2025-12-19T15:04:22.621Z,PIEDRA,33,ORO,H1,spanish,male,20-29,no
22636c36-273b-40ae-9329-b92d785b1afa,2025-12-19T15:04:34.089Z,SUBJETIVO,72,SOLEDAD,A25,spanish,male,20-29,no
f463bcd2-4dcf-4b5d-9973-e8bacfeb20d9,2025-12-19T15:04:33.940Z,SUBJETIVO,76,VERANO,A9,spanish,male,30-39,no
a569a970-e432-4773-9d52-d26cfee3bf59,2025-12-19T15:04:38.510Z,SUBJETIVO,73,PELIGRO,A14,spanish,male,30-39,no
22636c36-273b-40ae-9329-b92d785b1afa,2025-12-19T15:04:44.909Z,POP,96,BLAS (Y EPI),F3,spanish,male,20-29,no
a569a970-e432-4773-9d52-d26cfee3bf59,2025-12-19T15:04:46.857Z,PIEDRA,37,LAPISLÁZULI,H30,spanish,male,30-39,no
7468e47f-3627-49bf-a352-f769b963295d,2025-12-19T15:04:50.468Z,ANIMAL,6,GRILLO,F30,spanish,male,30-39,no
22636c36-273b-40ae-9329-b92d785b1afa,2025-12-19T15:04:58.154Z,PLANTA,49,MENTA,P4,spanish,male,20-29,no
a569a970-e432-4773-9d52-d26cfee3bf59,2025-12-19T15:05:02.558Z,POP,100,ELMO,B13,spanish,male,30-39,no
f463bcd2-4dcf-4b5d-9973-e8bacfeb20d9,2025-12-19T15:05:08.612Z,PLANTA,47,CLAVEL,B10,spanish,male,30-39,no
7468e47f-3627-49bf-a352-f769b963295d,2025-12-19T15:05:13.891Z,POP,98,STITCH,L28,spanish,male,30-39,no
a569a970-e432-4773-9d52-d26cfee3bf59,2025-12-19T15:05:24.569Z,PLANTA,47,CLAVEL,I16,spanish,male,30-39,no
f463bcd2-4dcf-4b5d-9973-e8bacfeb20d9,2025-12-19T15:05:26.407Z,ANIMAL,5,ZORRO,B2,spanish,male,30-39,no
a569a970-e432-4773-9d52-d26cfee3bf59,2025-12-19T15:05:38.627Z,ANIMAL,9,TIGRE,E8,spanish,male,30-39,no
f463bcd2-4dcf-4b5d-9973-e8bacfeb20d9,2025-12-19T15:05:42.919Z,POP,86,HULK,P16,spanish,male,30-39,no
a569a970-e432-4773-9d52-d26cfee3bf59,2025-12-19T15:05:50.526Z,COMESTIBLE,21,COCO,A3,spanish,male,30-39,no
f463bcd2-4dcf-4b5d-9973-e8bacfeb20d9,2025-12-19T15:05:57.937Z,ENTORNO,63,SANGRE,B8,spanish,male,30-39,no
f463bcd2-4dcf-4b5d-9973-e8bacfeb20d9,2025-12-19T15:06:20.930Z,SUBJETIVO,75,TÓXICO,C27,spanish,male,30-39,no
f463bcd2-4dcf-4b5d-9973-e8bacfeb20d9,2025-12-19T15:06:36.028Z,ANIMAL,11,RANA,N10,spanish,male,30-39,no
f463bcd2-4dcf-4b5d-9973-e8bacfeb20d9,2025-12-19T15:06:50.000Z,PLANTA,42,ALBAHACA,P10,spanish,male,30-39,no
f463bcd2-4dcf-4b5d-9973-e8bacfeb20d9,2025-12-19T15:07:10.896Z,PIEDRA,33,ORO,J19,spanish,male,30-39,no
f463bcd2-4dcf-4b5d-9973-e8bacfeb20d9,2025-12-19T15:07:35.987Z,PIEDRA,37,LAPISLÁZULI,M30,spanish,male,30-39,no
f463bcd2-4dcf-4b5d-9973-e8bacfeb20d9,2025-12-19T15:07:58.169Z,COMESTIBLE,25,MANZANA,O14,spanish,male,30-39,no
f463bcd2-4dcf-4b5d-9973-e8bacfeb20d9,2025-12-19T15:08:14.093Z,ENTORNO,56,BARRO,A1,spanish,male,30-39,no
f463bcd2-4dcf-4b5d-9973-e8bacfeb20d9,2025-12-19T15:08:41.211Z,POP,84,SONIC,M26,spanish,male,30-39,no
78a2bf62-6b5c-4c1b-ba69-74ec9d259961,2025-12-19T15:21:08.197Z,ENTORNO,52,PIEL,E5,spanish,male,20-29,no
78a2bf62-6b5c-4c1b-ba69-74ec9d259961,2025-12-19T15:21:35.098Z,COMESTIBLE,16,KIWI,O10,spanish,male,20-29,no
78a2bf62-6b5c-4c1b-ba69-74ec9d259961,2025-12-19T15:21:53.332Z,ENTORNO,51,HURACÁN,K21,spanish,male,20-29,no
78a2bf62-6b5c-4c1b-ba69-74ec9d259961,2025-12-19T15:22:23.346Z,PIEDRA,37,LAPISLÁZULI,L24,spanish,male,20-29,no
78a2bf62-6b5c-4c1b-ba69-74ec9d259961,2025-12-19T15:22:37.343Z,POP,96,BLAS (Y EPI),L4,spanish,male,20-29,no
78a2bf62-6b5c-4c1b-ba69-74ec9d259961,2025-12-19T15:22:57.209Z,SUBJETIVO,74,TRISTEZA,M30,spanish,male,20-29,no
78a2bf62-6b5c-4c1b-ba69-74ec9d259961,2025-12-19T15:23:08.808Z,COMESTIBLE,21,COCO,A4,spanish,male,20-29,no
78a2bf62-6b5c-4c1b-ba69-74ec9d259961,2025-12-19T15:23:26.446Z,PLANTA,50,MADERA,A1,spanish,male,20-29,no
78a2bf62-6b5c-4c1b-ba69-74ec9d259961,2025-12-19T15:23:42.346Z,PLANTA,43,MALVA,O16,spanish,male,20-29,no
78a2bf62-6b5c-4c1b-ba69-74ec9d259961,2025-12-19T15:23:57.047Z,PIEDRA,34,RUBÍ,A10,spanish,male,20-29,no
78a2bf62-6b5c-4c1b-ba69-74ec9d259961,2025-12-19T15:24:22.848Z,SUBJETIVO,66,SUEÑO,I18,spanish,male,20-29,no
78a2bf62-6b5c-4c1b-ba69-74ec9d259961,2025-12-19T15:24:37.934Z,ANIMAL,9,TIGRE,C10,spanish,male,20-29,no
78a2bf62-6b5c-4c1b-ba69-74ec9d259961,2025-12-19T15:24:50.233Z,POP,85,PIKACHU,J3,spanish,male,20-29,no
78a2bf62-6b5c-4c1b-ba69-74ec9d259961,2025-12-19T15:25:29.872Z,ANIMAL,7,CANARIO,N7,spanish,male,20-29,no
9878f46d-2eeb-4002-bba3-1d768ac218fe,2025-12-19T16:00:39.912Z,PIEDRA,38,AMBAR,I2,spanish,male,20-29,no
9878f46d-2eeb-4002-bba3-1d768ac218fe,2025-12-19T16:01:14.475Z,PIEDRA,40,ESMERALDA,N9,spanish,male,20-29,no
9878f46d-2eeb-4002-bba3-1d768ac218fe,2025-12-19T16:01:47.164Z,SUBJETIVO,75,TÓXICO,C25,spanish,male,20-29,no
9878f46d-2eeb-4002-bba3-1d768ac218fe,2025-12-19T16:02:00.171Z,COMESTIBLE,24,MELOCOTÓN,F11,spanish,male,20-29,no
9878f46d-2eeb-4002-bba3-1d768ac218fe,2025-12-19T16:02:08.892Z,ANIMAL,7,CANARIO,J3,spanish,male,20-29,no
9878f46d-2eeb-4002-bba3-1d768ac218fe,2025-12-19T16:02:18.060Z,POP,92,GRINCH,N7,spanish,male,20-29,no
9878f46d-2eeb-4002-bba3-1d768ac218fe,2025-12-19T16:02:24.972Z,PLANTA,48,CORAL,C8,spanish,male,20-29,no
9878f46d-2eeb-4002-bba3-1d768ac218fe,2025-12-19T16:02:36.012Z,ENTORNO,52,PIEL,H14,spanish,male,20-29,no
9878f46d-2eeb-4002-bba3-1d768ac218fe,2025-12-19T16:02:44.446Z,POP,100,ELMO,A10,spanish,male,20-29,no
9878f46d-2eeb-4002-bba3-1d768ac218fe,2025-12-19T16:02:55.029Z,SUBJETIVO,79,PRIMAVERA,P17,spanish,male,20-29,no
9878f46d-2eeb-4002-bba3-1d768ac218fe,2025-12-19T16:03:04.628Z,ANIMAL,5,ZORRO,E8,spanish,male,20-29,no
9878f46d-2eeb-4002-bba3-1d768ac218fe,2025-12-19T16:03:19.479Z,ENTORNO,53,FUEGO,E3,spanish,male,20-29,no
9878f46d-2eeb-4002-bba3-1d768ac218fe,2025-12-19T16:03:27.961Z,PLANTA,49,MENTA,O21,spanish,male,20-29,no
9878f46d-2eeb-4002-bba3-1d768ac218fe,2025-12-19T16:03:34.015Z,COMESTIBLE,16,KIWI,P2,spanish,male,20-29,no
dce8747f-0976-4a2c-87eb-787f5c9c60f2,2025-12-20T09:58:40.492Z,COMESTIBLE,14,LIMÓN,L4,spanish,male,20-29,no
dce8747f-0976-4a2c-87eb-787f5c9c60f2,2025-12-20T09:59:14.060Z,ANIMAL,10,MARIQUITA,A12,spanish,male,20-29,no
dce8747f-0976-4a2c-87eb-787f5c9c60f2,2025-12-20T09:59:27.471Z,POP,97,PETER PAN,O15,spanish,male,20-29,no
dce8747f-0976-4a2c-87eb-787f5c9c60f2,2025-12-20T09:59:52.225Z,COMESTIBLE,17,CALABAZA,E8,spanish,male,20-29,no
dce8747f-0976-4a2c-87eb-787f5c9c60f2,2025-12-20T10:00:01.333Z,PLANTA,49,MENTA,P15,spanish,male,20-29,no
dce8747f-0976-4a2c-87eb-787f5c9c60f2,2025-12-20T10:00:09.039Z,PLANTA,46,TRIGO,H4,spanish,male,20-29,no
dce8747f-0976-4a2c-87eb-787f5c9c60f2,2025-12-20T10:00:16.881Z,PIEDRA,33,ORO,F2,spanish,male,20-29,no
dce8747f-0976-4a2c-87eb-787f5c9c60f2,2025-12-20T10:00:27.622Z,SUBJETIVO,79,PRIMAVERA,D17,spanish,male,20-29,no
dce8747f-0976-4a2c-87eb-787f5c9c60f2,2025-12-20T10:00:36.739Z,ENTORNO,56,BARRO,B4,spanish,male,20-29,no
dce8747f-0976-4a2c-87eb-787f5c9c60f2,2025-12-20T10:00:51.496Z,ENTORNO,62,RAYO,I16,spanish,male,20-29,no
dce8747f-0976-4a2c-87eb-787f5c9c60f2,2025-12-20T10:01:05.990Z,ANIMAL,1,SALMÓN,B13,spanish,male,20-29,no
dce8747f-0976-4a2c-87eb-787f5c9c60f2,2025-12-20T10:01:20.652Z,POP,99,SUBMARINO,I22,spanish,male,20-29,no
dce8747f-0976-4a2c-87eb-787f5c9c60f2,2025-12-20T10:01:29.886Z,PIEDRA,31,AMATISTA,G26,spanish,male,20-29,no
dce8747f-0976-4a2c-87eb-787f5c9c60f2,2025-12-20T10:01:44.864Z,SUBJETIVO,71,ALEGRÍA,I16,spanish,male,20-29,no
0f302b63-fb04-4ab8-aa9b-4a7c4bedf04a,2025-12-20T12:58:32.006Z,COMESTIBLE,15,LIMA,L4,spanish,female,20-29,no
0f302b63-fb04-4ab8-aa9b-4a7c4bedf04a,2025-12-20T12:58:57.686Z,COMESTIBLE,24,MELOCOTÓN,F5,spanish,female,20-29,no
0f302b63-fb04-4ab8-aa9b-4a7c4bedf04a,2025-12-20T12:59:18.333Z,ENTORNO,57,CÉSPED,N8,spanish,female,20-29,no
0f302b63-fb04-4ab8-aa9b-4a7c4bedf04a,2025-12-20T12:59:35.934Z,ENTORNO,60,MUSGO,O11,spanish,female,20-29,no
0f302b63-fb04-4ab8-aa9b-4a7c4bedf04a,2025-12-20T13:00:28.183Z,PIEDRA,34,RUBÍ,A13,spanish,female,20-29,no
0f302b63-fb04-4ab8-aa9b-4a7c4bedf04a,2025-12-20T13:00:55.397Z,PIEDRA,37,LAPISLÁZULI,I28,spanish,female,20-29,no
0f302b63-fb04-4ab8-aa9b-4a7c4bedf04a,2025-12-20T13:01:10.467Z,POP,81,FEMINISMO,F28,spanish,female,20-29,no
0f302b63-fb04-4ab8-aa9b-4a7c4bedf04a,2025-12-20T13:01:25.417Z,ANIMAL,3,PARDO,C4,spanish,female,20-29,no
0f302b63-fb04-4ab8-aa9b-4a7c4bedf04a,2025-12-20T13:02:03.967Z,SUBJETIVO,72,SOLEDAD,G30,spanish,female,20-29,no
0f302b63-fb04-4ab8-aa9b-4a7c4bedf04a,2025-12-20T13:02:17.017Z,PLANTA,46,TRIGO,H7,spanish,female,20-29,no
0f302b63-fb04-4ab8-aa9b-4a7c4bedf04a,2025-12-20T13:02:45.018Z,PLANTA,43,MALVA,C20,spanish,female,20-29,no
0f302b63-fb04-4ab8-aa9b-4a7c4bedf04a,2025-12-20T13:02:58.235Z,POP,89,PITUFO,M25,spanish,female,20-29,no
0f302b63-fb04-4ab8-aa9b-4a7c4bedf04a,2025-12-20T13:03:15.818Z,SUBJETIVO,66,SUEÑO,J20,spanish,female,20-29,no
0f302b63-fb04-4ab8-aa9b-4a7c4bedf04a,2025-12-20T13:03:26.702Z,ANIMAL,13,SAPO,P10,spanish,female,20-29,no
bbe149f3-6aed-4fc9-be45-349af4e23a87,2025-12-20T14:54:23.235Z,SUBJETIVE,79,SPRING,G15,english,female,20-29,no
bbe149f3-6aed-4fc9-be45-349af4e23a87,2025-12-20T14:54:43.633Z,PLANT,48,CORAL,C9,english,female,20-29,no
bbe149f3-6aed-4fc9-be45-349af4e23a87,2025-12-20T14:55:06.523Z,ENVIRONMENT,57,GRASS,P12,english,female,20-29,no
bbe149f3-6aed-4fc9-be45-349af4e23a87,2025-12-20T14:55:32.250Z,POP,87,BARBIE,C16,english,female,20-29,no
bbe149f3-6aed-4fc9-be45-349af4e23a87,2025-12-20T14:55:47.163Z,FOOD,28,TOMATO,B14,english,female,20-29,no
bbe149f3-6aed-4fc9-be45-349af4e23a87,2025-12-20T14:56:21.037Z,ENVIRONMENT,64,SUNSET,D11,english,female,20-29,no
bbe149f3-6aed-4fc9-be45-349af4e23a87,2025-12-20T14:56:34.087Z,FOOD,21,COCONUT,A4,english,female,20-29,no
bbe149f3-6aed-4fc9-be45-349af4e23a87,2025-12-20T14:56:45.806Z,ANIMAL,3,GRIZZLY,A1,english,female,20-29,no
bbe149f3-6aed-4fc9-be45-349af4e23a87,2025-12-20T14:57:05.396Z,SUBJETIVE,75,TOXIC,H29,english,female,20-29,no
bbe149f3-6aed-4fc9-be45-349af4e23a87,2025-12-20T14:57:24.102Z,STONE,39,BRICK,C6,english,female,20-29,no
bbe149f3-6aed-4fc9-be45-349af4e23a87,2025-12-20T14:57:44.972Z,POP,98,STITCH,K30,english,female,20-29,no
bbe149f3-6aed-4fc9-be45-349af4e23a87,2025-12-20T14:58:00.768Z,STONE,40,EMERALD,P11,english,female,20-29,no
bbe149f3-6aed-4fc9-be45-349af4e23a87,2025-12-20T14:58:19.452Z,PLANT,50,WOOD,B3,english,female,20-29,no
bbe149f3-6aed-4fc9-be45-349af4e23a87,2025-12-20T14:58:39.218Z,ANIMAL,2,WHALE,I30,english,female,20-29,no
c0052739-2f43-451b-bc47-8c636c900679,2025-12-20T15:08:57.193Z,STONE,32,SAPPHIRE,K30,english,female,20-29,no
c0052739-2f43-451b-bc47-8c636c900679,2025-12-20T15:09:24.447Z,PLANT,43,MALLOW,I17,english,female,20-29,no
c0052739-2f43-451b-bc47-8c636c900679,2025-12-20T15:09:39.655Z,ANIMAL,11,FROG,O11,english,female,20-29,no
c0052739-2f43-451b-bc47-8c636c900679,2025-12-20T15:09:52.810Z,ENVIRONMENT,53,FIRE,B10,english,female,20-29,no
c0052739-2f43-451b-bc47-8c636c900679,2025-12-20T15:10:07.471Z,FOOD,21,COCONUT,A2,english,female,20-29,no
c0052739-2f43-451b-bc47-8c636c900679,2025-12-20T15:10:17.660Z,PLANT,47,CARNATION,B17,english,female,20-29,no
c0052739-2f43-451b-bc47-8c636c900679,2025-12-20T15:10:28.225Z,POP,96,ERNIE (AND BERT),I3,english,female,20-29,no
c0052739-2f43-451b-bc47-8c636c900679,2025-12-20T15:10:45.804Z,FOOD,20,CUCUMBER,P13,english,female,20-29,no
c0052739-2f43-451b-bc47-8c636c900679,2025-12-20T15:11:02.154Z,SUBJETIVE,67,ECOLOGY,O21,english,female,20-29,no
c0052739-2f43-451b-bc47-8c636c900679,2025-12-20T15:11:17.056Z,SUBJETIVE,65,SHAME,C18,english,female,20-29,no
c0052739-2f43-451b-bc47-8c636c900679,2025-12-20T15:11:27.390Z,POP,84,SONIC,L28,english,female,20-29,no
c0052739-2f43-451b-bc47-8c636c900679,2025-12-20T15:11:37.454Z,STONE,30,PEARL,I15,english,female,20-29,no
c0052739-2f43-451b-bc47-8c636c900679,2025-12-20T15:11:48.563Z,ANIMAL,9,TIGER,A11,english,female,20-29,no
c0052739-2f43-451b-bc47-8c636c900679,2025-12-20T15:11:58.635Z,ENVIRONMENT,51,HURRICANE,B2,english,female,20-29,no
c697271b-9ee1-4264-81ad-f2b5d2cab7d1,2025-12-20T17:59:47.952Z,ENTORNO,64,ATARDECER,F7,spanish,female,20-29,no
c697271b-9ee1-4264-81ad-f2b5d2cab7d1,2025-12-20T18:00:12.012Z,SUBJETIVO,73,PELIGRO,A9,spanish,female,20-29,no
c697271b-9ee1-4264-81ad-f2b5d2cab7d1,2025-12-20T18:00:35.081Z,COMESTIBLE,19,UVA,N7,spanish,female,20-29,no
c697271b-9ee1-4264-81ad-f2b5d2cab7d1,2025-12-20T18:00:56.803Z,POP,88,COLORETE,B14,spanish,female,20-29,no
c697271b-9ee1-4264-81ad-f2b5d2cab7d1,2025-12-20T18:01:18.578Z,PIEDRA,39,LADRILLO,A8,spanish,female,20-29,no
c697271b-9ee1-4264-81ad-f2b5d2cab7d1,2025-12-20T18:01:43.599Z,COMESTIBLE,15,LIMA,O7,spanish,female,20-29,no
c697271b-9ee1-4264-81ad-f2b5d2cab7d1,2025-12-20T18:02:00.815Z,ANIMAL,7,CANARIO,J5,spanish,female,20-29,no
c697271b-9ee1-4264-81ad-f2b5d2cab7d1,2025-12-20T18:02:22.314Z,PIEDRA,33,ORO,H1,spanish,female,20-29,no
c697271b-9ee1-4264-81ad-f2b5d2cab7d1,2025-12-20T18:02:43.312Z,PLANTA,45,AMAPOLA,B9,spanish,female,20-29,no
c697271b-9ee1-4264-81ad-f2b5d2cab7d1,2025-12-20T18:03:01.546Z,PLANTA,43,MALVA,C27,spanish,female,20-29,no
c697271b-9ee1-4264-81ad-f2b5d2cab7d1,2025-12-20T18:03:23.324Z,SUBJETIVO,79,PRIMAVERA,J15,spanish,female,20-29,no
c697271b-9ee1-4264-81ad-f2b5d2cab7d1,2025-12-20T18:03:38.884Z,ENTORNO,53,FUEGO,C7,spanish,female,20-29,no
c697271b-9ee1-4264-81ad-f2b5d2cab7d1,2025-12-20T18:04:14.236Z,POP,95,MONST. GALLETA,N27,spanish,female,20-29,no
c697271b-9ee1-4264-81ad-f2b5d2cab7d1,2025-12-20T18:04:40.032Z,ANIMAL,11,RANA,P10,spanish,female,20-29,no
e1c1fdcc-dc6f-431d-8fd6-8297f97f91aa,2025-12-22T21:45:19.238Z,ENVIRONMENT,63,BLOOD,C14,english,male,20-29,no
e1c1fdcc-dc6f-431d-8fd6-8297f97f91aa,2025-12-22T21:45:43.494Z,ANIMAL,13,TOAD,K14,english,male,20-29,no
e1c1fdcc-dc6f-431d-8fd6-8297f97f91aa,2025-12-22T21:46:04.229Z,FOOD,22,EGGPLANT,F30,english,male,20-29,no
e1c1fdcc-dc6f-431d-8fd6-8297f97f91aa,2025-12-22T21:46:38.984Z,ENVIRONMENT,61,SKY,L24,english,male,20-29,no
e1c1fdcc-dc6f-431d-8fd6-8297f97f91aa,2025-12-22T21:46:56.613Z,FOOD,17,PUMPKIN,H11,english,male,20-29,no
e1c1fdcc-dc6f-431d-8fd6-8297f97f91aa,2025-12-22T21:47:26.104Z,STONE,32,SAPPHIRE,L27,english,male,20-29,no
e1c1fdcc-dc6f-431d-8fd6-8297f97f91aa,2025-12-22T21:47:49.430Z,SUBJETIVE,79,SPRING,J20,english,male,20-29,no
e1c1fdcc-dc6f-431d-8fd6-8297f97f91aa,2025-12-22T21:48:02.251Z,PLANT,48,CORAL,E15,english,male,20-29,no
e1c1fdcc-dc6f-431d-8fd6-8297f97f91aa,2025-12-22T21:48:13.036Z,POP,82,SHRECK,M13,english,male,20-29,no
e1c1fdcc-dc6f-431d-8fd6-8297f97f91aa,2025-12-22T21:48:23.543Z,SUBJETIVE,68,PEACE,I18,english,male,20-29,no
e1c1fdcc-dc6f-431d-8fd6-8297f97f91aa,2025-12-22T21:48:36.438Z,POP,84,SONIC,M27,english,male,20-29,no
e1c1fdcc-dc6f-431d-8fd6-8297f97f91aa,2025-12-22T21:48:44.654Z,STONE,39,BRICK,C4,english,male,20-29,no
e1c1fdcc-dc6f-431d-8fd6-8297f97f91aa,2025-12-22T21:49:01.022Z,ANIMAL,10,LADYBUG,C14,english,male,20-29,no
e1c1fdcc-dc6f-431d-8fd6-8297f97f91aa,2025-12-22T21:49:15.743Z,PLANT,45,POPPY,C7,english,male,20-29,no
b38c0910-f8a8-458b-af24-a0d09221335e,2025-12-23T10:36:36.643Z,ENTORNO,61,CIELO,L23,spanish,male,20-29,no
b38c0910-f8a8-458b-af24-a0d09221335e,2025-12-23T10:37:18.391Z,ANIMAL,12,AXOLOTE,B2,spanish,male,20-29,no
b38c0910-f8a8-458b-af24-a0d09221335e,2025-12-23T10:37:32.043Z,PIEDRA,30,PERLA,H17,spanish,male,20-29,no
b38c0910-f8a8-458b-af24-a0d09221335e,2025-12-23T10:37:50.267Z,SUBJETIVO,73,PELIGRO,A10,spanish,male,20-29,no
b38c0910-f8a8-458b-af24-a0d09221335e,2025-12-23T10:38:01.773Z,ANIMAL,7,CANARIO,L4,spanish,male,20-29,no
b38c0910-f8a8-458b-af24-a0d09221335e,2025-12-23T10:38:09.952Z,POP,85,PIKACHU,J3,spanish,male,20-29,no
b38c0910-f8a8-458b-af24-a0d09221335e,2025-12-23T10:38:37.742Z,PIEDRA,31,AMATISTA,B30,spanish,male,20-29,no
b38c0910-f8a8-458b-af24-a0d09221335e,2025-12-23T10:38:46.106Z,PLANTA,41,GIRASOL,H3,spanish,male,20-29,no
b38c0910-f8a8-458b-af24-a0d09221335e,2025-12-23T10:39:13.171Z,COMESTIBLE,22,BERENJENA,E28,spanish,male,20-29,no
b38c0910-f8a8-458b-af24-a0d09221335e,2025-12-23T10:39:24.132Z,ENTORNO,52,PIEL,H12,spanish,male,20-29,no
b38c0910-f8a8-458b-af24-a0d09221335e,2025-12-23T10:39:40.601Z,SUBJETIVO,74,TRISTEZA,N30,spanish,male,20-29,no
b38c0910-f8a8-458b-af24-a0d09221335e,2025-12-23T10:40:15.812Z,POP,95,MONST. GALLETA,K28,spanish,male,20-29,no
b38c0910-f8a8-458b-af24-a0d09221335e,2025-12-23T10:40:26.350Z,COMESTIBLE,14,LIMÓN,J5,spanish,male,20-29,no
b38c0910-f8a8-458b-af24-a0d09221335e,2025-12-23T10:40:36.663Z,PLANTA,50,MADERA,B2,spanish,male,20-29,no
254d9a50-ff57-4851-a0c2-ea6c822db5ef,2025-12-23T10:57:54.404Z,ANIMAL,11,RANA,N11,spanish,male,20-29,no
254d9a50-ff57-4851-a0c2-ea6c822db5ef,2025-12-23T10:58:46.707Z,SUBJETIVO,71,ALEGRÍA,K3,spanish,male,20-29,no
254d9a50-ff57-4851-a0c2-ea6c822db5ef,2025-12-23T10:59:29.630Z,COMESTIBLE,25,MANZANA,K10,spanish,male,20-29,no
254d9a50-ff57-4851-a0c2-ea6c822db5ef,2025-12-23T11:00:19.110Z,ENTORNO,58,ESTANQUE,O23,spanish,male,20-29,no
254d9a50-ff57-4851-a0c2-ea6c822db5ef,2025-12-23T11:00:48.302Z,POP,92,GRINCH,N7,spanish,male,20-29,no
254d9a50-ff57-4851-a0c2-ea6c822db5ef,2025-12-23T11:00:58.175Z,POP,92,GRINCH,N7,spanish,male,20-29,no
254d9a50-ff57-4851-a0c2-ea6c822db5ef,2025-12-23T11:01:44.302Z,ANIMAL,4,FLAMENCO,F16,spanish,male,20-29,no
254d9a50-ff57-4851-a0c2-ea6c822db5ef,2025-12-23T11:01:58.669Z,COMESTIBLE,20,PEPINO,P10,spanish,male,20-29,no
254d9a50-ff57-4851-a0c2-ea6c822db5ef,2025-12-23T11:02:35.277Z,PIEDRA,34,RUBÍ,B10,spanish,male,20-29,no
254d9a50-ff57-4851-a0c2-ea6c822db5ef,2025-12-23T11:02:56.838Z,PIEDRA,33,ORO,E2,spanish,male,20-29,no
254d9a50-ff57-4851-a0c2-ea6c822db5ef,2025-12-23T11:03:20.171Z,ENTORNO,57,CÉSPED,P11,spanish,male,20-29,no
254d9a50-ff57-4851-a0c2-ea6c822db5ef,2025-12-23T11:03:39.216Z,SUBJETIVO,68,PAZ,I19,spanish,male,20-29,no
254d9a50-ff57-4851-a0c2-ea6c822db5ef,2025-12-23T11:04:30.327Z,PLANTA,43,MALVA,G19,spanish,male,20-29,no
254d9a50-ff57-4851-a0c2-ea6c822db5ef,2025-12-23T11:05:07.203Z,PLANTA,44,LAVANDA,F24,spanish,male,20-29,no
254d9a50-ff57-4851-a0c2-ea6c822db5ef,2025-12-23T11:06:06.248Z,POP,94,FLASH,I4,spanish,male,20-29,no
bf7c31bb-54a9-4300-a537-47b63640e91f,2025-12-23T11:11:22.856Z,ENTORNO,63,SANGRE,A8,spanish,other,20-29,no
bf7c31bb-54a9-4300-a537-47b63640e91f,2025-12-23T11:11:48.069Z,COMESTIBLE,23,ESPÁRRAGO,P10,spanish,other,20-29,no
bf7c31bb-54a9-4300-a537-47b63640e91f,2025-12-23T11:12:02.016Z,SUBJETIVO,73,PELIGRO,J6,spanish,other,20-29,no
bf7c31bb-54a9-4300-a537-47b63640e91f,2025-12-23T11:12:15.471Z,POP,86,HULK,N8,spanish,other,20-29,no
bf7c31bb-54a9-4300-a537-47b63640e91f,2025-12-23T11:12:30.517Z,ANIMAL,5,ZORRO,D3,spanish,other,20-29,no
bf7c31bb-54a9-4300-a537-47b63640e91f,2025-12-23T11:12:40.886Z,PIEDRA,39,LADRILLO,A5,spanish,other,20-29,no
bf7c31bb-54a9-4300-a537-47b63640e91f,2025-12-23T11:12:50.916Z,ANIMAL,12,AXOLOTE,C5,spanish,other,20-29,no
bf7c31bb-54a9-4300-a537-47b63640e91f,2025-12-23T11:13:06.632Z,SUBJETIVO,70,ASCO,M13,spanish,other,20-29,no
bf7c31bb-54a9-4300-a537-47b63640e91f,2025-12-23T11:13:22.475Z,PLANTA,50,MADERA,A1,spanish,other,20-29,no
bf7c31bb-54a9-4300-a537-47b63640e91f,2025-12-23T11:14:03.034Z,ENTORNO,54,ARENA,E4,spanish,other,20-29,no
bf7c31bb-54a9-4300-a537-47b63640e91f,2025-12-23T11:14:14.814Z,PLANTA,47,CLAVEL,B8,spanish,other,20-29,no
bf7c31bb-54a9-4300-a537-47b63640e91f,2025-12-23T11:14:30.866Z,COMESTIBLE,18,CALABACÍN,P10,spanish,other,20-29,no
bf7c31bb-54a9-4300-a537-47b63640e91f,2025-12-23T11:14:46.981Z,POP,81,FEMINISMO,E30,spanish,other,20-29,no
bf7c31bb-54a9-4300-a537-47b63640e91f,2025-12-23T11:14:56.617Z,PIEDRA,36,TEJA,A5,spanish,other,20-29,no
ca299034-7e5d-4388-b25c-8ad9eac547fa,2025-12-23T11:16:15.443Z,PLANTA,43,MALVA,B20,spanish,female,20-29,no
ca299034-7e5d-4388-b25c-8ad9eac547fa,2025-12-23T11:16:31.368Z,SUBJETIVO,73,PELIGRO,B10,spanish,female,20-29,no
ca299034-7e5d-4388-b25c-8ad9eac547fa,2025-12-23T11:16:51.487Z,POP,97,PETER PAN,O7,spanish,female,20-29,no
ca299034-7e5d-4388-b25c-8ad9eac547fa,2025-12-23T11:17:32.096Z,COMESTIBLE,23,ESPÁRRAGO,P15,spanish,female,20-29,no
ca299034-7e5d-4388-b25c-8ad9eac547fa,2025-12-23T11:17:51.973Z,PLANTA,46,TRIGO,I10,spanish,female,20-29,no
ca299034-7e5d-4388-b25c-8ad9eac547fa,2025-12-23T11:18:02.885Z,PIEDRA,35,JADE,A1,spanish,female,20-29,no
ca299034-7e5d-4388-b25c-8ad9eac547fa,2025-12-23T11:18:22.278Z,POP,87,BARBIE,E15,spanish,female,20-29,no
ca299034-7e5d-4388-b25c-8ad9eac547fa,2025-12-23T11:18:43.080Z,ENTORNO,61,CIELO,K21,spanish,female,20-29,no
ca299034-7e5d-4388-b25c-8ad9eac547fa,2025-12-23T11:18:56.330Z,ANIMAL,1,SALMÓN,H10,spanish,female,20-29,no
ca299034-7e5d-4388-b25c-8ad9eac547fa,2025-12-23T11:19:09.391Z,COMESTIBLE,18,CALABACÍN,P10,spanish,female,20-29,no
ca299034-7e5d-4388-b25c-8ad9eac547fa,2025-12-23T11:19:22.490Z,PIEDRA,34,RUBÍ,A12,spanish,female,20-29,no
ca299034-7e5d-4388-b25c-8ad9eac547fa,2025-12-23T11:19:36.938Z,ENTORNO,62,RAYO,I5,spanish,female,20-29,no
ca299034-7e5d-4388-b25c-8ad9eac547fa,2025-12-23T11:19:50.142Z,SUBJETIVO,67,ECOLOGÍA,N7,spanish,female,20-29,no
ca299034-7e5d-4388-b25c-8ad9eac547fa,2025-12-23T11:20:02.933Z,ANIMAL,8,CERDO,G12,spanish,female,20-29,no
1ca81aa2-ea55-4223-818a-4480000decb2,2025-12-23T11:04:54.256Z,SUBJETIVO,78,INVIERNO,K30,spanish,female,20-29,no
1ca81aa2-ea55-4223-818a-4480000decb2,2025-12-23T11:05:17.473Z,PLANTA,46,TRIGO,D1,spanish,female,20-29,no
1ca81aa2-ea55-4223-818a-4480000decb2,2025-12-23T11:05:40.874Z,ENTORNO,52,PIEL,H12,spanish,female,20-29,no
1ca81aa2-ea55-4223-818a-4480000decb2,2025-12-23T11:06:13.244Z,PLANTA,43,MALVA,B28,spanish,female,20-29,no
1ca81aa2-ea55-4223-818a-4480000decb2,2025-12-23T11:07:11.091Z,SUBJETIVO,74,TRISTEZA,D4,spanish,female,20-29,no
1ca81aa2-ea55-4223-818a-4480000decb2,2025-12-23T11:07:43.882Z,POP,89,PITUFO,L23,spanish,female,20-29,no
1ca81aa2-ea55-4223-818a-4480000decb2,2025-12-23T11:08:01.815Z,PIEDRA,30,PERLA,H16,spanish,female,20-29,no
1ca81aa2-ea55-4223-818a-4480000decb2,2025-12-23T11:08:15.819Z,ENTORNO,55,MARÍTIMO,J25,spanish,female,20-29,no
1ca81aa2-ea55-4223-818a-4480000decb2,2025-12-23T11:08:32.079Z,COMESTIBLE,17,CALABAZA,D7,spanish,female,20-29,no
1ca81aa2-ea55-4223-818a-4480000decb2,2025-12-23T11:08:44.107Z,ANIMAL,8,CERDO,E14,spanish,female,20-29,no
1ca81aa2-ea55-4223-818a-4480000decb2,2025-12-23T11:09:14.666Z,PIEDRA,32,ZAFIRO,I30,spanish,female,20-29,no
1ca81aa2-ea55-4223-818a-4480000decb2,2025-12-23T11:10:24.460Z,COMESTIBLE,27,PLÁTANO,H4,spanish,female,20-29,no
1ca81aa2-ea55-4223-818a-4480000decb2,2025-12-23T11:10:36.875Z,ANIMAL,6,GRILLO,A4,spanish,female,20-29,no
1ca81aa2-ea55-4223-818a-4480000decb2,2025-12-23T11:11:15.178Z,POP,96,BLAS (Y EPI),P7,spanish,female,20-29,no
e7c407fa-af4c-4736-9f07-826d92d6c2b1,2025-12-23T11:35:00.837Z,PLANTA,48,CORAL,D8,spanish,female,20-29,no
e7c407fa-af4c-4736-9f07-826d92d6c2b1,2025-12-23T11:35:30.677Z,ENTORNO,62,RAYO,H29,spanish,female,20-29,no
8748e2c9-4cd6-4013-8c9c-db3c590c960b,2025-12-23T11:36:55.005Z,COMESTIBLE,26,HUEVO,F2,spanish,female,20-29,no
8748e2c9-4cd6-4013-8c9c-db3c590c960b,2025-12-23T11:37:13.058Z,ENTORNO,54,ARENA,E5,spanish,female,20-29,no
8748e2c9-4cd6-4013-8c9c-db3c590c960b,2025-12-23T11:37:25.225Z,SUBJETIVO,78,INVIERNO,O30,spanish,female,20-29,no
8748e2c9-4cd6-4013-8c9c-db3c590c960b,2025-12-23T11:37:34.899Z,SUBJETIVO,67,ECOLOGÍA,O15,spanish,female,20-29,no
8748e2c9-4cd6-4013-8c9c-db3c590c960b,2025-12-23T11:37:44.519Z,ANIMAL,1,SALMÓN,D10,spanish,female,20-29,no
8748e2c9-4cd6-4013-8c9c-db3c590c960b,2025-12-23T11:38:02.298Z,PIEDRA,31,AMATISTA,I23,spanish,female,20-29,no
8748e2c9-4cd6-4013-8c9c-db3c590c960b,2025-12-23T11:38:14.735Z,PLANTA,43,MALVA,H18,spanish,female,20-29,no
8748e2c9-4cd6-4013-8c9c-db3c590c960b,2025-12-23T11:38:23.741Z,PIEDRA,30,PERLA,I18,spanish,female,20-29,no
8748e2c9-4cd6-4013-8c9c-db3c590c960b,2025-12-23T11:38:33.062Z,ENTORNO,55,MARÍTIMO,M26,spanish,female,20-29,no
8748e2c9-4cd6-4013-8c9c-db3c590c960b,2025-12-23T11:38:44.682Z,COMESTIBLE,27,PLÁTANO,K3,spanish,female,20-29,no
8748e2c9-4cd6-4013-8c9c-db3c590c960b,2025-12-23T11:38:52.704Z,ANIMAL,8,CERDO,C15,spanish,female,20-29,no
8748e2c9-4cd6-4013-8c9c-db3c590c960b,2025-12-23T11:39:02.409Z,PLANTA,49,MENTA,N14,spanish,female,20-29,no
8748e2c9-4cd6-4013-8c9c-db3c590c960b,2025-12-23T11:39:15.377Z,POP,96,BLAS (Y EPI),I2,spanish,female,20-29,no
8748e2c9-4cd6-4013-8c9c-db3c590c960b,2025-12-23T11:39:23.352Z,POP,98,STITCH,N27,spanish,female,20-29,no
dbd6bbf2-a2e7-4a61-a27f-c15112da16d7,2025-12-23T11:54:06.658Z,ANIMAL,6,GRILLO,G20,spanish,female,30-39,no
ba806dd1-b5e1-49f2-9797-280a18944405,2025-12-23T12:41:53.727Z,POP,98,STITCH,M29,spanish,male,20-29,no
96135e16-895a-44a9-b118-4af36c873694,2025-12-23T12:43:26.486Z,SUBJETIVO,65,VERGÜENZA,C6,spanish,male,20-29,no
96135e16-895a-44a9-b118-4af36c873694,2025-12-23T12:43:55.303Z,COMESTIBLE,21,COCO,I14,spanish,male,20-29,no
96135e16-895a-44a9-b118-4af36c873694,2025-12-23T12:44:26.455Z,PIEDRA,30,PERLA,I17,spanish,male,20-29,no
96135e16-895a-44a9-b118-4af36c873694,2025-12-23T12:44:42.949Z,SUBJETIVO,67,ECOLOGÍA,N20,spanish,male,20-29,no
96135e16-895a-44a9-b118-4af36c873694,2025-12-23T12:44:59.373Z,PLANTA,49,MENTA,P19,spanish,male,20-29,no
96135e16-895a-44a9-b118-4af36c873694,2025-12-23T12:45:09.510Z,COMESTIBLE,23,ESPÁRRAGO,P10,spanish,male,20-29,no
96135e16-895a-44a9-b118-4af36c873694,2025-12-23T12:45:25.976Z,ANIMAL,8,CERDO,F15,spanish,male,20-29,no
96135e16-895a-44a9-b118-4af36c873694,2025-12-23T12:45:42.457Z,ANIMAL,2,BALLENA,M25,spanish,male,20-29,no
96135e16-895a-44a9-b118-4af36c873694,2025-12-23T12:46:04.553Z,PLANTA,45,AMAPOLA,B9,spanish,male,20-29,no
a6361cf2-3a8f-48f8-a2ff-ccb773663bdd,2025-12-23T12:46:19.843Z,POP,92,GRINCH,N7,spanish,male,20-29,no
96135e16-895a-44a9-b118-4af36c873694,2025-12-23T12:46:19.218Z,ENTORNO,58,ESTANQUE,M22,spanish,male,20-29,no
96135e16-895a-44a9-b118-4af36c873694,2025-12-23T12:46:39.734Z,POP,87,BARBIE,E15,spanish,male,20-29,no
a6361cf2-3a8f-48f8-a2ff-ccb773663bdd,2025-12-23T12:46:42.806Z,SUBJETIVO,69,IRA,B8,spanish,male,20-29,no
96135e16-895a-44a9-b118-4af36c873694,2025-12-23T12:46:53.926Z,POP,82,SHRECK,O4,spanish,male,20-29,no
a6361cf2-3a8f-48f8-a2ff-ccb773663bdd,2025-12-23T12:46:57.745Z,SUBJETIVO,73,PELIGRO,A11,spanish,male,20-29,no
96135e16-895a-44a9-b118-4af36c873694,2025-12-23T12:47:07.436Z,ENTORNO,57,CÉSPED,M9,spanish,male,20-29,no
a6361cf2-3a8f-48f8-a2ff-ccb773663bdd,2025-12-23T12:47:12.126Z,PLANTA,46,TRIGO,I5,spanish,male,20-29,no
96135e16-895a-44a9-b118-4af36c873694,2025-12-23T12:47:23.917Z,PIEDRA,39,LADRILLO,C6,spanish,male,20-29,no
a6361cf2-3a8f-48f8-a2ff-ccb773663bdd,2025-12-23T12:47:25.256Z,COMESTIBLE,28,TOMATE,C8,spanish,male,20-29,no
a6361cf2-3a8f-48f8-a2ff-ccb773663bdd,2025-12-23T12:47:48.290Z,PLANTA,42,ALBAHACA,O12,spanish,male,20-29,no
a6361cf2-3a8f-48f8-a2ff-ccb773663bdd,2025-12-23T12:48:06.044Z,ENTORNO,52,PIEL,H10,spanish,male,20-29,no
a6361cf2-3a8f-48f8-a2ff-ccb773663bdd,2025-12-23T12:48:27.372Z,POP,88,COLORETE,A14,spanish,male,20-29,no
a6361cf2-3a8f-48f8-a2ff-ccb773663bdd,2025-12-23T12:48:43.379Z,ANIMAL,8,CERDO,F12,spanish,male,20-29,no
a6361cf2-3a8f-48f8-a2ff-ccb773663bdd,2025-12-23T12:48:53.206Z,ENTORNO,57,CÉSPED,P10,spanish,male,20-29,no
a6361cf2-3a8f-48f8-a2ff-ccb773663bdd,2025-12-23T12:49:11.657Z,PIEDRA,34,RUBÍ,A11,spanish,male,20-29,no
a6361cf2-3a8f-48f8-a2ff-ccb773663bdd,2025-12-23T12:49:21.658Z,PIEDRA,33,ORO,G2,spanish,male,20-29,no
a6361cf2-3a8f-48f8-a2ff-ccb773663bdd,2025-12-23T12:49:32.390Z,COMESTIBLE,16,KIWI,B1,spanish,male,20-29,no
a6361cf2-3a8f-48f8-a2ff-ccb773663bdd,2025-12-23T12:49:40.777Z,ANIMAL,6,GRILLO,P10,spanish,male,20-29,no
803e29a0-3d44-40d6-bc54-406d58fb8af3,2025-12-23T14:18:23.175Z,SUBJETIVO,76,VERANO,E4,spanish,male,20-29,no
803e29a0-3d44-40d6-bc54-406d58fb8af3,2025-12-23T14:18:38.816Z,POP,96,BLAS (Y EPI),B9,spanish,male,20-29,no
803e29a0-3d44-40d6-bc54-406d58fb8af3,2025-12-23T14:19:01.992Z,ANIMAL,3,PARDO,P10,spanish,male,20-29,no
803e29a0-3d44-40d6-bc54-406d58fb8af3,2025-12-23T14:19:15.406Z,POP,89,PITUFO,L24,spanish,male,20-29,no
803e29a0-3d44-40d6-bc54-406d58fb8af3,2025-12-23T14:20:02.738Z,PIEDRA,35,JADE,D7,spanish,male,20-29,no
803e29a0-3d44-40d6-bc54-406d58fb8af3,2025-12-23T14:20:13.096Z,ANIMAL,13,SAPO,P8,spanish,male,20-29,no
803e29a0-3d44-40d6-bc54-406d58fb8af3,2025-12-23T14:20:22.812Z,PLANTA,45,AMAPOLA,A9,spanish,male,20-29,no
803e29a0-3d44-40d6-bc54-406d58fb8af3,2025-12-23T14:20:35.411Z,PIEDRA,36,TEJA,B6,spanish,male,20-29,no
803e29a0-3d44-40d6-bc54-406d58fb8af3,2025-12-23T14:20:49.499Z,PLANTA,42,ALBAHACA,O14,spanish,male,20-29,no
803e29a0-3d44-40d6-bc54-406d58fb8af3,2025-12-23T14:21:00.673Z,ENTORNO,61,CIELO,K21,spanish,male,20-29,no
803e29a0-3d44-40d6-bc54-406d58fb8af3,2025-12-23T14:21:11.595Z,SUBJETIVO,77,OTOÑO,B2,spanish,male,20-29,no
803e29a0-3d44-40d6-bc54-406d58fb8af3,2025-12-23T14:21:22.272Z,COMESTIBLE,23,ESPÁRRAGO,I14,spanish,male,20-29,no
803e29a0-3d44-40d6-bc54-406d58fb8af3,2025-12-23T14:21:33.836Z,COMESTIBLE,28,TOMATE,B13,spanish,male,20-29,no
803e29a0-3d44-40d6-bc54-406d58fb8af3,2025-12-23T14:22:00.822Z,ENTORNO,60,MUSGO,P12,spanish,male,20-29,no
f493e374-a675-4b93-8f8f-de0c8405e644,2025-12-23T17:01:56.851Z,COMESTIBLE,14,LIMÓN,L2,spanish,male,30-39,no
f493e374-a675-4b93-8f8f-de0c8405e644,2025-12-23T17:02:05.638Z,PIEDRA,32,ZAFIRO,I29,spanish,male,30-39,no
f493e374-a675-4b93-8f8f-de0c8405e644,2025-12-23T17:02:24.784Z,PLANTA,47,CLAVEL,O16,spanish,male,30-39,no
f493e374-a675-4b93-8f8f-de0c8405e644,2025-12-23T17:02:32.917Z,PLANTA,44,LAVANDA,E29,spanish,male,30-39,no
f493e374-a675-4b93-8f8f-de0c8405e644,2025-12-23T17:02:41.364Z,COMESTIBLE,21,COCO,J19,spanish,male,30-39,no
f493e374-a675-4b93-8f8f-de0c8405e644,2025-12-23T17:02:51.292Z,ENTORNO,64,ATARDECER,D8,spanish,male,30-39,no
f493e374-a675-4b93-8f8f-de0c8405e644,2025-12-23T17:03:03.063Z,ANIMAL,4,FLAMENCO,B19,spanish,male,30-39,no
f493e374-a675-4b93-8f8f-de0c8405e644,2025-12-23T17:03:10.274Z,POP,97,PETER PAN,N18,spanish,male,30-39,no
f493e374-a675-4b93-8f8f-de0c8405e644,2025-12-23T17:03:20.584Z,SUBJETIVO,71,ALEGRÍA,K2,spanish,male,30-39,no
f493e374-a675-4b93-8f8f-de0c8405e644,2025-12-23T17:03:27.928Z,ANIMAL,11,RANA,P18,spanish,male,30-39,no
f493e374-a675-4b93-8f8f-de0c8405e644,2025-12-23T17:03:46.033Z,SUBJETIVO,78,INVIERNO,M24,spanish,male,30-39,no
f493e374-a675-4b93-8f8f-de0c8405e644,2025-12-23T17:03:55.962Z,ENTORNO,63,SANGRE,B11,spanish,male,30-39,no
f493e374-a675-4b93-8f8f-de0c8405e644,2025-12-23T17:04:08.156Z,PIEDRA,33,ORO,K3,spanish,male,30-39,no
f493e374-a675-4b93-8f8f-de0c8405e644,2025-12-23T17:04:23.048Z,POP,93,SIMPSON,L1,spanish,male,30-39,no
5d7a62ee-b4b7-4c5c-abe6-5ef11e139061,2025-12-23T18:04:00.415Z,ANIMAL,3,PARDO,E10,spanish,male,30-39,no
5d7a62ee-b4b7-4c5c-abe6-5ef11e139061,2025-12-23T18:04:22.597Z,PIEDRA,30,PERLA,H15,spanish,male,30-39,no
5d7a62ee-b4b7-4c5c-abe6-5ef11e139061,2025-12-23T18:04:44.387Z,ENTORNO,62,RAYO,H5,spanish,male,30-39,no
5d7a62ee-b4b7-4c5c-abe6-5ef11e139061,2025-12-23T18:05:05.640Z,ENTORNO,52,PIEL,I11,spanish,male,30-39,no
5d7a62ee-b4b7-4c5c-abe6-5ef11e139061,2025-12-23T18:05:22.591Z,COMESTIBLE,22,BERENJENA,I28,spanish,male,30-39,no
5d7a62ee-b4b7-4c5c-abe6-5ef11e139061,2025-12-23T18:05:35.583Z,PIEDRA,34,RUBÍ,C9,spanish,male,30-39,no
5d7a62ee-b4b7-4c5c-abe6-5ef11e139061,2025-12-23T18:05:46.953Z,POP,92,GRINCH,P7,spanish,male,30-39,no
5d7a62ee-b4b7-4c5c-abe6-5ef11e139061,2025-12-23T18:05:59.972Z,PLANTA,45,AMAPOLA,I14,spanish,male,30-39,no
5d7a62ee-b4b7-4c5c-abe6-5ef11e139061,2025-12-23T18:06:17.159Z,SUBJETIVO,77,OTOÑO,D4,spanish,male,30-39,no
5d7a62ee-b4b7-4c5c-abe6-5ef11e139061,2025-12-23T18:06:31.820Z,COMESTIBLE,25,MANZANA,B12,spanish,male,30-39,no
5d7a62ee-b4b7-4c5c-abe6-5ef11e139061,2025-12-23T18:06:52.269Z,SUBJETIVO,76,VERANO,I7,spanish,male,30-39,no
5d7a62ee-b4b7-4c5c-abe6-5ef11e139061,2025-12-23T18:07:09.984Z,ANIMAL,8,CERDO,G11,spanish,male,30-39,no
5d7a62ee-b4b7-4c5c-abe6-5ef11e139061,2025-12-23T18:07:22.208Z,PLANTA,41,GIRASOL,H3,spanish,male,30-39,no
5d7a62ee-b4b7-4c5c-abe6-5ef11e139061,2025-12-23T18:07:31.049Z,POP,85,PIKACHU,J3,spanish,male,30-39,no
f4375ea3-016f-4896-b9e2-ada10f790d4b,2025-12-23T18:11:50.735Z,ANIMAL,6,GRILLO,A1,spanish,female,20-29,no
f4375ea3-016f-4896-b9e2-ada10f790d4b,2025-12-23T18:12:09.559Z,ENTORNO,64,ATARDECER,F9,spanish,female,20-29,no
f4375ea3-016f-4896-b9e2-ada10f790d4b,2025-12-23T18:12:33.613Z,PLANTA,47,CLAVEL,B14,spanish,female,20-29,no
f4375ea3-016f-4896-b9e2-ada10f790d4b,2025-12-23T18:12:43.529Z,ENTORNO,60,MUSGO,P12,spanish,female,20-29,no
f4375ea3-016f-4896-b9e2-ada10f790d4b,2025-12-23T18:12:53.965Z,POP,92,GRINCH,P17,spanish,female,20-29,no
f4375ea3-016f-4896-b9e2-ada10f790d4b,2025-12-23T18:13:03.264Z,COMESTIBLE,22,BERENJENA,D27,spanish,female,20-29,no
f4375ea3-016f-4896-b9e2-ada10f790d4b,2025-12-23T18:13:10.116Z,ANIMAL,13,SAPO,P11,spanish,female,20-29,no
f4375ea3-016f-4896-b9e2-ada10f790d4b,2025-12-23T18:13:17.018Z,PLANTA,41,GIRASOL,J2,spanish,female,20-29,no
f4375ea3-016f-4896-b9e2-ada10f790d4b,2025-12-23T18:13:27.620Z,POP,91,EPI (Y BLAS),E9,spanish,female,20-29,no
f4375ea3-016f-4896-b9e2-ada10f790d4b,2025-12-23T18:13:35.419Z,SUBJETIVO,77,OTOÑO,B2,spanish,female,20-29,no
f4375ea3-016f-4896-b9e2-ada10f790d4b,2025-12-23T18:13:48.240Z,SUBJETIVO,73,PELIGRO,C12,spanish,female,20-29,no
f4375ea3-016f-4896-b9e2-ada10f790d4b,2025-12-23T18:13:54.140Z,COMESTIBLE,21,COCO,A1,spanish,female,20-29,no
f4375ea3-016f-4896-b9e2-ada10f790d4b,2025-12-23T18:14:01.255Z,PIEDRA,33,ORO,H1,spanish,female,20-29,no
f4375ea3-016f-4896-b9e2-ada10f790d4b,2025-12-23T18:14:10.976Z,PIEDRA,32,ZAFIRO,K21,spanish,female,20-29,no
e2684f2f-710c-4636-9a95-611a336902a0,2025-12-23T19:45:29.406Z,SUBJETIVO,72,SOLEDAD,G30,spanish,male,20-29,no
e2684f2f-710c-4636-9a95-611a336902a0,2025-12-23T19:46:24.583Z,PLANTA,43,MALVA,C17,spanish,male,20-29,no
e2684f2f-710c-4636-9a95-611a336902a0,2025-12-23T19:46:39.243Z,PLANTA,49,MENTA,P10,spanish,male,20-29,no
e2684f2f-710c-4636-9a95-611a336902a0,2025-12-23T19:46:53.310Z,ANIMAL,13,SAPO,P11,spanish,male,20-29,no
e2684f2f-710c-4636-9a95-611a336902a0,2025-12-23T19:47:11.337Z,COMESTIBLE,18,CALABACÍN,P11,spanish,male,20-29,no
e2684f2f-710c-4636-9a95-611a336902a0,2025-12-23T19:47:21.424Z,ENTORNO,56,BARRO,C2,spanish,male,20-29,no
e2684f2f-710c-4636-9a95-611a336902a0,2025-12-23T19:47:33.834Z,SUBJETIVO,77,OTOÑO,H3,spanish,male,20-29,no
e2684f2f-710c-4636-9a95-611a336902a0,2025-12-23T19:47:59.880Z,POP,81,FEMINISMO,C28,spanish,male,20-29,no
e2684f2f-710c-4636-9a95-611a336902a0,2025-12-23T19:48:15.433Z,ANIMAL,1,SALMÓN,E16,spanish,male,20-29,no
e2684f2f-710c-4636-9a95-611a336902a0,2025-12-23T19:48:25.913Z,COMESTIBLE,22,BERENJENA,B28,spanish,male,20-29,no
e2684f2f-710c-4636-9a95-611a336902a0,2025-12-23T19:48:37.093Z,PIEDRA,34,RUBÍ,B12,spanish,male,20-29,no
e2684f2f-710c-4636-9a95-611a336902a0,2025-12-23T19:48:46.819Z,PIEDRA,35,JADE,O24,spanish,male,20-29,no
e2684f2f-710c-4636-9a95-611a336902a0,2025-12-23T19:49:00.301Z,POP,83,TRACTOR,K3,spanish,male,20-29,no
e2684f2f-710c-4636-9a95-611a336902a0,2025-12-23T19:49:10.811Z,ENTORNO,53,FUEGO,E6,spanish,male,20-29,no
ea1a5a51-73d1-48b3-bb6a-3128a635aa08,2025-12-23T20:28:46.820Z,ENTORNO,53,FUEGO,B10,spanish,female,40-49,no
ea1a5a51-73d1-48b3-bb6a-3128a635aa08,2025-12-23T20:29:00.022Z,COMESTIBLE,18,CALABACÍN,L10,spanish,female,40-49,no
ea1a5a51-73d1-48b3-bb6a-3128a635aa08,2025-12-23T20:29:06.829Z,SUBJETIVO,77,OTOÑO,F4,spanish,female,40-49,no
ea1a5a51-73d1-48b3-bb6a-3128a635aa08,2025-12-23T20:29:13.530Z,PIEDRA,31,AMATISTA,C24,spanish,female,40-49,no
ea1a5a51-73d1-48b3-bb6a-3128a635aa08,2025-12-23T20:29:19.714Z,PLANTA,49,MENTA,K21,spanish,female,40-49,no
ea1a5a51-73d1-48b3-bb6a-3128a635aa08,2025-12-23T20:29:26.629Z,POP,87,BARBIE,F13,spanish,female,40-49,no
ea1a5a51-73d1-48b3-bb6a-3128a635aa08,2025-12-23T20:29:35.330Z,COMESTIBLE,21,COCO,B2,spanish,female,40-49,no
ea1a5a51-73d1-48b3-bb6a-3128a635aa08,2025-12-23T20:29:48.054Z,ENTORNO,56,BARRO,C2,spanish,female,40-49,no
ea1a5a51-73d1-48b3-bb6a-3128a635aa08,2025-12-23T20:29:57.694Z,ANIMAL,6,GRILLO,N13,spanish,female,40-49,no
ea1a5a51-73d1-48b3-bb6a-3128a635aa08,2025-12-23T20:30:05.109Z,ANIMAL,9,TIGRE,I4,spanish,female,40-49,no
ea1a5a51-73d1-48b3-bb6a-3128a635aa08,2025-12-23T20:30:12.153Z,SUBJETIVO,78,INVIERNO,J27,spanish,female,40-49,no
ea1a5a51-73d1-48b3-bb6a-3128a635aa08,2025-12-23T20:30:24.955Z,POP,94,FLASH,I18,spanish,female,40-49,no
ea1a5a51-73d1-48b3-bb6a-3128a635aa08,2025-12-23T20:30:34.225Z,PLANTA,43,MALVA,N14,spanish,female,40-49,no
ea1a5a51-73d1-48b3-bb6a-3128a635aa08,2025-12-23T20:30:41.351Z,PIEDRA,34,RUBÍ,B10,spanish,female,40-49,no
eb0eb1ad-0971-4e5c-ab21-8ceb9ac287a1,2025-12-23T21:29:22.886Z,ANIMAL,5,ZORRO,D6,spanish,male,20-29,no
eb0eb1ad-0971-4e5c-ab21-8ceb9ac287a1,2025-12-23T21:30:19.407Z,PLANTA,42,ALBAHACA,O12,spanish,male,20-29,no
eb0eb1ad-0971-4e5c-ab21-8ceb9ac287a1,2025-12-23T21:31:04.959Z,SUBJETIVO,74,TRISTEZA,L24,spanish,male,20-29,no
eb0eb1ad-0971-4e5c-ab21-8ceb9ac287a1,2025-12-23T21:31:46.715Z,ENTORNO,57,CÉSPED,N14,spanish,male,20-29,no
eb0eb1ad-0971-4e5c-ab21-8ceb9ac287a1,2025-12-23T21:33:17.013Z,PIEDRA,34,RUBÍ,A13,spanish,male,20-29,no
eb0eb1ad-0971-4e5c-ab21-8ceb9ac287a1,2025-12-23T21:33:41.461Z,COMESTIBLE,21,COCO,B1,spanish,male,20-29,no
eb0eb1ad-0971-4e5c-ab21-8ceb9ac287a1,2025-12-23T21:34:24.562Z,PLANTA,49,MENTA,O13,spanish,male,20-29,no
841aad85-0e3b-4fde-9486-f2b65f96629e,2025-12-24T04:41:50.081Z,FOOD,26,EGG,K5,english,prefer-not-to-say,30-39,no
9e638958-a0b9-4c22-b9ad-7015c626db02,2025-12-24T07:11:43.872Z,SUBJETIVO,76,VERANO,B12,spanish,male,40-49,no
94d23010-26a3-44a2-a8ad-d490afa35a44,2025-12-24T09:13:34.532Z,SUBJETIVO,74,TRISTEZA,K28,spanish,male,20-29,no
94d23010-26a3-44a2-a8ad-d490afa35a44,2025-12-24T09:14:00.586Z,PIEDRA,39,LADRILLO,A4,spanish,male,20-29,no
94d23010-26a3-44a2-a8ad-d490afa35a44,2025-12-24T09:14:23.919Z,PLANTA,46,TRIGO,H5,spanish,male,20-29,no
94d23010-26a3-44a2-a8ad-d490afa35a44,2025-12-24T09:14:45.410Z,COMESTIBLE,15,LIMA,L11,spanish,male,20-29,no
94d23010-26a3-44a2-a8ad-d490afa35a44,2025-12-24T09:15:29.929Z,ENTORNO,52,PIEL,B1,spanish,male,20-29,no
94d23010-26a3-44a2-a8ad-d490afa35a44,2025-12-24T09:26:53.460Z,ANIMAL,5,ZORRO,A5,spanish,male,20-29,no
94d23010-26a3-44a2-a8ad-d490afa35a44,2025-12-24T09:27:22.583Z,PLANTA,48,CORAL,B10,spanish,male,20-29,no
94d23010-26a3-44a2-a8ad-d490afa35a44,2025-12-24T09:27:46.361Z,POP,96,BLAS (Y EPI),H3,spanish,male,20-29,no
94d23010-26a3-44a2-a8ad-d490afa35a44,2025-12-24T09:28:14.397Z,SUBJETIVO,78,INVIERNO,J20,spanish,male,20-29,no
94d23010-26a3-44a2-a8ad-d490afa35a44,2025-12-24T09:28:56.535Z,ANIMAL,3,PARDO,A2,spanish,male,20-29,no
94d23010-26a3-44a2-a8ad-d490afa35a44,2025-12-24T09:29:42.085Z,POP,89,PITUFO,L27,spanish,male,20-29,no
94d23010-26a3-44a2-a8ad-d490afa35a44,2025-12-24T09:30:05.022Z,PIEDRA,30,PERLA,I18,spanish,male,20-29,no
94d23010-26a3-44a2-a8ad-d490afa35a44,2025-12-24T09:30:23.334Z,ENTORNO,53,FUEGO,B8,spanish,male,20-29,no
94d23010-26a3-44a2-a8ad-d490afa35a44,2025-12-24T09:30:37.781Z,COMESTIBLE,19,UVA,D24,spanish,male,20-29,no
1daac6e4-9964-42ea-a06b-fba2d1056373,2025-12-24T12:58:52.551Z,PLANTA,45,AMAPOLA,C11,spanish,male,20-29,no
1daac6e4-9964-42ea-a06b-fba2d1056373,2025-12-24T12:59:36.328Z,COMESTIBLE,26,HUEVO,J7,spanish,male,20-29,no
1daac6e4-9964-42ea-a06b-fba2d1056373,2025-12-24T12:59:54.789Z,ENTORNO,64,ATARDECER,G4,spanish,male,20-29,no
1daac6e4-9964-42ea-a06b-fba2d1056373,2025-12-24T13:00:16.213Z,PLANTA,43,MALVA,E17,spanish,male,20-29,no
1daac6e4-9964-42ea-a06b-fba2d1056373,2025-12-24T13:00:30.484Z,SUBJETIVO,80,ESPERANZA,O14,spanish,male,20-29,no
1daac6e4-9964-42ea-a06b-fba2d1056373,2025-12-24T13:00:44.440Z,PIEDRA,33,ORO,L3,spanish,male,20-29,no
1daac6e4-9964-42ea-a06b-fba2d1056373,2025-12-24T13:01:18.712Z,SUBJETIVO,71,ALEGRÍA,I1,spanish,male,20-29,no
1daac6e4-9964-42ea-a06b-fba2d1056373,2025-12-24T13:01:33.095Z,PIEDRA,36,TEJA,A1,spanish,male,20-29,no
1daac6e4-9964-42ea-a06b-fba2d1056373,2025-12-24T13:01:55.169Z,POP,95,MONST. GALLETA,N28,spanish,male,20-29,no
1daac6e4-9964-42ea-a06b-fba2d1056373,2025-12-24T13:02:23.140Z,POP,99,SUBMARINO,I17,spanish,male,20-29,no
1daac6e4-9964-42ea-a06b-fba2d1056373,2025-12-24T13:02:39.978Z,ENTORNO,56,BARRO,B1,spanish,male,20-29,no
1daac6e4-9964-42ea-a06b-fba2d1056373,2025-12-24T13:02:59.503Z,ANIMAL,8,CERDO,H15,spanish,male,20-29,no
1daac6e4-9964-42ea-a06b-fba2d1056373,2025-12-24T13:03:24.493Z,ANIMAL,12,AXOLOTE,H15,spanish,male,20-29,no
1daac6e4-9964-42ea-a06b-fba2d1056373,2025-12-24T13:03:36.462Z,COMESTIBLE,23,ESPÁRRAGO,P3,spanish,male,20-29,no
0377fa4a-993d-47a4-846e-200526e6fd36,2025-12-24T14:18:50.324Z,ENTORNO,57,CÉSPED,M4,spanish,male,20-29,no
0377fa4a-993d-47a4-846e-200526e6fd36,2025-12-24T14:19:15.437Z,ENTORNO,63,SANGRE,A11,spanish,male,20-29,no
0377fa4a-993d-47a4-846e-200526e6fd36,2025-12-24T14:19:27.274Z,ANIMAL,1,SALMÓN,G1,spanish,male,20-29,no
0377fa4a-993d-47a4-846e-200526e6fd36,2025-12-24T14:19:39.385Z,PIEDRA,36,TEJA,A7,spanish,male,20-29,no
0377fa4a-993d-47a4-846e-200526e6fd36,2025-12-24T14:19:50.769Z,COMESTIBLE,27,PLÁTANO,L1,spanish,male,20-29,no
0377fa4a-993d-47a4-846e-200526e6fd36,2025-12-24T14:20:04.002Z,POP,84,SONIC,I28,spanish,male,20-29,no
0377fa4a-993d-47a4-846e-200526e6fd36,2025-12-24T14:20:17.214Z,SUBJETIVO,72,SOLEDAD,D30,spanish,male,20-29,no
0377fa4a-993d-47a4-846e-200526e6fd36,2025-12-24T14:20:31.383Z,PLANTA,49,MENTA,K12,spanish,male,20-29,no
0377fa4a-993d-47a4-846e-200526e6fd36,2025-12-24T14:20:41.317Z,COMESTIBLE,17,CALABAZA,N2,spanish,male,20-29,no
6dfd6611-ba62-49e0-bbdf-978ccbaa223a,2025-12-24T16:16:52.418Z,FOOD,17,PUMPKIN,C6,english,male,30-39,no
6dfd6611-ba62-49e0-bbdf-978ccbaa223a,2025-12-24T16:17:31.883Z,STONE,31,AMETHYST,E28,english,male,30-39,no
6dfd6611-ba62-49e0-bbdf-978ccbaa223a,2025-12-24T16:17:55.166Z,POP,95,COOKIE MONSTER,K27,english,male,30-39,no
6dfd6611-ba62-49e0-bbdf-978ccbaa223a,2025-12-24T16:18:19.947Z,ENVIRONMENT,54,SAND,H4,english,male,30-39,no
6dfd6611-ba62-49e0-bbdf-978ccbaa223a,2025-12-24T16:19:23.172Z,SUBJETIVE,80,HOPE,N8,english,male,30-39,no
6dfd6611-ba62-49e0-bbdf-978ccbaa223a,2025-12-24T16:19:52.947Z,ENVIRONMENT,59,SUNRISE,B7,english,male,30-39,no
6dfd6611-ba62-49e0-bbdf-978ccbaa223a,2025-12-24T16:20:36.629Z,PLANT,48,CORAL,A15,english,male,30-39,no
6dfd6611-ba62-49e0-bbdf-978ccbaa223a,2025-12-24T16:20:57.495Z,PLANT,50,WOOD,A1,english,male,30-39,no
6dfd6611-ba62-49e0-bbdf-978ccbaa223a,2025-12-24T16:21:41.934Z,ANIMAL,11,FROG,P2,english,male,30-39,no
6dfd6611-ba62-49e0-bbdf-978ccbaa223a,2025-12-24T16:21:59.844Z,ANIMAL,1,SALMON,D7,english,male,30-39,no
6dfd6611-ba62-49e0-bbdf-978ccbaa223a,2025-12-24T16:22:31.878Z,FOOD,29,BEET,A21,english,male,30-39,no
6dfd6611-ba62-49e0-bbdf-978ccbaa223a,2025-12-24T16:22:49.301Z,POP,86,HULK,P10,english,male,30-39,no
6dfd6611-ba62-49e0-bbdf-978ccbaa223a,2025-12-24T16:23:00.581Z,STONE,39,BRICK,H18,english,male,30-39,no
6dfd6611-ba62-49e0-bbdf-978ccbaa223a,2025-12-24T16:24:05.323Z,SUBJETIVE,68,PEACE,K22,english,male,30-39,no
d00a22e7-ca72-461d-90a4-bbcf435fb71d,2025-12-29T08:08:10.017Z,ENTORNO,63,SANGRE,A7,spanish,male,50-59,no
d00a22e7-ca72-461d-90a4-bbcf435fb71d,2025-12-29T08:08:30.591Z,PLANTA,49,MENTA,P7,spanish,male,50-59,no
d00a22e7-ca72-461d-90a4-bbcf435fb71d,2025-12-29T08:08:49.392Z,ENTORNO,57,CÉSPED,O5,spanish,male,50-59,no
d00a22e7-ca72-461d-90a4-bbcf435fb71d,2025-12-29T08:09:06.439Z,SUBJETIVO,74,TRISTEZA,F30,spanish,male,50-59,no
d00a22e7-ca72-461d-90a4-bbcf435fb71d,2025-12-29T08:09:22.486Z,PIEDRA,35,JADE,K22,spanish,male,50-59,no
d00a22e7-ca72-461d-90a4-bbcf435fb71d,2025-12-29T08:09:38.495Z,PIEDRA,32,ZAFIRO,C7,spanish,male,50-59,no
d00a22e7-ca72-461d-90a4-bbcf435fb71d,2025-12-29T08:09:55.759Z,POP,98,STITCH,I10,spanish,male,50-59,no
d00a22e7-ca72-461d-90a4-bbcf435fb71d,2025-12-29T08:10:30.919Z,PLANTA,50,MADERA,B3,spanish,male,50-59,no
d00a22e7-ca72-461d-90a4-bbcf435fb71d,2025-12-29T08:10:48.887Z,ANIMAL,11,RANA,O13,spanish,male,50-59,no
d00a22e7-ca72-461d-90a4-bbcf435fb71d,2025-12-29T08:10:59.638Z,ANIMAL,13,SAPO,P7,spanish,male,50-59,no
d00a22e7-ca72-461d-90a4-bbcf435fb71d,2025-12-29T08:11:12.023Z,POP,88,COLORETE,E15,spanish,male,50-59,no
d00a22e7-ca72-461d-90a4-bbcf435fb71d,2025-12-29T08:11:31.110Z,SUBJETIVO,71,ALEGRÍA,J2,spanish,male,50-59,no
d00a22e7-ca72-461d-90a4-bbcf435fb71d,2025-12-29T08:11:42.317Z,COMESTIBLE,23,ESPÁRRAGO,N11,spanish,male,50-59,no
d00a22e7-ca72-461d-90a4-bbcf435fb71d,2025-12-29T08:12:05.637Z,COMESTIBLE,19,UVA,K7,spanish,male,50-59,no
ce793e22-46ea-4cf4-9558-16d6489ec583,2025-12-29T09:01:09.344Z,PIEDRA,35,JADE,O22,spanish,female,40-49,no
ce793e22-46ea-4cf4-9558-16d6489ec583,2025-12-29T09:01:45.253Z,COMESTIBLE,25,MANZANA,C13,spanish,female,40-49,no
ce793e22-46ea-4cf4-9558-16d6489ec583,2025-12-29T09:04:31.597Z,ANIMAL,11,RANA,P11,spanish,female,40-49,no
ce793e22-46ea-4cf4-9558-16d6489ec583,2025-12-29T09:04:43.240Z,PIEDRA,31,AMATISTA,I8,spanish,female,40-49,no
ce793e22-46ea-4cf4-9558-16d6489ec583,2025-12-29T09:04:57.942Z,POP,84,SONIC,L23,spanish,female,40-49,no
ce793e22-46ea-4cf4-9558-16d6489ec583,2025-12-29T09:14:12.590Z,SUBJETIVO,80,ESPERANZA,M15,spanish,female,40-49,no
ce793e22-46ea-4cf4-9558-16d6489ec583,2025-12-29T09:14:27.826Z,ENTORNO,64,ATARDECER,G7,spanish,female,40-49,no
ce793e22-46ea-4cf4-9558-16d6489ec583,2025-12-29T09:14:43.145Z,PLANTA,49,MENTA,O11,spanish,female,40-49,no
ce793e22-46ea-4cf4-9558-16d6489ec583,2025-12-29T09:15:00.508Z,COMESTIBLE,21,COCO,B1,spanish,female,40-49,no
ce793e22-46ea-4cf4-9558-16d6489ec583,2025-12-29T09:15:16.613Z,POP,81,FEMINISMO,F22,spanish,female,40-49,no
ce793e22-46ea-4cf4-9558-16d6489ec583,2025-12-29T09:15:30.151Z,PLANTA,42,ALBAHACA,P11,spanish,female,40-49,no
ce793e22-46ea-4cf4-9558-16d6489ec583,2025-12-29T09:15:45.574Z,SUBJETIVO,66,SUEÑO,K21,spanish,female,40-49,no
ce793e22-46ea-4cf4-9558-16d6489ec583,2025-12-29T09:16:10.805Z,ENTORNO,59,AMANECER,E9,spanish,female,40-49,no
ce793e22-46ea-4cf4-9558-16d6489ec583,2025-12-29T09:16:24.799Z,ANIMAL,1,SALMÓN,E14,spanish,female,40-49,no
9df02a58-c93b-4c63-8c51-ebad27b0fd2f,2026-01-05T18:18:36.755Z,COMESTIBLE,15,LIMA,M5,spanish,female,20-29,no
9df02a58-c93b-4c63-8c51-ebad27b0fd2f,2026-01-05T18:18:57.898Z,ENTORNO,56,BARRO,C1,spanish,female,20-29,no
9df02a58-c93b-4c63-8c51-ebad27b0fd2f,2026-01-05T18:19:14.256Z,PLANTA,49,MENTA,P10,spanish,female,20-29,no
9df02a58-c93b-4c63-8c51-ebad27b0fd2f,2026-01-05T18:19:41.494Z,POP,87,BARBIE,C16,spanish,female,20-29,no
9df02a58-c93b-4c63-8c51-ebad27b0fd2f,2026-01-05T18:20:15.748Z,PLANTA,43,MALVA,B19,spanish,female,20-29,no
9df02a58-c93b-4c63-8c51-ebad27b0fd2f,2026-01-05T18:20:32.163Z,COMESTIBLE,17,CALABAZA,D7,spanish,female,20-29,no
9df02a58-c93b-4c63-8c51-ebad27b0fd2f,2026-01-05T18:20:59.784Z,PIEDRA,33,ORO,G4,spanish,female,20-29,no
9df02a58-c93b-4c63-8c51-ebad27b0fd2f,2026-01-05T18:21:27.027Z,PIEDRA,31,AMATISTA,E28,spanish,female,20-29,no
9df02a58-c93b-4c63-8c51-ebad27b0fd2f,2026-01-05T18:22:06.172Z,SUBJETIVO,66,SUEÑO,J20,spanish,female,20-29,no
9df02a58-c93b-4c63-8c51-ebad27b0fd2f,2026-01-05T18:22:26.286Z,ENTORNO,63,SANGRE,A8,spanish,female,20-29,no
9df02a58-c93b-4c63-8c51-ebad27b0fd2f,2026-01-05T18:22:41.450Z,ANIMAL,4,FLAMENCO,G15,spanish,female,20-29,no
9df02a58-c93b-4c63-8c51-ebad27b0fd2f,2026-01-05T18:23:00.360Z,POP,88,COLORETE,B15,spanish,female,20-29,no
9df02a58-c93b-4c63-8c51-ebad27b0fd2f,2026-01-05T18:23:14.494Z,SUBJETIVO,67,ECOLOGÍA,O14,spanish,female,20-29,no
9df02a58-c93b-4c63-8c51-ebad27b0fd2f,2026-01-05T18:24:20.877Z,ANIMAL,6,GRILLO,C2,spanish,female,20-29,no
75fcfafd-7cf2-4d19-b3e7-233a85605f8b,2026-01-06T14:30:12.033Z,FOOD,29,BEET,D18,english,male,20-29,no
75fcfafd-7cf2-4d19-b3e7-233a85605f8b,2026-01-06T14:30:28.781Z,ANIMAL,11,FROG,N14,english,male,20-29,no
75fcfafd-7cf2-4d19-b3e7-233a85605f8b,2026-01-06T14:30:47.048Z,ENVIRONMENT,52,SKIN,E3,english,male,20-29,no
75fcfafd-7cf2-4d19-b3e7-233a85605f8b,2026-01-06T14:31:02.011Z,SUBJETIVE,80,HOPE,J16,english,male,20-29,no
75fcfafd-7cf2-4d19-b3e7-233a85605f8b,2026-01-06T14:31:12.876Z,ANIMAL,3,GRIZZLY,A2,english,male,20-29,no
75fcfafd-7cf2-4d19-b3e7-233a85605f8b,2026-01-06T14:31:21.175Z,SUBJETIVE,78,WINTER,I27,english,male,20-29,no
75fcfafd-7cf2-4d19-b3e7-233a85605f8b,2026-01-06T14:31:30.812Z,PLANT,44,LAVENDER,E21,english,male,20-29,no
75fcfafd-7cf2-4d19-b3e7-233a85605f8b,2026-01-06T14:31:39.273Z,PLANT,50,WOOD,C6,english,male,20-29,no
75fcfafd-7cf2-4d19-b3e7-233a85605f8b,2026-01-06T14:31:56.769Z,POP,88,BRUSH,C3,english,male,20-29,no
75fcfafd-7cf2-4d19-b3e7-233a85605f8b,2026-01-06T14:32:14.189Z,ENVIRONMENT,63,BLOOD,B11,english,male,20-29,no
75fcfafd-7cf2-4d19-b3e7-233a85605f8b,2026-01-06T14:32:24.740Z,STONE,33,GOLD,F3,english,male,20-29,no
e752cbca-ecf2-46ec-88d6-7d7fc28c8990,2025-12-31T08:18:16.838Z,ENTORNO,52,PIEL,F9,spanish,male,10-19,no
9f73bbc4-686b-43ef-9058-ade2cf11ea25,2025-12-31T08:29:05.489Z,PIEDRA,36,TEJA,A13,spanish,male,10-19,no
6248cd83-9369-479d-a68c-298dede0ef8d,2026-01-12T11:12:22.551Z,SUBJETIVO,76,VERANO,J5,spanish,male,10-19,no
dd8d995b-4229-4a0f-a859-670bd1858cd7,2026-01-12T11:12:30.813Z,PLANTA,48,CORAL,G13,spanish,male,10-19,no
ff48cd67-3ae1-4e74-825a-d380686f6e22,2026-01-12T11:12:31.697Z,PLANTA,44,LAVANDA,D20,spanish,male,10-19,no
7701aaf4-a35d-4959-ba77-9fe4a1497e99,3014-09-20T14:32:18.069Z,ANIMAL,12,AXOLOTE,G8,spanish,female,10-19,no
4b3b84d8-59f8-4890-b55f-a2aaed509209,2026-01-12T11:12:42.291Z,SUBJETIVO,65,VERGÜENZA,A11,spanish,male,10-19,no
6248cd83-9369-479d-a68c-298dede0ef8d,2026-01-12T11:12:50.342Z,PIEDRA,30,PERLA,K21,spanish,male,10-19,no
55bc0062-d99a-461d-99f7-8209a9f97d10,2025-12-31T08:28:45.449Z,ANIMAL,2,WHALE,K26,english,male,10-19,no
4b896f0b-4df4-413f-bd08-8170448e78c0,2026-01-12T11:12:51.274Z,PIEDRA,30,PERLA,I17,spanish,male,10-19,no
14799875-194c-4ad5-8a16-0b08f047b45c,2025-12-31T08:29:05.844Z,ENTORNO,62,RAYO,J3,spanish,male,10-19,no
1ec6e308-fa87-4c7c-8c2d-d34d103ccf11,2026-01-12T11:13:04.394Z,SUBJETIVO,66,SUEÑO,D11,spanish,female,10-19,no
6248cd83-9369-479d-a68c-298dede0ef8d,2026-01-12T11:13:01.950Z,ANIMAL,3,PARDO,E1,spanish,male,10-19,no
ff48cd67-3ae1-4e74-825a-d380686f6e22,2026-01-12T11:13:04.609Z,ANIMAL,3,PARDO,O11,spanish,male,10-19,no
9f73bbc4-686b-43ef-9058-ade2cf11ea25,2025-12-31T08:29:53.008Z,POP,96,BLAS (Y EPI),F16,spanish,male,10-19,no
4b3b84d8-59f8-4890-b55f-a2aaed509209,2026-01-12T11:13:14.379Z,PLANTA,43,MALVA,C17,spanish,male,10-19,no
e752cbca-ecf2-46ec-88d6-7d7fc28c8990,2025-12-31T08:20:05.967Z,SUBJETIVO,73,PELIGRO,A13,spanish,male,10-19,no
ff48cd67-3ae1-4e74-825a-d380686f6e22,2026-01-12T11:13:19.017Z,ENTORNO,57,CÉSPED,O8,spanish,male,10-19,no
6248cd83-9369-479d-a68c-298dede0ef8d,2026-01-12T11:13:18.871Z,ENTORNO,53,FUEGO,A11,spanish,male,10-19,no
55bc0062-d99a-461d-99f7-8209a9f97d10,2025-12-31T08:29:15.744Z,PLANT,49,MINT,N12,english,male,10-19,no
7701aaf4-a35d-4959-ba77-9fe4a1497e99,3014-09-20T14:33:03.364Z,ANIMAL,13,SAPO,P7,spanish,female,10-19,no
4b896f0b-4df4-413f-bd08-8170448e78c0,2026-01-12T11:13:22.985Z,PIEDRA,31,AMATISTA,L23,spanish,male,10-19,no
9f73bbc4-686b-43ef-9058-ade2cf11ea25,2025-12-31T08:30:10.232Z,PLANTA,43,MALVA,D7,spanish,male,10-19,no
6248cd83-9369-479d-a68c-298dede0ef8d,2026-01-12T11:13:28.215Z,PLANTA,47,CLAVEL,I5,spanish,male,10-19,no
dd8d995b-4229-4a0f-a859-670bd1858cd7,2026-01-12T11:13:29.372Z,POP,99,SUBMARINO,I2,spanish,male,10-19,no
1ec6e308-fa87-4c7c-8c2d-d34d103ccf11,2026-01-12T11:13:32.810Z,PLANTA,50,MADERA,A1,spanish,female,10-19,no
4b3b84d8-59f8-4890-b55f-a2aaed509209,2026-01-12T11:13:33.827Z,PIEDRA,38,AMBAR,D5,spanish,male,10-19,no
4b896f0b-4df4-413f-bd08-8170448e78c0,2026-01-12T11:13:35.209Z,PLANTA,46,TRIGO,I2,spanish,male,10-19,no
7701aaf4-a35d-4959-ba77-9fe4a1497e99,3014-09-20T14:33:16.548Z,COMESTIBLE,26,HUEVO,G5,spanish,female,10-19,no
bbea1620-a156-4796-963d-1e696e806c09,2025-12-31T08:20:21.879Z,SUBJETIVO,80,ESPERANZA,M15,spanish,male,10-19,no
9f73bbc4-686b-43ef-9058-ade2cf11ea25,2025-12-31T08:30:24.032Z,COMESTIBLE,23,ESPÁRRAGO,L12,spanish,male,10-19,no
e752cbca-ecf2-46ec-88d6-7d7fc28c8990,2025-12-31T08:20:33.895Z,ANIMAL,12,AXOLOTE,M28,spanish,male,10-19,no
14799875-194c-4ad5-8a16-0b08f047b45c,2025-12-31T08:29:53.572Z,ENTORNO,64,ATARDECER,B10,spanish,male,10-19,no
ff48cd67-3ae1-4e74-825a-d380686f6e22,2026-01-12T11:13:43.289Z,COMESTIBLE,23,ESPÁRRAGO,P15,spanish,male,10-19,no
1ec6e308-fa87-4c7c-8c2d-d34d103ccf11,2026-01-12T11:13:47.769Z,POP,82,SHRECK,P11,spanish,female,10-19,no
e905de7c-c714-48c2-884f-683007f2c44b,2025-12-31T08:31:24.283Z,POP,91,EPI (Y BLAS),D7,spanish,male,10-19,no
6248cd83-9369-479d-a68c-298dede0ef8d,2026-01-12T11:13:48.886Z,POP,91,EPI (Y BLAS),G13,spanish,male,10-19,no
cb306ed4-3e91-4e19-8ba6-9d5962ccf738,2025-12-13T07:58:43.387Z,SUBJETIVO,80,ESPERANZA,K20,spanish,male,10-19,no
4b3b84d8-59f8-4890-b55f-a2aaed509209,2026-01-12T11:13:50.131Z,COMESTIBLE,20,PEPINO,P11,spanish,male,10-19,no
9f73bbc4-686b-43ef-9058-ade2cf11ea25,2025-12-31T08:30:37.368Z,PLANTA,46,TRIGO,G4,spanish,male,10-19,no
dd8d995b-4229-4a0f-a859-670bd1858cd7,2026-01-12T11:13:58.124Z,ANIMAL,8,CERDO,G12,spanish,male,10-19,no
1ec6e308-fa87-4c7c-8c2d-d34d103ccf11,2026-01-12T11:13:59.849Z,ANIMAL,5,ZORRO,C5,spanish,female,10-19,no
7701aaf4-a35d-4959-ba77-9fe4a1497e99,3014-09-20T14:33:38.996Z,SUBJETIVO,78,INVIERNO,L24,spanish,female,10-19,no
6248cd83-9369-479d-a68c-298dede0ef8d,2026-01-12T11:14:02.718Z,SUBJETIVO,75,TÓXICO,N9,spanish,male,10-19,no
e752cbca-ecf2-46ec-88d6-7d7fc28c8990,2025-12-31T08:20:55.687Z,ANIMAL,10,MARIQUITA,B24,spanish,male,10-19,no
9f73bbc4-686b-43ef-9058-ade2cf11ea25,2025-12-31T08:30:48.784Z,ANIMAL,6,GRILLO,M6,spanish,male,10-19,no
55bc0062-d99a-461d-99f7-8209a9f97d10,2025-12-31T08:29:59.600Z,FOOD,28,TOMATO,B10,english,male,10-19,no
4b3b84d8-59f8-4890-b55f-a2aaed509209,2026-01-12T11:14:06.619Z,ENTORNO,58,ESTANQUE,O10,spanish,male,10-19,no
14799875-194c-4ad5-8a16-0b08f047b45c,2025-12-31T08:30:18.036Z,ANIMAL,6,GRILLO,N9,spanish,male,10-19,no
4b896f0b-4df4-413f-bd08-8170448e78c0,2026-01-12T11:14:09.073Z,ENTORNO,59,AMANECER,G7,spanish,male,10-19,no
7701aaf4-a35d-4959-ba77-9fe4a1497e99,3014-09-20T14:33:53.428Z,ENTORNO,63,SANGRE,B8,spanish,female,10-19,no
cb306ed4-3e91-4e19-8ba6-9d5962ccf738,2025-12-13T07:59:06.003Z,COMESTIBLE,21,COCO,J18,spanish,male,10-19,no
1ec6e308-fa87-4c7c-8c2d-d34d103ccf11,2026-01-12T11:14:14.026Z,COMESTIBLE,24,MELOCOTÓN,D4,spanish,female,10-19,no
6248cd83-9369-479d-a68c-298dede0ef8d,2026-01-12T11:14:15.847Z,PLANTA,49,MENTA,O19,spanish,male,10-19,no
9f73bbc4-686b-43ef-9058-ade2cf11ea25,2025-12-31T08:30:58.607Z,SUBJETIVO,71,ALEGRÍA,I14,spanish,male,10-19,no
e752cbca-ecf2-46ec-88d6-7d7fc28c8990,2025-12-31T08:21:11.623Z,PIEDRA,39,LADRILLO,C7,spanish,male,10-19,no
4b896f0b-4df4-413f-bd08-8170448e78c0,2026-01-12T11:14:21.449Z,SUBJETIVO,70,ASCO,P10,spanish,male,10-19,no
4b3b84d8-59f8-4890-b55f-a2aaed509209,2026-01-12T11:14:20.091Z,POP,95,MONST. GALLETA,H30,spanish,male,10-19,no
bbea1620-a156-4796-963d-1e696e806c09,2025-12-31T08:21:05.015Z,PLANTA,47,CLAVEL,J12,spanish,male,10-19,no
14799875-194c-4ad5-8a16-0b08f047b45c,2025-12-31T08:30:36.468Z,PLANTA,42,ALBAHACA,P10,spanish,male,10-19,no
cb306ed4-3e91-4e19-8ba6-9d5962ccf738,2025-12-13T07:59:19.715Z,PLANTA,48,CORAL,D8,spanish,male,10-19,no
7701aaf4-a35d-4959-ba77-9fe4a1497e99,3014-09-20T14:34:06.668Z,PLANTA,41,GIRASOL,F1,spanish,female,10-19,no
ff48cd67-3ae1-4e74-825a-d380686f6e22,2026-01-12T11:14:27.377Z,POP,96,BLAS (Y EPI),D2,spanish,male,10-19,no
6248cd83-9369-479d-a68c-298dede0ef8d,2026-01-12T11:14:27.383Z,COMESTIBLE,22,BERENJENA,A30,spanish,male,10-19,no
55bc0062-d99a-461d-99f7-8209a9f97d10,2025-12-31T08:30:29.264Z,STONE,33,GOLD,G3,english,male,10-19,no
9f73bbc4-686b-43ef-9058-ade2cf11ea25,2025-12-31T08:31:20.464Z,SUBJETIVO,67,ECOLOGÍA,O18,spanish,male,10-19,no
6248cd83-9369-479d-a68c-298dede0ef8d,2026-01-12T11:14:37.391Z,ANIMAL,6,GRILLO,B1,spanish,male,10-19,no
4b896f0b-4df4-413f-bd08-8170448e78c0,2026-01-12T11:14:37.777Z,ANIMAL,6,GRILLO,M9,spanish,male,10-19,no
14799875-194c-4ad5-8a16-0b08f047b45c,2025-12-31T08:30:50.516Z,SUBJETIVO,69,IRA,A1,spanish,male,10-19,no
4b3b84d8-59f8-4890-b55f-a2aaed509209,2026-01-12T11:14:38.899Z,PIEDRA,37,LAPISLÁZULI,G30,spanish,male,10-19,no
7701aaf4-a35d-4959-ba77-9fe4a1497e99,3014-09-20T14:34:17.964Z,SUBJETIVO,77,OTOÑO,B2,spanish,female,10-19,no
cb306ed4-3e91-4e19-8ba6-9d5962ccf738,2025-12-13T07:59:36.419Z,PIEDRA,39,LADRILLO,B5,spanish,male,10-19,no
e752cbca-ecf2-46ec-88d6-7d7fc28c8990,2025-12-31T08:21:37.767Z,COMESTIBLE,16,KIWI,N10,spanish,male,10-19,no
ff48cd67-3ae1-4e74-825a-d380686f6e22,2026-01-12T11:14:45.217Z,ENTORNO,51,HURACÁN,J25,spanish,male,10-19,no
9f73bbc4-686b-43ef-9058-ade2cf11ea25,2025-12-31T08:31:30.200Z,PIEDRA,40,ESMERALDA,O3,spanish,male,10-19,no
6248cd83-9369-479d-a68c-298dede0ef8d,2026-01-12T11:14:48.583Z,PIEDRA,37,LAPISLÁZULI,K30,spanish,male,10-19,no
14799875-194c-4ad5-8a16-0b08f047b45c,2025-12-31T08:31:02.996Z,COMESTIBLE,17,CALABAZA,D6,spanish,male,10-19,no
dd8d995b-4229-4a0f-a859-670bd1858cd7,2026-01-12T11:14:49.188Z,PIEDRA,33,ORO,G3,spanish,male,10-19,no
1ec6e308-fa87-4c7c-8c2d-d34d103ccf11,2026-01-12T11:14:57.465Z,ANIMAL,1,SALMÓN,H5,spanish,female,10-19,no
4b896f0b-4df4-413f-bd08-8170448e78c0,2026-01-12T11:14:57.633Z,ENTORNO,63,SANGRE,A13,spanish,male,10-19,no
4b3b84d8-59f8-4890-b55f-a2aaed509209,2026-01-12T11:14:58.827Z,PLANTA,42,ALBAHACA,O9,spanish,male,10-19,no
bbea1620-a156-4796-963d-1e696e806c09,2025-12-31T08:21:44.486Z,ANIMAL,2,BALLENA,J27,spanish,male,10-19,no
6248cd83-9369-479d-a68c-298dede0ef8d,2026-01-12T11:15:01.199Z,ENTORNO,55,MARÍTIMO,K25,spanish,male,10-19,no
e905de7c-c714-48c2-884f-683007f2c44b,2025-12-31T08:32:39.219Z,POP,87,BARBIE,E14,spanish,male,10-19,no
cb306ed4-3e91-4e19-8ba6-9d5962ccf738,2025-12-13T07:59:56.315Z,COMESTIBLE,20,PEPINO,P8,spanish,male,10-19,no
14799875-194c-4ad5-8a16-0b08f047b45c,2025-12-31T08:31:18.948Z,POP,82,SHRECK,P15,spanish,male,10-19,no
9f73bbc4-686b-43ef-9058-ade2cf11ea25,2025-12-31T08:31:51.024Z,POP,99,SUBMARINO,A1,spanish,male,10-19,no
1ec6e308-fa87-4c7c-8c2d-d34d103ccf11,2026-01-12T11:15:09.897Z,PIEDRA,39,LADRILLO,A5,spanish,female,10-19,no
6248cd83-9369-479d-a68c-298dede0ef8d,2026-01-12T11:15:10.879Z,POP,88,COLORETE,E15,spanish,male,10-19,no
ff48cd67-3ae1-4e74-825a-d380686f6e22,2026-01-12T11:15:15.041Z,POP,98,STITCH,M29,spanish,male,10-19,no
55bc0062-d99a-461d-99f7-8209a9f97d10,2025-12-31T08:31:09.800Z,FOOD,25,APPLE,A10,english,male,10-19,no
e752cbca-ecf2-46ec-88d6-7d7fc28c8990,2025-12-31T08:22:10.279Z,POP,89,PITUFO,L28,spanish,male,10-19,no
9f73bbc4-686b-43ef-9058-ade2cf11ea25,2025-12-31T08:32:01.504Z,ENTORNO,60,MUSGO,P11,spanish,male,10-19,no
4b896f0b-4df4-413f-bd08-8170448e78c0,2026-01-12T11:15:20.617Z,SUBJETIVO,80,ESPERANZA,I18,spanish,male,10-19,no
bbea1620-a156-4796-963d-1e696e806c09,2025-12-31T08:22:04.670Z,COMESTIBLE,23,ESPÁRRAGO,O11,spanish,male,10-19,no
4b3b84d8-59f8-4890-b55f-a2aaed509209,2026-01-12T11:15:23.299Z,SUBJETIVO,75,TÓXICO,A4,spanish,male,10-19,no
1ec6e308-fa87-4c7c-8c2d-d34d103ccf11,2026-01-12T11:15:26.313Z,SUBJETIVO,68,PAZ,J18,spanish,female,10-19,no
9f73bbc4-686b-43ef-9058-ade2cf11ea25,2025-12-31T08:32:10.719Z,COMESTIBLE,22,BERENJENA,B28,spanish,male,10-19,no
6248cd83-9369-479d-a68c-298dede0ef8d,2026-01-12T11:15:29.054Z,COMESTIBLE,17,CALABAZA,D8,spanish,male,10-19,no
14799875-194c-4ad5-8a16-0b08f047b45c,2025-12-31T08:31:40.084Z,PLANTA,41,GIRASOL,F2,spanish,male,10-19,no
e752cbca-ecf2-46ec-88d6-7d7fc28c8990,2025-12-31T08:22:22.671Z,SUBJETIVO,75,TÓXICO,P10,spanish,male,10-19,no
cb306ed4-3e91-4e19-8ba6-9d5962ccf738,2025-12-13T08:00:24.163Z,POP,97,PETER PAN,N8,spanish,male,10-19,no
4b896f0b-4df4-413f-bd08-8170448e78c0,2026-01-12T11:15:32.961Z,COMESTIBLE,21,COCO,B2,spanish,male,10-19,no
dd8d995b-4229-4a0f-a859-670bd1858cd7,2026-01-12T11:15:36.596Z,ENTORNO,54,ARENA,H5,spanish,male,10-19,no
9f73bbc4-686b-43ef-9058-ade2cf11ea25,2025-12-31T08:32:20.983Z,ANIMAL,1,SALMÓN,F12,spanish,male,10-19,no
7701aaf4-a35d-4959-ba77-9fe4a1497e99,3014-09-20T14:35:18.293Z,PIEDRA,37,LAPISLÁZULI,K26,spanish,female,10-19,no
1ec6e308-fa87-4c7c-8c2d-d34d103ccf11,2026-01-12T11:15:40.265Z,PIEDRA,36,TEJA,A7,spanish,female,10-19,no
4b3b84d8-59f8-4890-b55f-a2aaed509209,2026-01-12T11:15:40.499Z,COMESTIBLE,22,BERENJENA,E28,spanish,male,10-19,no
cb306ed4-3e91-4e19-8ba6-9d5962ccf738,2025-12-13T08:00:36.027Z,POP,83,TRACTOR,J6,spanish,male,10-19,no
9f73bbc4-686b-43ef-9058-ade2cf11ea25,2025-12-31T08:32:31.207Z,ENTORNO,51,HURACÁN,H16,spanish,male,10-19,no
14799875-194c-4ad5-8a16-0b08f047b45c,2025-12-31T08:31:57.876Z,POP,88,COLORETE,A11,spanish,male,10-19,no
bbea1620-a156-4796-963d-1e696e806c09,2025-12-31T08:22:29.302Z,ANIMAL,9,TIGRE,D2,spanish,male,10-19,no
ff48cd67-3ae1-4e74-825a-d380686f6e22,2026-01-12T11:15:47.977Z,SUBJETIVO,79,PRIMAVERA,M9,spanish,male,10-19,no
e752cbca-ecf2-46ec-88d6-7d7fc28c8990,2025-12-31T08:22:40.191Z,PLANTA,47,CLAVEL,G1,spanish,male,10-19,no
cb306ed4-3e91-4e19-8ba6-9d5962ccf738,2025-12-13T08:00:44.370Z,ANIMAL,8,CERDO,G12,spanish,male,10-19,no
4b3b84d8-59f8-4890-b55f-a2aaed509209,2026-01-12T11:15:56.379Z,ANIMAL,3,PARDO,B3,spanish,male,10-19,no
dd8d995b-4229-4a0f-a859-670bd1858cd7,2026-01-12T11:15:55.012Z,SUBJETIVO,77,OTOÑO,D4,spanish,male,10-19,no
1ec6e308-fa87-4c7c-8c2d-d34d103ccf11,2026-01-12T11:15:56.345Z,COMESTIBLE,17,CALABAZA,E3,spanish,female,10-19,no
55bc0062-d99a-461d-99f7-8209a9f97d10,2025-12-31T08:31:50.872Z,POP,84,SONIC,I30,english,male,10-19,no
7701aaf4-a35d-4959-ba77-9fe4a1497e99,3014-09-20T14:35:37.444Z,POP,84,SONIC,L28,spanish,female,10-19,no
cb306ed4-3e91-4e19-8ba6-9d5962ccf738,2025-12-13T08:00:54.419Z,SUBJETIVO,73,PELIGRO,B9,spanish,male,10-19,no
e752cbca-ecf2-46ec-88d6-7d7fc28c8990,2025-12-31T08:22:53.472Z,COMESTIBLE,18,CALABACÍN,C8,spanish,male,10-19,no
14799875-194c-4ad5-8a16-0b08f047b45c,2025-12-31T08:32:15.908Z,PIEDRA,40,ESMERALDA,O14,spanish,male,10-19,no
55bc0062-d99a-461d-99f7-8209a9f97d10,2025-12-31T08:32:04.280Z,ENVIRONMENT,57,GRASS,O15,english,male,10-19,no
4b896f0b-4df4-413f-bd08-8170448e78c0,2026-01-12T11:16:07.033Z,POP,88,COLORETE,H12,spanish,male,10-19,no
cb306ed4-3e91-4e19-8ba6-9d5962ccf738,2025-12-13T08:01:03.147Z,PLANTA,44,LAVANDA,N12,spanish,male,10-19,no
4b3b84d8-59f8-4890-b55f-a2aaed509209,2026-01-12T11:16:07.451Z,ANIMAL,12,AXOLOTE,I15,spanish,male,10-19,no
ff48cd67-3ae1-4e74-825a-d380686f6e22,2026-01-12T11:16:09.656Z,ANIMAL,7,CANARIO,K3,spanish,male,10-19,no
dd8d995b-4229-4a0f-a859-670bd1858cd7,2026-01-12T11:16:14.164Z,PIEDRA,40,ESMERALDA,N9,spanish,male,10-19,no
7701aaf4-a35d-4959-ba77-9fe4a1497e99,3014-09-20T14:35:53.229Z,ENTORNO,54,ARENA,G7,spanish,female,10-19,no
e905de7c-c714-48c2-884f-683007f2c44b,2025-12-31T08:33:52.410Z,ANIMAL,10,MARIQUITA,A11,spanish,male,10-19,no
1ec6e308-fa87-4c7c-8c2d-d34d103ccf11,2026-01-12T11:16:19.673Z,ENTORNO,61,CIELO,J11,spanish,female,10-19,no
4b896f0b-4df4-413f-bd08-8170448e78c0,2026-01-12T11:16:23.001Z,COMESTIBLE,26,HUEVO,G9,spanish,male,10-19,no
4b3b84d8-59f8-4890-b55f-a2aaed509209,2026-01-12T11:16:21.451Z,POP,94,FLASH,I11,spanish,male,10-19,no
14799875-194c-4ad5-8a16-0b08f047b45c,2025-12-31T08:32:37.956Z,SUBJETIVO,73,PELIGRO,A9,spanish,male,10-19,no
bbea1620-a156-4796-963d-1e696e806c09,2025-12-31T08:23:11.111Z,PIEDRA,33,ORO,H4,spanish,male,10-19,no
cb306ed4-3e91-4e19-8ba6-9d5962ccf738,2025-12-13T08:01:24.634Z,ENTORNO,59,AMANECER,G4,spanish,male,10-19,no
ff48cd67-3ae1-4e74-825a-d380686f6e22,2026-01-12T11:16:30.345Z,COMESTIBLE,18,CALABACÍN,O8,spanish,male,10-19,no
e752cbca-ecf2-46ec-88d6-7d7fc28c8990,2025-12-31T08:23:23.871Z,ENTORNO,62,RAYO,F1,spanish,male,10-19,no
4b3b84d8-59f8-4890-b55f-a2aaed509209,2026-01-12T11:16:34.044Z,ENTORNO,63,SANGRE,A13,spanish,male,10-19,no
dd8d995b-4229-4a0f-a859-670bd1858cd7,2026-01-12T11:16:35.051Z,POP,100,ELMO,A10,spanish,male,10-19,no
e752cbca-ecf2-46ec-88d6-7d7fc28c8990,2025-12-31T08:23:32.063Z,POP,82,SHRECK,O13,spanish,male,10-19,no
7701aaf4-a35d-4959-ba77-9fe4a1497e99,3014-09-20T14:36:22.004Z,PIEDRA,31,AMATISTA,C23,spanish,female,10-19,no
ff48cd67-3ae1-4e74-825a-d380686f6e22,2026-01-12T11:16:43.513Z,PIEDRA,31,AMATISTA,B20,spanish,male,10-19,no
14799875-194c-4ad5-8a16-0b08f047b45c,2025-12-31T08:32:56.220Z,ANIMAL,4,FLAMENCO,G15,spanish,male,10-19,no
e752cbca-ecf2-46ec-88d6-7d7fc28c8990,2025-12-31T08:23:42.671Z,PIEDRA,30,PERLA,I16,spanish,male,10-19,no
ff48cd67-3ae1-4e74-825a-d380686f6e22,2026-01-12T11:16:55.128Z,SUBJETIVO,65,VERGÜENZA,F28,spanish,male,10-19,no
14799875-194c-4ad5-8a16-0b08f047b45c,2025-12-31T08:33:09.548Z,PIEDRA,38,AMBAR,O10,spanish,male,10-19,no
e905de7c-c714-48c2-884f-683007f2c44b,2025-12-31T08:34:35.554Z,SUBJETIVO,77,OTOÑO,C2,spanish,male,10-19,no
cb306ed4-3e91-4e19-8ba6-9d5962ccf738,2025-12-13T08:01:51.203Z,PIEDRA,31,AMATISTA,F17,spanish,male,10-19,no
7701aaf4-a35d-4959-ba77-9fe4a1497e99,3014-09-20T14:36:40.965Z,PLANTA,45,AMAPOLA,I12,spanish,female,10-19,no
e752cbca-ecf2-46ec-88d6-7d7fc28c8990,2025-12-31T08:23:53.479Z,PLANTA,41,GIRASOL,F1,spanish,male,10-19,no
4b896f0b-4df4-413f-bd08-8170448e78c0,2026-01-12T11:17:05.945Z,PLANTA,43,MALVA,A30,spanish,male,10-19,no
bbea1620-a156-4796-963d-1e696e806c09,2025-12-31T08:23:49.574Z,PIEDRA,35,JADE,O14,spanish,male,10-19,no
1ec6e308-fa87-4c7c-8c2d-d34d103ccf11,2026-01-12T11:17:10.801Z,POP,96,BLAS (Y EPI),M17,spanish,female,10-19,no
14799875-194c-4ad5-8a16-0b08f047b45c,2025-12-31T08:33:23.548Z,COMESTIBLE,15,LIMA,P9,spanish,male,10-19,no
55bc0062-d99a-461d-99f7-8209a9f97d10,2025-12-31T08:33:06.184Z,STONE,35,JADE,C6,english,male,10-19,no
7701aaf4-a35d-4959-ba77-9fe4a1497e99,3014-09-20T14:36:54.701Z,POP,88,COLORETE,E9,spanish,female,10-19,no
4b896f0b-4df4-413f-bd08-8170448e78c0,2026-01-12T11:17:17.145Z,ANIMAL,9,TIGRE,C8,spanish,male,10-19,no
ff48cd67-3ae1-4e74-825a-d380686f6e22,2026-01-12T11:17:18.649Z,PLANTA,41,GIRASOL,D3,spanish,male,10-19,no
1ec6e308-fa87-4c7c-8c2d-d34d103ccf11,2026-01-12T11:17:19.305Z,ENTORNO,57,CÉSPED,P10,spanish,female,10-19,no
7701aaf4-a35d-4959-ba77-9fe4a1497e99,3014-09-20T14:37:06.236Z,COMESTIBLE,17,CALABAZA,D7,spanish,female,10-19,no
4b896f0b-4df4-413f-bd08-8170448e78c0,2026-01-12T11:17:25.873Z,POP,92,GRINCH,O12,spanish,male,10-19,no
ff48cd67-3ae1-4e74-825a-d380686f6e22,2026-01-12T11:17:29.785Z,PIEDRA,35,JADE,O22,spanish,male,10-19,no
cb306ed4-3e91-4e19-8ba6-9d5962ccf738,2025-12-13T08:02:18.107Z,ANIMAL,6,GRILLO,J15,spanish,male,10-19,no
1ec6e308-fa87-4c7c-8c2d-d34d103ccf11,2026-01-12T11:17:35.817Z,PLANTA,48,CORAL,E8,spanish,female,10-19,no
cb306ed4-3e91-4e19-8ba6-9d5962ccf738,2025-12-13T08:02:39.315Z,ENTORNO,54,ARENA,I12,spanish,male,10-19,no
55bc0062-d99a-461d-99f7-8209a9f97d10,2025-12-31T08:33:43.392Z,POP,96,ERNIE (AND BERT),C8,english,male,10-19,no
e905de7c-c714-48c2-884f-683007f2c44b,2025-12-31T08:35:24.874Z,ENTORNO,62,RAYO,K2,spanish,male,10-19,no
dd8d995b-4229-4a0f-a859-670bd1858cd7,2026-01-12T11:17:56.259Z,ENTORNO,53,FUEGO,M26,spanish,male,10-19,no
55bc0062-d99a-461d-99f7-8209a9f97d10,2025-12-31T08:36:59.224Z,SUBJETIVE,75,TOXIC,O5,english,male,10-19,no
dd8d995b-4229-4a0f-a859-670bd1858cd7,2026-01-12T11:19:37.619Z,SUBJETIVO,75,TÓXICO,P3,spanish,male,10-19,no
e905de7c-c714-48c2-884f-683007f2c44b,2025-12-31T08:37:13.578Z,ANIMAL,12,AXOLOTE,F15,spanish,male,10-19,no
45f7cabd-8d55-45e3-b5e7-336236e8b084,2026-01-12T11:18:31.462Z,PLANTA,50,MADERA,B1,spanish,male,70,no
55bc0062-d99a-461d-99f7-8209a9f97d10,2025-12-31T08:37:59.720Z,ANIMAL,8,PIG,G10,english,male,10-19,no
55bc0062-d99a-461d-99f7-8209a9f97d10,2025-12-31T08:38:13.080Z,SUBJETIVE,78,WINTER,J27,english,male,10-19,no
e905de7c-c714-48c2-884f-683007f2c44b,2025-12-31T08:40:08.330Z,COMESTIBLE,26,HUEVO,P10,spanish,male,10-19,no
e905de7c-c714-48c2-884f-683007f2c44b,2025-12-31T08:40:15.954Z,SUBJETIVO,66,SUEÑO,G29,spanish,male,10-19,no
55bc0062-d99a-461d-99f7-8209a9f97d10,2025-12-31T08:38:41.808Z,PLANT,47,CARNATION,I6,english,male,10-19,no
e905de7c-c714-48c2-884f-683007f2c44b,2025-12-31T08:40:33.730Z,PIEDRA,32,ZAFIRO,N29,spanish,male,10-19,no
55bc0062-d99a-461d-99f7-8209a9f97d10,2025-12-31T08:38:57.480Z,ENVIRONMENT,51,HURRICANE,G19,english,male,10-19,no
e905de7c-c714-48c2-884f-683007f2c44b,2025-12-31T08:40:47.778Z,ENTORNO,56,BARRO,A1,spanish,male,10-19,no
e905de7c-c714-48c2-884f-683007f2c44b,2025-12-31T08:41:02.146Z,PLANTA,47,CLAVEL,I14,spanish,male,10-19,no
e905de7c-c714-48c2-884f-683007f2c44b,2025-12-31T08:41:11.066Z,PIEDRA,38,AMBAR,G5,spanish,male,10-19,no
e905de7c-c714-48c2-884f-683007f2c44b,2025-12-31T08:41:21.122Z,PLANTA,50,MADERA,B1,spanish,male,10-19,no
e905de7c-c714-48c2-884f-683007f2c44b,2025-12-31T08:41:36.458Z,COMESTIBLE,28,TOMATE,A8,spanish,male,10-19,no
5e61a646-1913-4a57-b7b6-fe634406fdf7,2026-01-13T11:10:46.179Z,COMESTIBLE,17,CALABAZA,E5,spanish,male,10-19,no
a5972267-de5e-433d-87d7-23979aa68c88,2026-01-13T11:10:48.650Z,SUBJETIVO,72,SOLEDAD,I28,spanish,male,10-19,no
3a6004ee-0286-4832-9816-4724accae10b,2026-01-13T11:10:53.911Z,POP,86,HULK,N10,spanish,male,10-19,no
dc8638d7-1522-4154-878b-f5a3f8131489,2026-01-13T11:10:55.500Z,POP,97,PETER PAN,O14,spanish,male,10-19,no
5e61a646-1913-4a57-b7b6-fe634406fdf7,2026-01-13T11:11:00.529Z,PIEDRA,31,AMATISTA,C30,spanish,male,10-19,no
63529b79-3f4f-4de3-919b-ac50f539980a,2026-01-13T11:11:05.038Z,POP,81,FEMINISM,B14,english,male,10-19,no
3a6004ee-0286-4832-9816-4724accae10b,2026-01-13T11:11:11.430Z,SUBJETIVO,76,VERANO,K2,spanish,male,10-19,no
dc8638d7-1522-4154-878b-f5a3f8131489,2026-01-13T11:11:25.123Z,ENTORNO,61,CIELO,M26,spanish,male,10-19,no
a5972267-de5e-433d-87d7-23979aa68c88,2026-01-13T11:11:24.165Z,PIEDRA,37,LAPISLÁZULI,J27,spanish,male,10-19,no
3a6004ee-0286-4832-9816-4724accae10b,2026-01-13T11:11:25.422Z,PIEDRA,38,AMBAR,F2,spanish,male,10-19,no
5e61a646-1913-4a57-b7b6-fe634406fdf7,2026-01-13T11:11:27.817Z,SUBJETIVO,70,ASCO,O12,spanish,male,10-19,no
63529b79-3f4f-4de3-919b-ac50f539980a,2026-01-13T11:11:32.941Z,FOOD,29,BEET,A12,english,male,10-19,no
03be90b0-c5d4-4e40-bec8-6af3cf7aa0fb,2026-01-13T11:11:34.905Z,POP,82,SHRECK,O10,spanish,female,10-19,no
3a860037-6940-4d05-9fd6-5c57c61c5b4f,2026-01-13T11:11:39.901Z,COMESTIBLE,22,BERENJENA,C30,spanish,male,10-19,no
043e2a92-540e-48f4-8b96-4769dcbd5b53,2026-01-13T11:11:38.140Z,ENTORNO,59,AMANECER,H6,spanish,male,10-19,no
5e61a646-1913-4a57-b7b6-fe634406fdf7,2026-01-13T11:11:45.425Z,ENTORNO,62,RAYO,L3,spanish,male,10-19,no
3a6004ee-0286-4832-9816-4724accae10b,2026-01-13T11:11:44.070Z,COMESTIBLE,16,KIWI,A1,spanish,male,10-19,no
dc8638d7-1522-4154-878b-f5a3f8131489,2026-01-13T11:11:46.827Z,PLANTA,48,CORAL,B13,spanish,male,10-19,no
5e61a646-1913-4a57-b7b6-fe634406fdf7,2026-01-13T11:11:56.321Z,POP,87,BARBIE,C17,spanish,male,10-19,no
3a860037-6940-4d05-9fd6-5c57c61c5b4f,2026-01-13T11:11:56.884Z,ANIMAL,6,GRILLO,A3,spanish,male,10-19,no
63529b79-3f4f-4de3-919b-ac50f539980a,2026-01-13T11:12:02.597Z,FOOD,15,LIME,M5,english,male,10-19,no
6be48c6b-aa2e-43b5-bb1f-8e52039a1310,2026-01-13T11:12:08.540Z,PLANTA,41,GIRASOL,I2,spanish,other,10-19,no
dc8638d7-1522-4154-878b-f5a3f8131489,2026-01-13T11:12:12.004Z,COMESTIBLE,17,CALABAZA,C8,spanish,male,10-19,no
5e61a646-1913-4a57-b7b6-fe634406fdf7,2026-01-13T11:12:12.282Z,PLANTA,43,MALVA,D22,spanish,male,10-19,no
043e2a92-540e-48f4-8b96-4769dcbd5b53,2026-01-13T11:12:13.436Z,COMESTIBLE,19,UVA,N4,spanish,male,10-19,no
3a860037-6940-4d05-9fd6-5c57c61c5b4f,2026-01-13T11:12:10.252Z,SUBJETIVO,69,IRA,A13,spanish,male,10-19,no
3a6004ee-0286-4832-9816-4724accae10b,2026-01-13T11:12:14.494Z,ENTORNO,52,PIEL,H9,spanish,male,10-19,no
63529b79-3f4f-4de3-919b-ac50f539980a,2026-01-13T11:12:18.701Z,PLANT,46,WHEAT,J4,english,male,10-19,no
5e61a646-1913-4a57-b7b6-fe634406fdf7,2026-01-13T11:12:26.065Z,PIEDRA,38,AMBAR,E4,spanish,male,10-19,no
63529b79-3f4f-4de3-919b-ac50f539980a,2026-01-13T11:12:28.749Z,ANIMAL,4,FLAMINGO,C16,english,male,10-19,no
03be90b0-c5d4-4e40-bec8-6af3cf7aa0fb,2026-01-13T11:12:30.937Z,ANIMAL,8,CERDO,G13,spanish,female,10-19,no
5e61a646-1913-4a57-b7b6-fe634406fdf7,2026-01-13T11:12:32.737Z,PLANTA,50,MADERA,B1,spanish,male,10-19,no
3a860037-6940-4d05-9fd6-5c57c61c5b4f,2026-01-13T11:12:31.772Z,PLANTA,47,CLAVEL,H14,spanish,male,10-19,no
a5972267-de5e-433d-87d7-23979aa68c88,2026-01-13T11:12:36.097Z,POP,96,BLAS (Y EPI),L2,spanish,male,10-19,no
3a6004ee-0286-4832-9816-4724accae10b,2026-01-13T11:12:35.286Z,PIEDRA,31,AMATISTA,C20,spanish,male,10-19,no
043e2a92-540e-48f4-8b96-4769dcbd5b53,2026-01-13T11:12:36.460Z,ANIMAL,2,BALLENA,G30,spanish,male,10-19,no
6be48c6b-aa2e-43b5-bb1f-8e52039a1310,2026-01-13T11:12:38.915Z,ENTORNO,60,MUSGO,P11,spanish,other,10-19,no
5e61a646-1913-4a57-b7b6-fe634406fdf7,2026-01-13T11:12:41.977Z,ENTORNO,64,ATARDECER,D9,spanish,male,10-19,no
dc8638d7-1522-4154-878b-f5a3f8131489,2026-01-13T11:12:43.851Z,SUBJETIVO,71,ALEGRÍA,J1,spanish,male,10-19,no
03be90b0-c5d4-4e40-bec8-6af3cf7aa0fb,2026-01-13T11:12:42.362Z,POP,88,COLORETE,D15,spanish,female,10-19,no
a5972267-de5e-433d-87d7-23979aa68c88,2026-01-13T11:12:50.505Z,PLANTA,48,CORAL,E15,spanish,male,10-19,no
5e61a646-1913-4a57-b7b6-fe634406fdf7,2026-01-13T11:12:51.145Z,COMESTIBLE,26,HUEVO,I14,spanish,male,10-19,no
63529b79-3f4f-4de3-919b-ac50f539980a,2026-01-13T11:12:50.549Z,STONE,33,GOLD,I2,english,male,10-19,no
3a6004ee-0286-4832-9816-4724accae10b,2026-01-13T11:12:53.895Z,ENTORNO,55,MARÍTIMO,I30,spanish,male,10-19,no
043e2a92-540e-48f4-8b96-4769dcbd5b53,2026-01-13T11:12:56.700Z,ENTORNO,64,ATARDECER,D8,spanish,male,10-19,no
3a860037-6940-4d05-9fd6-5c57c61c5b4f,2026-01-13T11:12:55.460Z,ENTORNO,53,FUEGO,B10,spanish,male,10-19,no
dc8638d7-1522-4154-878b-f5a3f8131489,2026-01-13T11:12:58.459Z,COMESTIBLE,22,BERENJENA,F28,spanish,male,10-19,no
03be90b0-c5d4-4e40-bec8-6af3cf7aa0fb,2026-01-13T11:13:00.114Z,ENTORNO,56,BARRO,B2,spanish,female,10-19,no
6be48c6b-aa2e-43b5-bb1f-8e52039a1310,2026-01-13T11:13:02.027Z,SUBJETIVO,73,PELIGRO,A13,spanish,other,10-19,no
5e61a646-1913-4a57-b7b6-fe634406fdf7,2026-01-13T11:13:06.169Z,ANIMAL,11,RANA,N13,spanish,male,10-19,no
03be90b0-c5d4-4e40-bec8-6af3cf7aa0fb,2026-01-13T11:13:15.690Z,SUBJETIVO,77,OTOÑO,A2,spanish,female,10-19,no
5e61a646-1913-4a57-b7b6-fe634406fdf7,2026-01-13T11:13:18.913Z,SUBJETIVO,80,ESPERANZA,J8,spanish,male,10-19,no
3a860037-6940-4d05-9fd6-5c57c61c5b4f,2026-01-13T11:13:21.708Z,ANIMAL,11,RANA,N7,spanish,male,10-19,no
043e2a92-540e-48f4-8b96-4769dcbd5b53,2026-01-13T11:13:20.844Z,ANIMAL,9,TIGRE,C8,spanish,male,10-19,no
5e61a646-1913-4a57-b7b6-fe634406fdf7,2026-01-13T11:13:27.105Z,POP,97,PETER PAN,P17,spanish,male,10-19,no
03be90b0-c5d4-4e40-bec8-6af3cf7aa0fb,2026-01-13T11:13:27.514Z,ANIMAL,13,SAPO,N12,spanish,female,10-19,no
6be48c6b-aa2e-43b5-bb1f-8e52039a1310,2026-01-13T11:13:26.771Z,SUBJETIVO,77,OTOÑO,B5,spanish,other,10-19,no
dc8638d7-1522-4154-878b-f5a3f8131489,2026-01-13T11:13:33.851Z,ENTORNO,54,ARENA,F5,spanish,male,10-19,no
63529b79-3f4f-4de3-919b-ac50f539980a,2026-01-13T11:13:32.109Z,POP,94,FLASH,B12,english,male,10-19,no
5e61a646-1913-4a57-b7b6-fe634406fdf7,2026-01-13T11:13:36.065Z,ANIMAL,3,PARDO,E4,spanish,male,10-19,no
3a860037-6940-4d05-9fd6-5c57c61c5b4f,2026-01-13T11:13:33.900Z,PIEDRA,30,PERLA,J15,spanish,male,10-19,no
3a6004ee-0286-4832-9816-4724accae10b,2026-01-13T11:13:42.998Z,POP,96,BLAS (Y EPI),J1,spanish,male,10-19,no
a5972267-de5e-433d-87d7-23979aa68c88,2026-01-13T11:13:41.404Z,COMESTIBLE,29,REMOLACHA,A12,spanish,male,10-19,no
043e2a92-540e-48f4-8b96-4769dcbd5b53,2026-01-13T11:13:44.580Z,COMESTIBLE,16,KIWI,A1,spanish,male,10-19,no
63529b79-3f4f-4de3-919b-ac50f539980a,2026-01-13T11:13:51.765Z,PLANT,47,CARNATION,B9,english,male,10-19,no
dc8638d7-1522-4154-878b-f5a3f8131489,2026-01-13T11:13:54.227Z,ANIMAL,7,CANARIO,I2,spanish,male,10-19,no
3a860037-6940-4d05-9fd6-5c57c61c5b4f,2026-01-13T11:13:54.924Z,POP,99,SUBMARINO,I30,spanish,male,10-19,no
a5972267-de5e-433d-87d7-23979aa68c88,2026-01-13T11:13:53.652Z,PIEDRA,38,AMBAR,C8,spanish,male,10-19,no
03be90b0-c5d4-4e40-bec8-6af3cf7aa0fb,2026-01-13T11:13:56.322Z,PLANTA,45,AMAPOLA,I18,spanish,female,10-19,no
6be48c6b-aa2e-43b5-bb1f-8e52039a1310,2026-01-13T11:13:57.051Z,POP,85,PIKACHU,H1,spanish,other,10-19,no
63529b79-3f4f-4de3-919b-ac50f539980a,2026-01-13T11:14:05.621Z,SUBJETIVE,72,LONELINESS,F30,english,male,10-19,no
a5972267-de5e-433d-87d7-23979aa68c88,2026-01-13T11:14:08.620Z,PLANTA,50,MADERA,B3,spanish,male,10-19,no
043e2a92-540e-48f4-8b96-4769dcbd5b53,2026-01-13T11:14:09.692Z,PIEDRA,38,AMBAR,F1,spanish,male,10-19,no
dc8638d7-1522-4154-878b-f5a3f8131489,2026-01-13T11:14:14.579Z,PIEDRA,31,AMATISTA,B24,spanish,male,10-19,no
3a6004ee-0286-4832-9816-4724accae10b,2026-01-13T11:14:14.662Z,ANIMAL,1,SALMÓN,C9,spanish,male,10-19,no
03be90b0-c5d4-4e40-bec8-6af3cf7aa0fb,2026-01-13T11:14:13.202Z,PIEDRA,31,AMATISTA,F17,spanish,female,10-19,no
3a860037-6940-4d05-9fd6-5c57c61c5b4f,2026-01-13T11:14:16.540Z,PLANTA,48,CORAL,E9,spanish,male,10-19,no
63529b79-3f4f-4de3-919b-ac50f539980a,2026-01-13T11:14:17.260Z,STONE,35,JADE,O17,english,male,10-19,no
a5972267-de5e-433d-87d7-23979aa68c88,2026-01-13T11:14:20.727Z,SUBJETIVO,73,PELIGRO,A12,spanish,male,10-19,no
6be48c6b-aa2e-43b5-bb1f-8e52039a1310,2026-01-13T11:14:18.987Z,COMESTIBLE,24,MELOCOTÓN,C11,spanish,other,10-19,no
3a6004ee-0286-4832-9816-4724accae10b,2026-01-13T11:14:26.374Z,SUBJETIVO,67,ECOLOGÍA,P11,spanish,male,10-19,no
63529b79-3f4f-4de3-919b-ac50f539980a,2026-01-13T11:14:28.612Z,ANIMAL,13,TOAD,N10,english,male,10-19,no
03be90b0-c5d4-4e40-bec8-6af3cf7aa0fb,2026-01-13T11:14:26.178Z,COMESTIBLE,20,PEPINO,P11,spanish,female,10-19,no
043e2a92-540e-48f4-8b96-4769dcbd5b53,2026-01-13T11:14:32.348Z,PIEDRA,33,ORO,H1,spanish,male,10-19,no
a5972267-de5e-433d-87d7-23979aa68c88,2026-01-13T11:14:34.335Z,ANIMAL,8,CERDO,G11,spanish,male,10-19,no
03be90b0-c5d4-4e40-bec8-6af3cf7aa0fb,2026-01-13T11:14:38.649Z,ENTORNO,54,ARENA,I11,spanish,female,10-19,no
3a860037-6940-4d05-9fd6-5c57c61c5b4f,2026-01-13T11:14:39.244Z,COMESTIBLE,19,UVA,M6,spanish,male,10-19,no
dc8638d7-1522-4154-878b-f5a3f8131489,2026-01-13T11:14:40.851Z,PIEDRA,40,ESMERALDA,P14,spanish,male,10-19,no
6be48c6b-aa2e-43b5-bb1f-8e52039a1310,2026-01-13T11:14:40.779Z,PLANTA,48,CORAL,F25,spanish,other,10-19,no
63529b79-3f4f-4de3-919b-ac50f539980a,2026-01-13T11:14:48.293Z,ENVIRONMENT,59,SUNRISE,H10,english,male,10-19,no
3a6004ee-0286-4832-9816-4724accae10b,2026-01-13T11:14:46.542Z,COMESTIBLE,22,BERENJENA,E28,spanish,male,10-19,no
a5972267-de5e-433d-87d7-23979aa68c88,2026-01-13T11:14:47.831Z,ENTORNO,51,HURACÁN,I15,spanish,male,10-19,no
6be48c6b-aa2e-43b5-bb1f-8e52039a1310,2026-01-13T11:14:54.147Z,COMESTIBLE,20,PEPINO,P17,spanish,other,10-19,no
043e2a92-540e-48f4-8b96-4769dcbd5b53,2026-01-13T11:14:52.948Z,SUBJETIVO,77,OTOÑO,B1,spanish,male,10-19,no
03be90b0-c5d4-4e40-bec8-6af3cf7aa0fb,2026-01-13T11:14:53.042Z,COMESTIBLE,19,UVA,L12,spanish,female,10-19,no
3a860037-6940-4d05-9fd6-5c57c61c5b4f,2026-01-13T11:14:55.748Z,ENTORNO,52,PIEL,A1,spanish,male,10-19,no
63529b79-3f4f-4de3-919b-ac50f539980a,2026-01-13T11:15:03.076Z,SUBJETIVE,77,AUTUMN,D8,english,male,10-19,no
a5972267-de5e-433d-87d7-23979aa68c88,2026-01-13T11:15:02.759Z,COMESTIBLE,16,KIWI,O9,spanish,male,10-19,no
3a6004ee-0286-4832-9816-4724accae10b,2026-01-13T11:15:05.870Z,ANIMAL,13,SAPO,O6,spanish,male,10-19,no
dc8638d7-1522-4154-878b-f5a3f8131489,2026-01-13T11:15:11.051Z,PLANTA,44,LAVANDA,C23,spanish,male,10-19,no
03be90b0-c5d4-4e40-bec8-6af3cf7aa0fb,2026-01-13T11:15:09.058Z,SUBJETIVO,75,TÓXICO,A9,spanish,female,10-19,no
63529b79-3f4f-4de3-919b-ac50f539980a,2026-01-13T11:15:15.909Z,ENVIRONMENT,58,POND,J25,english,male,10-19,no
043e2a92-540e-48f4-8b96-4769dcbd5b53,2026-01-13T11:15:19.300Z,PLANTA,42,ALBAHACA,O8,spanish,male,10-19,no
03be90b0-c5d4-4e40-bec8-6af3cf7aa0fb,2026-01-13T11:15:21.778Z,PLANTA,50,MADERA,B3,spanish,female,10-19,no
dc8638d7-1522-4154-878b-f5a3f8131489,2026-01-13T11:15:22.956Z,POP,81,FEMINISMO,A30,spanish,male,10-19,no
3a860037-6940-4d05-9fd6-5c57c61c5b4f,2026-01-13T11:15:14.388Z,SUBJETIVO,66,SUEÑO,J28,spanish,male,10-19,no
a5972267-de5e-433d-87d7-23979aa68c88,2026-01-13T11:15:28.730Z,ENTORNO,62,RAYO,M28,spanish,male,10-19,no
3a6004ee-0286-4832-9816-4724accae10b,2026-01-13T11:15:28.710Z,PLANTA,47,CLAVEL,C17,spanish,male,10-19,no
6be48c6b-aa2e-43b5-bb1f-8e52039a1310,2026-01-13T11:15:31.331Z,ENTORNO,54,ARENA,H6,spanish,other,10-19,no
faf0f4f5-3dc3-4072-9132-f6382ea06a5e,2026-01-13T11:15:36.755Z,ANIMAL,1,SALMÓN,D13,spanish,male,10-19,no
dc8638d7-1522-4154-878b-f5a3f8131489,2026-01-13T11:15:39.780Z,SUBJETIVO,80,ESPERANZA,P16,spanish,male,10-19,no
03be90b0-c5d4-4e40-bec8-6af3cf7aa0fb,2026-01-13T11:15:38.538Z,PIEDRA,37,LAPISLÁZULI,D17,spanish,female,10-19,no
3a6004ee-0286-4832-9816-4724accae10b,2026-01-13T11:15:43.502Z,PLANTA,41,GIRASOL,L1,spanish,male,10-19,no
a5972267-de5e-433d-87d7-23979aa68c88,2026-01-13T11:15:45.859Z,POP,97,PETER PAN,M11,spanish,male,10-19,no
3a860037-6940-4d05-9fd6-5c57c61c5b4f,2026-01-13T11:15:44.540Z,POP,100,ELMO,A10,spanish,male,10-19,no
6be48c6b-aa2e-43b5-bb1f-8e52039a1310,2026-01-13T11:15:46.763Z,POP,89,PITUFO,N29,spanish,other,10-19,no
043e2a92-540e-48f4-8b96-4769dcbd5b53,2026-01-13T11:15:50.356Z,POP,96,BLAS (Y EPI),E5,spanish,male,10-19,no
a5972267-de5e-433d-87d7-23979aa68c88,2026-01-13T11:15:58.763Z,ANIMAL,3,PARDO,C1,spanish,male,10-19,no
dc8638d7-1522-4154-878b-f5a3f8131489,2026-01-13T11:15:59.723Z,ANIMAL,5,ZORRO,B7,spanish,male,10-19,no
3a860037-6940-4d05-9fd6-5c57c61c5b4f,2026-01-13T11:16:04.052Z,PIEDRA,38,AMBAR,D8,spanish,male,10-19,no
043e2a92-540e-48f4-8b96-4769dcbd5b53,2026-01-13T11:16:09.396Z,POP,85,PIKACHU,J2,spanish,male,10-19,no
faf0f4f5-3dc3-4072-9132-f6382ea06a5e,2026-01-13T11:16:11.427Z,PIEDRA,35,JADE,O5,spanish,male,10-19,no
6be48c6b-aa2e-43b5-bb1f-8e52039a1310,2026-01-13T11:16:21.283Z,PIEDRA,34,RUBÍ,A12,spanish,other,10-19,no
043e2a92-540e-48f4-8b96-4769dcbd5b53,2026-01-13T11:16:31.316Z,PLANTA,47,CLAVEL,I15,spanish,male,10-19,no
6be48c6b-aa2e-43b5-bb1f-8e52039a1310,2026-01-13T11:16:31.875Z,PIEDRA,37,LAPISLÁZULI,H30,spanish,other,10-19,no
faf0f4f5-3dc3-4072-9132-f6382ea06a5e,2026-01-13T11:16:38.699Z,SUBJETIVO,78,INVIERNO,K21,spanish,male,10-19,no
043e2a92-540e-48f4-8b96-4769dcbd5b53,2026-01-13T11:16:40.652Z,SUBJETIVO,69,IRA,A11,spanish,male,10-19,no
6be48c6b-aa2e-43b5-bb1f-8e52039a1310,2026-01-13T11:16:45.443Z,ANIMAL,2,BALLENA,I29,spanish,other,10-19,no
6be48c6b-aa2e-43b5-bb1f-8e52039a1310,2026-01-13T11:16:56.683Z,ANIMAL,4,FLAMENCO,B17,spanish,other,10-19,no
5f6b23ea-140f-473e-a963-8bceae3a66b3,2026-01-13T11:18:47.204Z,COMESTIBLE,26,HUEVO,E6,spanish,male,10-19,no
faf0f4f5-3dc3-4072-9132-f6382ea06a5e,2026-01-13T11:20:53.115Z,ENTORNO,54,ARENA,F2,spanish,male,10-19,no
faf0f4f5-3dc3-4072-9132-f6382ea06a5e,2026-01-13T11:21:10.795Z,POP,86,HULK,O14,spanish,male,10-19,no
faf0f4f5-3dc3-4072-9132-f6382ea06a5e,2026-01-13T11:21:40.835Z,PLANTA,46,TRIGO,I10,spanish,male,10-19,no
faf0f4f5-3dc3-4072-9132-f6382ea06a5e,2026-01-13T11:22:22.363Z,COMESTIBLE,24,MELOCOTÓN,E8,spanish,male,10-19,no
faf0f4f5-3dc3-4072-9132-f6382ea06a5e,2026-01-13T11:22:48.555Z,ANIMAL,11,RANA,N13,spanish,male,10-19,no
faf0f4f5-3dc3-4072-9132-f6382ea06a5e,2026-01-13T11:23:51.787Z,ENTORNO,58,ESTANQUE,N22,spanish,male,10-19,no
faf0f4f5-3dc3-4072-9132-f6382ea06a5e,2026-01-13T11:24:15.114Z,COMESTIBLE,16,KIWI,O8,spanish,male,10-19,no
faf0f4f5-3dc3-4072-9132-f6382ea06a5e,2026-01-13T11:24:54.682Z,PIEDRA,40,ESMERALDA,P17,spanish,male,10-19,no
faf0f4f5-3dc3-4072-9132-f6382ea06a5e,2026-01-13T11:25:08.947Z,SUBJETIVO,72,SOLEDAD,J5,spanish,male,10-19,no
6d494caa-062d-40c8-b182-14bb37a648cf,2026-01-14T11:12:51.773Z,POP,83,TRACTOR,C6,spanish,male,10-19,no
d8a42a9b-cc28-40e6-b741-748f837f813e,2026-01-14T11:12:55.114Z,ANIMAL,5,ZORRO,A9,spanish,male,10-19,no
6d494caa-062d-40c8-b182-14bb37a648cf,2026-01-14T11:13:21.549Z,ANIMAL,3,PARDO,A3,spanish,male,10-19,no
d8a42a9b-cc28-40e6-b741-748f837f813e,2026-01-14T11:13:23.761Z,POP,91,EPI (Y BLAS),E18,spanish,male,10-19,no
d78f56ab-fd24-4dea-ac6b-40aea18a3f7a,2026-01-14T11:13:25.471Z,COMESTIBLE,28,TOMATE,B9,spanish,female,10-19,no
192e6e03-485b-4117-a08d-3206b825c383,2026-01-14T11:13:27.183Z,ENTORNO,52,PIEL,G9,spanish,male,10-19,no
1164f15c-3b91-4806-ac3d-391617c75fcb,2026-01-14T11:13:35.035Z,PIEDRA,38,AMBAR,E4,spanish,female,10-19,no
6d494caa-062d-40c8-b182-14bb37a648cf,2026-01-14T11:13:40.997Z,ENTORNO,51,HURACÁN,J16,spanish,male,10-19,no
d78f56ab-fd24-4dea-ac6b-40aea18a3f7a,2026-01-14T11:13:46.210Z,ANIMAL,10,MARIQUITA,A13,spanish,female,10-19,no
d8a42a9b-cc28-40e6-b741-748f837f813e,2026-01-14T11:13:47.921Z,PLANTA,44,LAVANDA,E19,spanish,male,10-19,no
6d494caa-062d-40c8-b182-14bb37a648cf,2026-01-14T11:13:54.381Z,COMESTIBLE,17,CALABAZA,C8,spanish,male,10-19,no
192e6e03-485b-4117-a08d-3206b825c383,2026-01-14T11:13:57.923Z,SUBJETIVO,71,ALEGRÍA,K3,spanish,male,10-19,no
64d47644-2761-4614-b3b5-486524919f93,2026-01-14T11:14:01.028Z,ANIMAL,5,ZORRO,E6,spanish,male,10-19,no
a5b22dbf-993d-4e11-9805-de0761821675,2026-01-14T11:14:01.409Z,PIEDRA,39,LADRILLO,A3,spanish,female,10-19,no
d8a42a9b-cc28-40e6-b741-748f837f813e,2026-01-14T11:14:04.681Z,SUBJETIVO,67,ECOLOGÍA,P18,spanish,male,10-19,no
d78f56ab-fd24-4dea-ac6b-40aea18a3f7a,2026-01-14T11:14:08.402Z,POP,85,PIKACHU,F2,spanish,female,10-19,no
24d7558d-ad6b-48a0-b751-cdaebb466f28,2026-01-14T11:14:09.149Z,ENTORNO,62,RAYO,J5,spanish,female,10-19,no
1164f15c-3b91-4806-ac3d-391617c75fcb,2026-01-14T11:14:13.169Z,SUBJETIVO,68,PAZ,I16,spanish,female,10-19,no
192e6e03-485b-4117-a08d-3206b825c383,2026-01-14T11:14:14.083Z,PLANTA,44,LAVANDA,B27,spanish,male,10-19,no
a5b22dbf-993d-4e11-9805-de0761821675,2026-01-14T11:14:21.721Z,ENTORNO,63,SANGRE,A8,spanish,female,10-19,no
d8a42a9b-cc28-40e6-b741-748f837f813e,2026-01-14T11:14:23.529Z,ENTORNO,61,CIELO,K21,spanish,male,10-19,no
6d494caa-062d-40c8-b182-14bb37a648cf,2026-01-14T11:14:25.741Z,COMESTIBLE,25,MANZANA,A13,spanish,male,10-19,no
192e6e03-485b-4117-a08d-3206b825c383,2026-01-14T11:14:31.955Z,COMESTIBLE,18,CALABACÍN,D7,spanish,male,10-19,no
d8a42a9b-cc28-40e6-b741-748f837f813e,2026-01-14T11:14:37.537Z,POP,94,FLASH,J5,spanish,male,10-19,no
64d47644-2761-4614-b3b5-486524919f93,2026-01-14T11:14:41.945Z,ENTORNO,52,PIEL,A1,spanish,male,10-19,no
24d7558d-ad6b-48a0-b751-cdaebb466f28,2026-01-14T11:14:45.982Z,POP,83,TRACTOR,I2,spanish,female,10-19,no
1164f15c-3b91-4806-ac3d-391617c75fcb,2026-01-14T11:14:46.961Z,ENTORNO,64,ATARDECER,E6,spanish,female,10-19,no
a5b22dbf-993d-4e11-9805-de0761821675,2026-01-14T11:14:46.177Z,PLANTA,45,AMAPOLA,G28,spanish,female,10-19,no
6d494caa-062d-40c8-b182-14bb37a648cf,2026-01-14T11:14:58.741Z,PLANTA,46,TRIGO,F4,spanish,male,10-19,no
192e6e03-485b-4117-a08d-3206b825c383,2026-01-14T11:14:59.536Z,PIEDRA,35,JADE,P15,spanish,male,10-19,no
d78f56ab-fd24-4dea-ac6b-40aea18a3f7a,2026-01-14T11:15:03.165Z,ENTORNO,52,PIEL,F7,spanish,female,10-19,no
d8a42a9b-cc28-40e6-b741-748f837f813e,2026-01-14T11:15:04.545Z,ANIMAL,9,TIGRE,D4,spanish,male,10-19,no
64d47644-2761-4614-b3b5-486524919f93,2026-01-14T11:15:06.705Z,COMESTIBLE,27,PLÁTANO,J2,spanish,male,10-19,no
24d7558d-ad6b-48a0-b751-cdaebb466f28,2026-01-14T11:15:05.534Z,POP,81,FEMINISMO,B30,spanish,female,10-19,no
1164f15c-3b91-4806-ac3d-391617c75fcb,2026-01-14T11:15:09.529Z,COMESTIBLE,25,MANZANA,M8,spanish,female,10-19,no
192e6e03-485b-4117-a08d-3206b825c383,2026-01-14T11:15:11.504Z,SUBJETIVO,79,PRIMAVERA,P12,spanish,male,10-19,no
6d494caa-062d-40c8-b182-14bb37a648cf,2026-01-14T11:15:16.493Z,PIEDRA,30,PERLA,I14,spanish,male,10-19,no
d8a42a9b-cc28-40e6-b741-748f837f813e,2026-01-14T11:15:18.914Z,SUBJETIVO,74,TRISTEZA,H30,spanish,male,10-19,no
a5b22dbf-993d-4e11-9805-de0761821675,2026-01-14T11:15:23.993Z,PIEDRA,38,AMBAR,G3,spanish,female,10-19,no
192e6e03-485b-4117-a08d-3206b825c383,2026-01-14T11:15:26.816Z,POP,92,GRINCH,P11,spanish,male,10-19,no
d8a42a9b-cc28-40e6-b741-748f837f813e,2026-01-14T11:15:30.577Z,COMESTIBLE,20,PEPINO,P11,spanish,male,10-19,no
d78f56ab-fd24-4dea-ac6b-40aea18a3f7a,2026-01-14T11:15:34.149Z,PLANTA,43,MALVA,C18,spanish,female,10-19,no
64d47644-2761-4614-b3b5-486524919f93,2026-01-14T11:15:34.286Z,ENTORNO,61,CIELO,J18,spanish,male,10-19,no
a5b22dbf-993d-4e11-9805-de0761821675,2026-01-14T11:15:40.313Z,SUBJETIVO,65,VERGÜENZA,G28,spanish,female,10-19,no
192e6e03-485b-4117-a08d-3206b825c383,2026-01-14T11:15:41.176Z,COMESTIBLE,24,MELOCOTÓN,E4,spanish,male,10-19,no
1164f15c-3b91-4806-ac3d-391617c75fcb,2026-01-14T11:15:45.400Z,PIEDRA,31,AMATISTA,C12,spanish,female,10-19,no
24d7558d-ad6b-48a0-b751-cdaebb466f28,2026-01-14T11:15:46.928Z,PLANTA,41,GIRASOL,H2,spanish,female,10-19,no
d8a42a9b-cc28-40e6-b741-748f837f813e,2026-01-14T11:15:48.601Z,PIEDRA,34,RUBÍ,B8,spanish,male,10-19,no
192e6e03-485b-4117-a08d-3206b825c383,2026-01-14T11:15:51.580Z,PLANTA,46,TRIGO,H2,spanish,male,10-19,no
6d494caa-062d-40c8-b182-14bb37a648cf,2026-01-14T11:15:53.677Z,ENTORNO,61,CIELO,K21,spanish,male,10-19,no
a5b22dbf-993d-4e11-9805-de0761821675,2026-01-14T11:15:57.881Z,COMESTIBLE,16,KIWI,O3,spanish,female,10-19,no
d78f56ab-fd24-4dea-ac6b-40aea18a3f7a,2026-01-14T11:15:59.592Z,SUBJETIVO,73,PELIGRO,A13,spanish,female,10-19,no
d8a42a9b-cc28-40e6-b741-748f837f813e,2026-01-14T11:16:02.153Z,PIEDRA,40,ESMERALDA,N9,spanish,male,10-19,no
192e6e03-485b-4117-a08d-3206b825c383,2026-01-14T11:16:06.804Z,PIEDRA,34,RUBÍ,A11,spanish,male,10-19,no
d78f56ab-fd24-4dea-ac6b-40aea18a3f7a,2026-01-14T11:16:13.744Z,ANIMAL,3,PARDO,B2,spanish,female,10-19,no
d8a42a9b-cc28-40e6-b741-748f837f813e,2026-01-14T11:16:23.393Z,PLANTA,46,TRIGO,I7,spanish,male,10-19,no
192e6e03-485b-4117-a08d-3206b825c383,2026-01-14T11:16:26.660Z,ANIMAL,1,SALMÓN,A17,spanish,male,10-19,no
64d47644-2761-4614-b3b5-486524919f93,2026-01-14T11:16:27.238Z,SUBJETIVO,79,PRIMAVERA,N11,spanish,male,10-19,no
6d494caa-062d-40c8-b182-14bb37a648cf,2026-01-14T11:16:29.533Z,PIEDRA,31,AMATISTA,D24,spanish,male,10-19,no
24d7558d-ad6b-48a0-b751-cdaebb466f28,2026-01-14T11:16:28.952Z,PIEDRA,36,TEJA,E8,spanish,female,10-19,no
d78f56ab-fd24-4dea-ac6b-40aea18a3f7a,2026-01-14T11:16:29.744Z,SUBJETIVO,66,SUEÑO,J17,spanish,female,10-19,no
a5b22dbf-993d-4e11-9805-de0761821675,2026-01-14T11:16:33.537Z,POP,92,GRINCH,N3,spanish,female,10-19,no
1164f15c-3b91-4806-ac3d-391617c75fcb,2026-01-14T11:16:35.048Z,POP,89,PITUFO,N29,spanish,female,10-19,no
6d494caa-062d-40c8-b182-14bb37a648cf,2026-01-14T11:16:42.645Z,ANIMAL,8,CERDO,G15,spanish,male,10-19,no
d8a42a9b-cc28-40e6-b741-748f837f813e,2026-01-14T11:16:42.345Z,ENTORNO,54,ARENA,I9,spanish,male,10-19,no
192e6e03-485b-4117-a08d-3206b825c383,2026-01-14T11:16:44.369Z,POP,99,SUBMARINO,H30,spanish,male,10-19,no
24d7558d-ad6b-48a0-b751-cdaebb466f28,2026-01-14T11:16:44.954Z,PIEDRA,34,RUBÍ,B9,spanish,female,10-19,no
64d47644-2761-4614-b3b5-486524919f93,2026-01-14T11:16:49.155Z,PIEDRA,32,ZAFIRO,H29,spanish,male,10-19,no
6d494caa-062d-40c8-b182-14bb37a648cf,2026-01-14T11:16:56.182Z,SUBJETIVO,73,PELIGRO,A13,spanish,male,10-19,no
a5b22dbf-993d-4e11-9805-de0761821675,2026-01-14T11:16:58.609Z,SUBJETIVO,70,ASCO,P13,spanish,female,10-19,no
192e6e03-485b-4117-a08d-3206b825c383,2026-01-14T11:16:59.033Z,ANIMAL,8,CERDO,C15,spanish,male,10-19,no
1164f15c-3b91-4806-ac3d-391617c75fcb,2026-01-14T11:17:01.215Z,ANIMAL,12,AXOLOTE,H13,spanish,female,10-19,no
64d47644-2761-4614-b3b5-486524919f93,2026-01-14T11:17:01.131Z,ANIMAL,4,FLAMENCO,G15,spanish,male,10-19,no
d78f56ab-fd24-4dea-ac6b-40aea18a3f7a,2026-01-14T11:17:06.332Z,PLANTA,45,AMAPOLA,A9,spanish,female,10-19,no
24d7558d-ad6b-48a0-b751-cdaebb466f28,2026-01-14T11:17:08.378Z,COMESTIBLE,27,PLÁTANO,J2,spanish,female,10-19,no
192e6e03-485b-4117-a08d-3206b825c383,2026-01-14T11:17:09.545Z,ENTORNO,61,CIELO,M25,spanish,male,10-19,no
d8a42a9b-cc28-40e6-b741-748f837f813e,2026-01-14T11:17:10.889Z,COMESTIBLE,19,UVA,E28,spanish,male,10-19,no
a5b22dbf-993d-4e11-9805-de0761821675,2026-01-14T11:17:17.329Z,ANIMAL,13,SAPO,P10,spanish,female,10-19,no
6d494caa-062d-40c8-b182-14bb37a648cf,2026-01-14T11:17:16.381Z,POP,98,STITCH,I30,spanish,male,10-19,no
64d47644-2761-4614-b3b5-486524919f93,2026-01-14T11:17:21.938Z,POP,100,ELMO,A13,spanish,male,10-19,no
d78f56ab-fd24-4dea-ac6b-40aea18a3f7a,2026-01-14T11:17:23.132Z,PIEDRA,36,TEJA,A5,spanish,female,10-19,no
24d7558d-ad6b-48a0-b751-cdaebb466f28,2026-01-14T11:17:35.322Z,PLANTA,47,CLAVEL,C17,spanish,female,10-19,no
64d47644-2761-4614-b3b5-486524919f93,2026-01-14T11:17:37.264Z,SUBJETIVO,71,ALEGRÍA,L1,spanish,male,10-19,no
a5b22dbf-993d-4e11-9805-de0761821675,2026-01-14T11:17:38.105Z,COMESTIBLE,23,ESPÁRRAGO,P9,spanish,female,10-19,no
d78f56ab-fd24-4dea-ac6b-40aea18a3f7a,2026-01-14T11:17:40.591Z,POP,81,FEMINISMO,B27,spanish,female,10-19,no
1164f15c-3b91-4806-ac3d-391617c75fcb,2026-01-14T11:17:43.879Z,PLANTA,50,MADERA,A1,spanish,female,10-19,no
6d494caa-062d-40c8-b182-14bb37a648cf,2026-01-14T11:17:49.237Z,SUBJETIVO,71,ALEGRÍA,H3,spanish,male,10-19,no
24d7558d-ad6b-48a0-b751-cdaebb466f28,2026-01-14T11:17:53.067Z,ANIMAL,10,MARIQUITA,B10,spanish,female,10-19,no
64d47644-2761-4614-b3b5-486524919f93,2026-01-14T11:17:58.479Z,COMESTIBLE,20,PEPINO,P11,spanish,male,10-19,no
6d494caa-062d-40c8-b182-14bb37a648cf,2026-01-14T11:17:59.485Z,PLANTA,41,GIRASOL,I2,spanish,male,10-19,no
a5b22dbf-993d-4e11-9805-de0761821675,2026-01-14T11:18:00.361Z,ENTORNO,59,AMANECER,E5,spanish,female,10-19,no
a5b22dbf-993d-4e11-9805-de0761821675,2026-01-14T11:18:15.561Z,PLANTA,46,TRIGO,I6,spanish,female,10-19,no
24d7558d-ad6b-48a0-b751-cdaebb466f28,2026-01-14T11:18:17.307Z,ANIMAL,5,ZORRO,D7,spanish,female,10-19,no
64d47644-2761-4614-b3b5-486524919f93,2026-01-14T11:18:17.663Z,POP,92,GRINCH,O5,spanish,male,10-19,no
1164f15c-3b91-4806-ac3d-391617c75fcb,2026-01-14T11:18:23.070Z,ENTORNO,60,MUSGO,P11,spanish,female,10-19,no
d78f56ab-fd24-4dea-ac6b-40aea18a3f7a,2026-01-14T11:18:23.031Z,PIEDRA,39,LADRILLO,A4,spanish,female,10-19,no
64d47644-2761-4614-b3b5-486524919f93,2026-01-14T11:18:32.572Z,PLANTA,43,MALVA,J9,spanish,male,10-19,no
24d7558d-ad6b-48a0-b751-cdaebb466f28,2026-01-14T11:18:42.701Z,SUBJETIVO,71,ALEGRÍA,H2,spanish,female,10-19,no
a5b22dbf-993d-4e11-9805-de0761821675,2026-01-14T11:18:43.954Z,ANIMAL,3,PARDO,A1,spanish,female,10-19,no
64d47644-2761-4614-b3b5-486524919f93,2026-01-14T11:18:54.796Z,PLANTA,45,AMAPOLA,L4,spanish,male,10-19,no
a5b22dbf-993d-4e11-9805-de0761821675,2026-01-14T11:18:55.601Z,POP,84,SONIC,N30,spanish,female,10-19,no
1164f15c-3b91-4806-ac3d-391617c75fcb,2026-01-14T11:18:58.430Z,ANIMAL,7,CANARIO,M2,spanish,female,10-19,no
24d7558d-ad6b-48a0-b751-cdaebb466f28,2026-01-14T11:19:10.541Z,SUBJETIVO,70,ASCO,P2,spanish,female,10-19,no
d78f56ab-fd24-4dea-ac6b-40aea18a3f7a,2026-01-14T11:19:19.930Z,COMESTIBLE,16,KIWI,M3,spanish,female,10-19,no
64d47644-2761-4614-b3b5-486524919f93,2026-01-14T11:19:22.108Z,PIEDRA,38,AMBAR,F29,spanish,male,10-19,no
24d7558d-ad6b-48a0-b751-cdaebb466f28,2026-01-14T11:19:22.973Z,ENTORNO,57,CÉSPED,N10,spanish,female,10-19,no
1164f15c-3b91-4806-ac3d-391617c75fcb,2026-01-14T11:19:34.021Z,SUBJETIVO,72,SOLEDAD,G27,spanish,female,10-19,no
d78f56ab-fd24-4dea-ac6b-40aea18a3f7a,2026-01-14T11:19:36.621Z,ENTORNO,51,HURACÁN,I21,spanish,female,10-19,no
24d7558d-ad6b-48a0-b751-cdaebb466f28,2026-01-14T11:19:51.991Z,COMESTIBLE,20,PEPINO,K12,spanish,female,10-19,no
03354455-8263-47d3-932f-d5fd63c29880,2026-01-15T11:33:17.096Z,ENTORNO,55,MARÍTIMO,J28,spanish,prefer-not-to-say,20-29,no
e1633021-c1a8-4b5a-8c80-43643f9a08d6,2026-01-15T11:33:20.239Z,ANIMAL,6,GRILLO,L10,spanish,female,10-19,no
254ddef2-a7dd-4c8e-a60d-bd0176ab7287,2026-01-15T11:33:21.509Z,ANIMAL,10,MARIQUITA,B8,spanish,female,10-19,no
7152ce4a-b2b3-4e61-9327-b02bfb333020,2026-01-15T11:33:23.213Z,COMESTIBLE,29,REMOLACHA,B16,spanish,female,10-19,no
e1633021-c1a8-4b5a-8c80-43643f9a08d6,2026-01-15T11:33:35.063Z,SUBJETIVO,69,IRA,A10,spanish,female,10-19,no
03354455-8263-47d3-932f-d5fd63c29880,2026-01-15T11:33:36.623Z,COMESTIBLE,21,COCO,A2,spanish,prefer-not-to-say,20-29,no
e1633021-c1a8-4b5a-8c80-43643f9a08d6,2026-01-15T11:33:47.808Z,POP,81,FEMINISMO,C23,spanish,female,10-19,no
254ddef2-a7dd-4c8e-a60d-bd0176ab7287,2026-01-15T11:33:46.348Z,COMESTIBLE,20,PEPINO,P11,spanish,female,10-19,no
df0a9a33-f80b-48e5-90a5-76085f381398,2026-01-15T11:33:46.898Z,COMESTIBLE,24,MELOCOTÓN,C7,spanish,male,20-29,no
9728e932-ea3f-4272-b6c0-b053b1d4164c,2026-01-15T11:33:50.407Z,PIEDRA,31,AMATISTA,O13,spanish,male,40-49,no
03354455-8263-47d3-932f-d5fd63c29880,2026-01-15T11:33:51.535Z,COMESTIBLE,16,KIWI,B1,spanish,prefer-not-to-say,20-29,no
b1b43e8a-427d-4e16-b1aa-62e36f121bc1,2026-01-15T11:33:26.665Z,PIEDRA,34,RUBÍ,A9,spanish,male,20-29,no
bf678d5b-1f90-4a1b-b493-49444d4fe21e,2026-01-15T11:34:01.419Z,ANIMAL,4,FLAMENCO,E15,spanish,male,10-19,no
e1633021-c1a8-4b5a-8c80-43643f9a08d6,2026-01-15T11:34:01.400Z,ENTORNO,63,SANGRE,A7,spanish,female,10-19,no
e8a17a7d-0738-418d-9dfb-608cf1ef184f,2026-01-15T11:34:01.595Z,POP,88,COLORETE,C13,spanish,prefer-not-to-say,20-29,no
03354455-8263-47d3-932f-d5fd63c29880,2026-01-15T11:34:05.495Z,PLANTA,43,MALVA,I2,spanish,prefer-not-to-say,20-29,no
9728e932-ea3f-4272-b6c0-b053b1d4164c,2026-01-15T11:34:10.158Z,ANIMAL,1,SALMÓN,D10,spanish,male,40-49,no
7152ce4a-b2b3-4e61-9327-b02bfb333020,2026-01-15T11:34:11.325Z,PLANTA,48,CORAL,E11,spanish,female,10-19,no
e1633021-c1a8-4b5a-8c80-43643f9a08d6,2026-01-15T11:34:15.496Z,ANIMAL,11,RANA,N5,spanish,female,10-19,no
898f1363-3966-48b3-8194-1473704a071c,2026-01-15T11:34:15.619Z,PLANTA,46,TRIGO,I4,spanish,male,20-29,no
88d466df-487d-4159-851b-b87d188982be,2026-01-15T11:34:26.152Z,SUBJETIVO,80,ESPERANZA,M6,spanish,male,20-29,no
254ddef2-a7dd-4c8e-a60d-bd0176ab7287,2026-01-15T11:34:32.332Z,ANIMAL,6,GRILLO,P4,spanish,female,10-19,no
df0a9a33-f80b-48e5-90a5-76085f381398,2026-01-15T11:34:31.737Z,ENTORNO,63,SANGRE,A8,spanish,male,20-29,no
e1633021-c1a8-4b5a-8c80-43643f9a08d6,2026-01-15T11:34:34.600Z,SUBJETIVO,79,PRIMAVERA,L9,spanish,female,10-19,no
03354455-8263-47d3-932f-d5fd63c29880,2026-01-15T11:34:32.367Z,ENTORNO,58,ESTANQUE,P18,spanish,prefer-not-to-say,20-29,no
7152ce4a-b2b3-4e61-9327-b02bfb333020,2026-01-15T11:34:36.717Z,COMESTIBLE,22,BERENJENA,E29,spanish,female,10-19,no
9728e932-ea3f-4272-b6c0-b053b1d4164c,2026-01-15T11:34:40.078Z,SUBJETIVO,68,PAZ,K22,spanish,male,40-49,no
e1633021-c1a8-4b5a-8c80-43643f9a08d6,2026-01-15T11:34:44.353Z,ENTORNO,64,ATARDECER,D6,spanish,female,10-19,no
b1b43e8a-427d-4e16-b1aa-62e36f121bc1,2026-01-15T11:34:16.392Z,PLANTA,42,ALBAHACA,F7,spanish,male,20-29,no
03354455-8263-47d3-932f-d5fd63c29880,2026-01-15T11:34:49.488Z,SUBJETIVO,76,VERANO,E4,spanish,prefer-not-to-say,20-29,no
bf678d5b-1f90-4a1b-b493-49444d4fe21e,2026-01-15T11:34:51.971Z,SUBJETIVO,80,ESPERANZA,N8,spanish,male,10-19,no
898f1363-3966-48b3-8194-1473704a071c,2026-01-15T11:34:53.218Z,ENTORNO,64,ATARDECER,E3,spanish,male,20-29,no
9728e932-ea3f-4272-b6c0-b053b1d4164c,2026-01-15T11:34:54.246Z,SUBJETIVO,80,ESPERANZA,O13,spanish,male,40-49,no
e8a17a7d-0738-418d-9dfb-608cf1ef184f,2026-01-15T11:34:54.706Z,SUBJETIVO,76,VERANO,J3,spanish,prefer-not-to-say,20-29,no
88d466df-487d-4159-851b-b87d188982be,2026-01-15T11:34:57.354Z,ENTORNO,54,ARENA,I11,spanish,male,20-29,no
e1633021-c1a8-4b5a-8c80-43643f9a08d6,2026-01-15T11:34:56.425Z,COMESTIBLE,14,LIMÓN,I2,spanish,female,10-19,no
7152ce4a-b2b3-4e61-9327-b02bfb333020,2026-01-15T11:34:55.685Z,ENTORNO,63,SANGRE,A7,spanish,female,10-19,no
254ddef2-a7dd-4c8e-a60d-bd0176ab7287,2026-01-15T11:34:58.644Z,SUBJETIVO,72,SOLEDAD,H30,spanish,female,10-19,no
df0a9a33-f80b-48e5-90a5-76085f381398,2026-01-15T11:34:56.649Z,POP,90,BRUJERÍA,B27,spanish,male,20-29,no
03354455-8263-47d3-932f-d5fd63c29880,2026-01-15T11:35:06.312Z,SUBJETIVO,65,VERGÜENZA,F15,spanish,prefer-not-to-say,20-29,no
b1b43e8a-427d-4e16-b1aa-62e36f121bc1,2026-01-15T11:34:36.800Z,POP,97,PETER PAN,O12,spanish,male,20-29,no
e1633021-c1a8-4b5a-8c80-43643f9a08d6,2026-01-15T11:35:11.513Z,PLANTA,41,GIRASOL,G3,spanish,female,10-19,no
e8a17a7d-0738-418d-9dfb-608cf1ef184f,2026-01-15T11:35:12.874Z,ENTORNO,56,BARRO,A1,spanish,prefer-not-to-say,20-29,no
bf678d5b-1f90-4a1b-b493-49444d4fe21e,2026-01-15T11:35:14.282Z,ENTORNO,60,MUSGO,P10,spanish,male,10-19,no
9728e932-ea3f-4272-b6c0-b053b1d4164c,2026-01-15T11:35:17.294Z,ENTORNO,60,MUSGO,P9,spanish,male,40-49,no
03354455-8263-47d3-932f-d5fd63c29880,2026-01-15T11:35:18.608Z,POP,94,FLASH,I11,spanish,prefer-not-to-say,20-29,no
7152ce4a-b2b3-4e61-9327-b02bfb333020,2026-01-15T11:35:19.125Z,ANIMAL,8,CERDO,F14,spanish,female,10-19,no
df0a9a33-f80b-48e5-90a5-76085f381398,2026-01-15T11:35:22.226Z,ANIMAL,13,SAPO,P9,spanish,male,20-29,no
e1633021-c1a8-4b5a-8c80-43643f9a08d6,2026-01-15T11:35:24.617Z,PLANTA,46,TRIGO,F5,spanish,female,10-19,no
03354455-8263-47d3-932f-d5fd63c29880,2026-01-15T11:35:26.591Z,POP,97,PETER PAN,M11,spanish,prefer-not-to-say,20-29,no
254ddef2-a7dd-4c8e-a60d-bd0176ab7287,2026-01-15T11:35:27.076Z,PIEDRA,36,TEJA,A7,spanish,female,10-19,no
b1b43e8a-427d-4e16-b1aa-62e36f121bc1,2026-01-15T11:34:53.488Z,SUBJETIVO,77,OTOÑO,C2,spanish,male,20-29,no
88d466df-487d-4159-851b-b87d188982be,2026-01-15T11:35:29.890Z,PLANTA,47,CLAVEL,C10,spanish,male,20-29,no
e8a17a7d-0738-418d-9dfb-608cf1ef184f,2026-01-15T11:35:32.786Z,COMESTIBLE,22,BERENJENA,C28,spanish,prefer-not-to-say,20-29,no
898f1363-3966-48b3-8194-1473704a071c,2026-01-15T11:35:33.738Z,COMESTIBLE,23,ESPÁRRAGO,M11,spanish,male,20-29,no
03354455-8263-47d3-932f-d5fd63c29880,2026-01-15T11:35:33.720Z,PIEDRA,40,ESMERALDA,O15,spanish,prefer-not-to-say,20-29,no
254ddef2-a7dd-4c8e-a60d-bd0176ab7287,2026-01-15T11:35:39.252Z,COMESTIBLE,21,COCO,A1,spanish,female,10-19,no
b1b43e8a-427d-4e16-b1aa-62e36f121bc1,2026-01-15T11:35:05.800Z,COMESTIBLE,28,TOMATE,B9,spanish,male,20-29,no
e1633021-c1a8-4b5a-8c80-43643f9a08d6,2026-01-15T11:35:38.633Z,POP,91,EPI (Y BLAS),B8,spanish,female,10-19,no
7152ce4a-b2b3-4e61-9327-b02bfb333020,2026-01-15T11:35:41.917Z,PIEDRA,37,LAPISLÁZULI,I30,spanish,female,10-19,no
df0a9a33-f80b-48e5-90a5-76085f381398,2026-01-15T11:35:44.754Z,SUBJETIVO,77,OTOÑO,B3,spanish,male,20-29,no
9728e932-ea3f-4272-b6c0-b053b1d4164c,2026-01-15T11:35:49.438Z,PLANTA,46,TRIGO,K1,spanish,male,40-49,no
254ddef2-a7dd-4c8e-a60d-bd0176ab7287,2026-01-15T11:35:53.708Z,PLANTA,42,ALBAHACA,P10,spanish,female,10-19,no
03354455-8263-47d3-932f-d5fd63c29880,2026-01-15T11:35:53.672Z,ANIMAL,2,BALLENA,H22,spanish,prefer-not-to-say,20-29,no
bf678d5b-1f90-4a1b-b493-49444d4fe21e,2026-01-15T11:36:02.194Z,COMESTIBLE,22,BERENJENA,D24,spanish,male,10-19,no
898f1363-3966-48b3-8194-1473704a071c,2026-01-15T11:36:04.625Z,ENTORNO,61,CIELO,K21,spanish,male,20-29,no
254ddef2-a7dd-4c8e-a60d-bd0176ab7287,2026-01-15T11:36:06.364Z,POP,95,MONST. GALLETA,K30,spanish,female,10-19,no
9728e932-ea3f-4272-b6c0-b053b1d4164c,2026-01-15T11:36:09.157Z,POP,91,EPI (Y BLAS),E5,spanish,male,40-49,no
7152ce4a-b2b3-4e61-9327-b02bfb333020,2026-01-15T11:36:11.357Z,ENTORNO,54,ARENA,H11,spanish,female,10-19,no
b1b43e8a-427d-4e16-b1aa-62e36f121bc1,2026-01-15T11:35:38.312Z,PLANTA,43,MALVA,E24,spanish,male,20-29,no
03354455-8263-47d3-932f-d5fd63c29880,2026-01-15T11:36:10.800Z,PIEDRA,36,TEJA,H15,spanish,prefer-not-to-say,20-29,no
e8a17a7d-0738-418d-9dfb-608cf1ef184f,2026-01-15T11:36:12.010Z,ANIMAL,13,SAPO,O8,spanish,prefer-not-to-say,20-29,no
88d466df-487d-4159-851b-b87d188982be,2026-01-15T11:36:12.756Z,COMESTIBLE,19,UVA,M3,spanish,male,20-29,no
bf678d5b-1f90-4a1b-b493-49444d4fe21e,2026-01-15T11:36:15.482Z,POP,93,SIMPSON,K2,spanish,male,10-19,no
df0a9a33-f80b-48e5-90a5-76085f381398,2026-01-15T11:36:18.201Z,ENTORNO,60,MUSGO,N10,spanish,male,20-29,no
254ddef2-a7dd-4c8e-a60d-bd0176ab7287,2026-01-15T11:36:22.020Z,PLANTA,43,MALVA,B28,spanish,female,10-19,no
03354455-8263-47d3-932f-d5fd63c29880,2026-01-15T11:36:22.360Z,PLANTA,49,MENTA,N15,spanish,prefer-not-to-say,20-29,no
e8a17a7d-0738-418d-9dfb-608cf1ef184f,2026-01-15T11:36:26.050Z,COMESTIBLE,28,TOMATE,B9,spanish,prefer-not-to-say,20-29,no
9728e932-ea3f-4272-b6c0-b053b1d4164c,2026-01-15T11:36:32.014Z,PLANTA,41,GIRASOL,H1,spanish,male,40-49,no
7152ce4a-b2b3-4e61-9327-b02bfb333020,2026-01-15T11:36:32.021Z,ANIMAL,3,PARDO,B1,spanish,female,10-19,no
254ddef2-a7dd-4c8e-a60d-bd0176ab7287,2026-01-15T11:36:34.556Z,ENTORNO,52,PIEL,A1,spanish,female,10-19,no
b1b43e8a-427d-4e16-b1aa-62e36f121bc1,2026-01-15T11:36:02.744Z,ANIMAL,12,AXOLOTE,F15,spanish,male,20-29,no
03354455-8263-47d3-932f-d5fd63c29880,2026-01-15T11:36:35.960Z,ANIMAL,4,FLAMENCO,C17,spanish,prefer-not-to-say,20-29,no
df0a9a33-f80b-48e5-90a5-76085f381398,2026-01-15T11:36:36.393Z,PLANTA,45,AMAPOLA,A12,spanish,male,20-29,no
88d466df-487d-4159-851b-b87d188982be,2026-01-15T11:36:37.300Z,ANIMAL,12,AXOLOTE,C3,spanish,male,20-29,no
bf678d5b-1f90-4a1b-b493-49444d4fe21e,2026-01-15T11:36:46.146Z,COMESTIBLE,21,COCO,C1,spanish,male,10-19,no
e8a17a7d-0738-418d-9dfb-608cf1ef184f,2026-01-15T11:36:46.858Z,SUBJETIVO,70,ASCO,P3,spanish,prefer-not-to-say,20-29,no
898f1363-3966-48b3-8194-1473704a071c,2026-01-15T11:36:47.745Z,PIEDRA,36,TEJA,D6,spanish,male,20-29,no
b1b43e8a-427d-4e16-b1aa-62e36f121bc1,2026-01-15T11:36:15.327Z,SUBJETIVO,67,ECOLOGÍA,N11,spanish,male,20-29,no
254ddef2-a7dd-4c8e-a60d-bd0176ab7287,2026-01-15T11:36:52.364Z,POP,98,STITCH,I30,spanish,female,10-19,no
df0a9a33-f80b-48e5-90a5-76085f381398,2026-01-15T11:36:53.754Z,COMESTIBLE,20,PEPINO,O11,spanish,male,20-29,no
9728e932-ea3f-4272-b6c0-b053b1d4164c,2026-01-15T11:36:56.285Z,PIEDRA,36,TEJA,A5,spanish,male,40-49,no
7152ce4a-b2b3-4e61-9327-b02bfb333020,2026-01-15T11:36:58.557Z,PIEDRA,33,ORO,F2,spanish,female,10-19,no
b1b43e8a-427d-4e16-b1aa-62e36f121bc1,2026-01-15T11:36:31.143Z,COMESTIBLE,26,HUEVO,H9,spanish,male,20-29,no
88d466df-487d-4159-851b-b87d188982be,2026-01-15T11:37:03.254Z,SUBJETIVO,66,SUEÑO,G30,spanish,male,20-29,no
254ddef2-a7dd-4c8e-a60d-bd0176ab7287,2026-01-15T11:37:08.068Z,ENTORNO,64,ATARDECER,D16,spanish,female,10-19,no
bf678d5b-1f90-4a1b-b493-49444d4fe21e,2026-01-15T11:37:07.786Z,PIEDRA,37,LAPISLÁZULI,J29,spanish,male,10-19,no
df0a9a33-f80b-48e5-90a5-76085f381398,2026-01-15T11:37:14.913Z,ANIMAL,5,ZORRO,B8,spanish,male,20-29,no
e8a17a7d-0738-418d-9dfb-608cf1ef184f,2026-01-15T11:37:16.074Z,POP,92,GRINCH,O4,spanish,prefer-not-to-say,20-29,no
254ddef2-a7dd-4c8e-a60d-bd0176ab7287,2026-01-15T11:37:17.212Z,SUBJETIVO,67,ECOLOGÍA,O15,spanish,female,10-19,no
9728e932-ea3f-4272-b6c0-b053b1d4164c,2026-01-15T11:37:18.365Z,COMESTIBLE,15,LIMA,P2,spanish,male,40-49,no
898f1363-3966-48b3-8194-1473704a071c,2026-01-15T11:37:20.825Z,ANIMAL,11,RANA,O15,spanish,male,20-29,no
88d466df-487d-4159-851b-b87d188982be,2026-01-15T11:37:23.245Z,PLANTA,44,LAVANDA,A24,spanish,male,20-29,no
7152ce4a-b2b3-4e61-9327-b02bfb333020,2026-01-15T11:37:22.253Z,PLANTA,45,AMAPOLA,F15,spanish,female,10-19,no
254ddef2-a7dd-4c8e-a60d-bd0176ab7287,2026-01-15T11:37:31.108Z,PIEDRA,32,ZAFIRO,D2,spanish,female,10-19,no
7664840a-fc01-4916-848b-9453f6a586fd,2026-01-15T11:37:31.078Z,SUBJETIVO,71,ALEGRÍA,J3,spanish,female,10-19,no
b1b43e8a-427d-4e16-b1aa-62e36f121bc1,2026-01-15T11:36:59.568Z,POP,89,PITUFO,L23,spanish,male,20-29,no
df0a9a33-f80b-48e5-90a5-76085f381398,2026-01-15T11:37:35.129Z,SUBJETIVO,67,ECOLOGÍA,N8,spanish,male,20-29,no
9728e932-ea3f-4272-b6c0-b053b1d4164c,2026-01-15T11:37:39.853Z,ANIMAL,13,SAPO,P10,spanish,male,40-49,no
bf678d5b-1f90-4a1b-b493-49444d4fe21e,2026-01-15T11:37:41.994Z,ANIMAL,7,CANARIO,M8,spanish,male,10-19,no
88d466df-487d-4159-851b-b87d188982be,2026-01-15T11:37:48.391Z,ENTORNO,55,MARÍTIMO,J27,spanish,male,20-29,no
32267eaa-471e-4413-897f-23f68c88c89c,2026-01-15T11:37:48.734Z,SUBJETIVO,78,INVIERNO,I17,spanish,female,10-19,no
7152ce4a-b2b3-4e61-9327-b02bfb333020,2026-01-15T11:37:52.333Z,SUBJETIVO,79,PRIMAVERA,N13,spanish,female,10-19,no
9728e932-ea3f-4272-b6c0-b053b1d4164c,2026-01-15T11:38:02.005Z,COMESTIBLE,25,MANZANA,A12,spanish,male,40-49,no
32267eaa-471e-4413-897f-23f68c88c89c,2026-01-15T11:38:04.509Z,ENTORNO,57,CÉSPED,N10,spanish,female,10-19,no
e8a17a7d-0738-418d-9dfb-608cf1ef184f,2026-01-15T11:38:04.498Z,PIEDRA,32,ZAFIRO,L24,spanish,prefer-not-to-say,20-29,no
7152ce4a-b2b3-4e61-9327-b02bfb333020,2026-01-15T11:38:08.517Z,POP,87,BARBIE,B17,spanish,female,10-19,no
bf678d5b-1f90-4a1b-b493-49444d4fe21e,2026-01-15T11:38:10.331Z,ENTORNO,53,FUEGO,D6,spanish,male,10-19,no
88d466df-487d-4159-851b-b87d188982be,2026-01-15T11:38:09.927Z,POP,87,BARBIE,D15,spanish,male,20-29,no
b1b43e8a-427d-4e16-b1aa-62e36f121bc1,2026-01-15T11:37:39.511Z,ENTORNO,58,ESTANQUE,P22,spanish,male,20-29,no
898f1363-3966-48b3-8194-1473704a071c,2026-01-15T11:38:13.842Z,SUBJETIVO,75,TÓXICO,H18,spanish,male,20-29,no
32267eaa-471e-4413-897f-23f68c88c89c,2026-01-15T11:38:13.861Z,COMESTIBLE,15,LIMA,L8,spanish,female,10-19,no
df0a9a33-f80b-48e5-90a5-76085f381398,2026-01-15T11:38:16.130Z,PIEDRA,30,PERLA,I14,spanish,male,20-29,no
bdc0be1e-b18d-45ef-9db7-b83c7b48549e,2026-01-15T11:38:18.412Z,SUBJETIVO,65,VERGÜENZA,O20,spanish,male,70,no
32267eaa-471e-4413-897f-23f68c88c89c,2026-01-15T11:38:24.949Z,COMESTIBLE,23,ESPÁRRAGO,L11,spanish,female,10-19,no
b1b43e8a-427d-4e16-b1aa-62e36f121bc1,2026-01-15T11:37:52.696Z,ANIMAL,8,CERDO,G12,spanish,male,20-29,no
7152ce4a-b2b3-4e61-9327-b02bfb333020,2026-01-15T11:38:28.021Z,POP,83,TRACTOR,H2,spanish,female,10-19,no
bf678d5b-1f90-4a1b-b493-49444d4fe21e,2026-01-15T11:38:27.658Z,POP,82,SHRECK,N4,spanish,male,10-19,no
bdc0be1e-b18d-45ef-9db7-b83c7b48549e,2026-01-15T11:38:31.348Z,ENTORNO,53,FUEGO,C6,spanish,male,70,no
898f1363-3966-48b3-8194-1473704a071c,2026-01-15T11:38:31.658Z,PIEDRA,32,ZAFIRO,M28,spanish,male,20-29,no
e8a17a7d-0738-418d-9dfb-608cf1ef184f,2026-01-15T11:38:30.306Z,ANIMAL,10,MARIQUITA,B8,spanish,prefer-not-to-say,20-29,no
9728e932-ea3f-4272-b6c0-b053b1d4164c,2026-01-15T11:38:34.534Z,ENTORNO,64,ATARDECER,D8,spanish,male,40-49,no
32267eaa-471e-4413-897f-23f68c88c89c,2026-01-15T11:38:34.693Z,SUBJETIVO,73,PELIGRO,B10,spanish,female,10-19,no
88d466df-487d-4159-851b-b87d188982be,2026-01-15T11:38:34.568Z,COMESTIBLE,16,KIWI,C2,spanish,male,20-29,no
df0a9a33-f80b-48e5-90a5-76085f381398,2026-01-15T11:38:39.490Z,PIEDRA,34,RUBÍ,B8,spanish,male,20-29,no
bdc0be1e-b18d-45ef-9db7-b83c7b48549e,2026-01-15T11:38:44.308Z,PLANTA,45,AMAPOLA,A11,spanish,male,70,no
898f1363-3966-48b3-8194-1473704a071c,2026-01-15T11:38:49.314Z,SUBJETIVO,77,OTOÑO,D3,spanish,male,20-29,no
32267eaa-471e-4413-897f-23f68c88c89c,2026-01-15T11:38:48.527Z,PLANTA,47,CLAVEL,I16,spanish,female,10-19,no
e8a17a7d-0738-418d-9dfb-608cf1ef184f,2026-01-15T11:38:54.930Z,PLANTA,49,MENTA,O18,spanish,prefer-not-to-say,20-29,no
bdc0be1e-b18d-45ef-9db7-b83c7b48549e,2026-01-15T11:38:55.596Z,ANIMAL,1,SALMÓN,D10,spanish,male,70,no
bf678d5b-1f90-4a1b-b493-49444d4fe21e,2026-01-15T11:38:56.794Z,PLANTA,49,MENTA,P16,spanish,male,10-19,no
7152ce4a-b2b3-4e61-9327-b02bfb333020,2026-01-15T11:38:57.853Z,SUBJETIVO,74,TRISTEZA,K22,spanish,female,10-19,no
9728e932-ea3f-4272-b6c0-b053b1d4164c,2026-01-15T11:38:57.333Z,POP,89,PITUFO,N30,spanish,male,40-49,no
32267eaa-471e-4413-897f-23f68c88c89c,2026-01-15T11:38:59.406Z,ENTORNO,60,MUSGO,O8,spanish,female,10-19,no
88d466df-487d-4159-851b-b87d188982be,2026-01-15T11:39:01.090Z,PIEDRA,33,ORO,I2,spanish,male,20-29,no
df0a9a33-f80b-48e5-90a5-76085f381398,2026-01-15T11:39:03.218Z,PLANTA,46,TRIGO,F2,spanish,male,20-29,no
bdc0be1e-b18d-45ef-9db7-b83c7b48549e,2026-01-15T11:39:05.772Z,POP,85,PIKACHU,J3,spanish,male,70,no
32267eaa-471e-4413-897f-23f68c88c89c,2026-01-15T11:39:07.126Z,PLANTA,48,CORAL,A17,spanish,female,10-19,no
32267eaa-471e-4413-897f-23f68c88c89c,2026-01-15T11:39:17.086Z,POP,86,HULK,P10,spanish,female,10-19,no
898f1363-3966-48b3-8194-1473704a071c,2026-01-15T11:39:16.801Z,POP,91,EPI (Y BLAS),D7,spanish,male,20-29,no
b1b43e8a-427d-4e16-b1aa-62e36f121bc1,2026-01-15T11:38:44.432Z,PIEDRA,30,PERLA,H15,spanish,male,20-29,no
88d466df-487d-4159-851b-b87d188982be,2026-01-15T11:39:25.569Z,POP,92,GRINCH,N6,spanish,male,20-29,no
bf678d5b-1f90-4a1b-b493-49444d4fe21e,2026-01-15T11:39:27.354Z,PLANTA,47,CLAVEL,E18,spanish,male,10-19,no
ad6ea9b0-df0b-4c6f-b7f6-137e2a09d67f,2026-01-15T11:39:27.494Z,SUBJETIVO,67,ECOLOGÍA,N9,spanish,male,30-39,no
32267eaa-471e-4413-897f-23f68c88c89c,2026-01-15T11:39:28.686Z,PIEDRA,35,JADE,H15,spanish,female,10-19,no
bdc0be1e-b18d-45ef-9db7-b83c7b48549e,2026-01-15T11:39:30.068Z,SUBJETIVO,70,ASCO,O12,spanish,male,70,no
898f1363-3966-48b3-8194-1473704a071c,2026-01-15T11:39:35.994Z,POP,92,GRINCH,N4,spanish,male,20-29,no
e8a17a7d-0738-418d-9dfb-608cf1ef184f,2026-01-15T11:39:36.850Z,PIEDRA,36,TEJA,C6,spanish,prefer-not-to-say,20-29,no
df0a9a33-f80b-48e5-90a5-76085f381398,2026-01-15T11:39:37.713Z,POP,98,STITCH,I29,spanish,male,20-29,no
32267eaa-471e-4413-897f-23f68c88c89c,2026-01-15T11:39:38.184Z,ANIMAL,1,SALMÓN,G13,spanish,female,10-19,no
bdc0be1e-b18d-45ef-9db7-b83c7b48549e,2026-01-15T11:39:40.252Z,PIEDRA,40,ESMERALDA,N20,spanish,male,70,no
ad6ea9b0-df0b-4c6f-b7f6-137e2a09d67f,2026-01-15T11:39:38.005Z,POP,88,COLORETE,E13,spanish,male,30-39,no
b1b43e8a-427d-4e16-b1aa-62e36f121bc1,2026-01-15T11:39:06.664Z,ENTORNO,62,RAYO,I12,spanish,male,20-29,no
88d466df-487d-4159-851b-b87d188982be,2026-01-15T11:39:41.473Z,ANIMAL,3,PARDO,B1,spanish,male,20-29,no
898f1363-3966-48b3-8194-1473704a071c,2026-01-15T11:39:46.586Z,ANIMAL,9,TIGRE,E6,spanish,male,20-29,no
e8a17a7d-0738-418d-9dfb-608cf1ef184f,2026-01-15T11:39:46.250Z,PLANTA,44,LAVANDA,D22,spanish,prefer-not-to-say,20-29,no
32267eaa-471e-4413-897f-23f68c88c89c,2026-01-15T11:39:50.128Z,PIEDRA,34,RUBÍ,B14,spanish,female,10-19,no
bf678d5b-1f90-4a1b-b493-49444d4fe21e,2026-01-15T11:39:52.962Z,SUBJETIVO,68,PAZ,J8,spanish,male,10-19,no
ad6ea9b0-df0b-4c6f-b7f6-137e2a09d67f,2026-01-15T11:39:50.341Z,POP,81,FEMINISMO,C24,spanish,male,30-39,no
32267eaa-471e-4413-897f-23f68c88c89c,2026-01-15T11:39:57.624Z,ANIMAL,8,CERDO,F15,spanish,female,10-19,no
898f1363-3966-48b3-8194-1473704a071c,2026-01-15T11:39:58.506Z,COMESTIBLE,24,MELOCOTÓN,H8,spanish,male,20-29,no
32267eaa-471e-4413-897f-23f68c88c89c,2026-01-15T11:40:05.720Z,POP,90,BRUJERÍA,O10,spanish,female,10-19,no
ad6ea9b0-df0b-4c6f-b7f6-137e2a09d67f,2026-01-15T11:40:10.941Z,ENTORNO,55,MARÍTIMO,I25,spanish,male,30-39,no
e8a17a7d-0738-418d-9dfb-608cf1ef184f,2026-01-15T11:40:18.562Z,ENTORNO,52,PIEL,H10,spanish,prefer-not-to-say,20-29,no
bf678d5b-1f90-4a1b-b493-49444d4fe21e,2026-01-15T11:40:19.914Z,PIEDRA,30,PERLA,H17,spanish,male,10-19,no
ad6ea9b0-df0b-4c6f-b7f6-137e2a09d67f,2026-01-15T11:40:23.621Z,ENTORNO,52,PIEL,H12,spanish,male,30-39,no
898f1363-3966-48b3-8194-1473704a071c,2026-01-15T11:40:33.337Z,PLANTA,47,CLAVEL,G13,spanish,male,20-29,no
ad6ea9b0-df0b-4c6f-b7f6-137e2a09d67f,2026-01-15T11:40:36.053Z,PLANTA,44,LAVANDA,F20,spanish,male,30-39,no
ad6ea9b0-df0b-4c6f-b7f6-137e2a09d67f,2026-01-15T11:41:50.829Z,COMESTIBLE,23,ESPÁRRAGO,P10,spanish,male,30-39,no
ad6ea9b0-df0b-4c6f-b7f6-137e2a09d67f,2026-01-15T11:42:01.637Z,PIEDRA,40,ESMERALDA,O11,spanish,male,30-39,no
ad6ea9b0-df0b-4c6f-b7f6-137e2a09d67f,2026-01-15T11:42:11.509Z,ANIMAL,1,SALMÓN,E10,spanish,male,30-39,no
ad6ea9b0-df0b-4c6f-b7f6-137e2a09d67f,2026-01-15T11:42:21.909Z,COMESTIBLE,22,BERENJENA,E29,spanish,male,30-39,no
ad6ea9b0-df0b-4c6f-b7f6-137e2a09d67f,2026-01-15T11:42:30.909Z,PIEDRA,31,AMATISTA,E23,spanish,male,30-39,no
ad6ea9b0-df0b-4c6f-b7f6-137e2a09d67f,2026-01-15T11:42:38.101Z,ANIMAL,4,FLAMENCO,E16,spanish,male,30-39,no
ad6ea9b0-df0b-4c6f-b7f6-137e2a09d67f,2026-01-15T11:42:46.477Z,PLANTA,50,MADERA,B1,spanish,male,30-39,no
ad6ea9b0-df0b-4c6f-b7f6-137e2a09d67f,2026-01-15T11:43:01.261Z,SUBJETIVO,68,PAZ,I17,spanish,male,30-39,no
541735a1-941f-4294-9292-88f1c6586fe1,2026-01-15T11:47:40.589Z,ENTORNO,51,HURACÁN,I17,spanish,prefer-not-to-say,70,no
541735a1-941f-4294-9292-88f1c6586fe1,2026-01-15T11:47:50.509Z,ANIMAL,2,BALLENA,I19,spanish,prefer-not-to-say,70,no
541735a1-941f-4294-9292-88f1c6586fe1,2026-01-15T11:48:00.837Z,POP,94,FLASH,A10,spanish,prefer-not-to-say,70,no
541735a1-941f-4294-9292-88f1c6586fe1,2026-01-15T11:48:24.381Z,SUBJETIVO,66,SUEÑO,I18,spanish,prefer-not-to-say,70,no
541735a1-941f-4294-9292-88f1c6586fe1,2026-01-15T11:48:33.732Z,COMESTIBLE,23,ESPÁRRAGO,P17,spanish,prefer-not-to-say,70,no
541735a1-941f-4294-9292-88f1c6586fe1,2026-01-15T11:48:50.749Z,COMESTIBLE,27,PLÁTANO,J7,spanish,prefer-not-to-say,70,no
541735a1-941f-4294-9292-88f1c6586fe1,2026-01-15T11:49:01.605Z,PLANTA,41,GIRASOL,H2,spanish,prefer-not-to-say,70,no
541735a1-941f-4294-9292-88f1c6586fe1,2026-01-15T11:49:32.021Z,PIEDRA,30,PERLA,I15,spanish,prefer-not-to-say,70,no
541735a1-941f-4294-9292-88f1c6586fe1,2026-01-15T11:49:42.725Z,PLANTA,48,CORAL,H16,spanish,prefer-not-to-say,70,no
541735a1-941f-4294-9292-88f1c6586fe1,2026-01-15T11:49:52.237Z,SUBJETIVO,69,IRA,A11,spanish,prefer-not-to-say,70,no
17209528-765c-4176-a3dc-80c9a7f87f15,2026-01-15T13:21:39.890Z,PLANTA,43,MALVA,D21,spanish,male,40-49,no
17209528-765c-4176-a3dc-80c9a7f87f15,2026-01-15T13:22:10.200Z,POP,93,SIMPSON,J5,spanish,male,40-49,no
17209528-765c-4176-a3dc-80c9a7f87f15,2026-01-15T13:22:27.551Z,COMESTIBLE,27,PLÁTANO,I4,spanish,male,40-49,no
17209528-765c-4176-a3dc-80c9a7f87f15,2026-01-15T13:22:47.868Z,SUBJETIVO,80,ESPERANZA,M12,spanish,male,40-49,no
17209528-765c-4176-a3dc-80c9a7f87f15,2026-01-15T13:23:03.698Z,ENTORNO,53,FUEGO,K4,spanish,male,40-49,no
17209528-765c-4176-a3dc-80c9a7f87f15,2026-01-15T13:23:26.502Z,PIEDRA,40,ESMERALDA,O13,spanish,male,40-49,no
17209528-765c-4176-a3dc-80c9a7f87f15,2026-01-15T13:23:39.485Z,PIEDRA,39,LADRILLO,D9,spanish,male,40-49,no
17209528-765c-4176-a3dc-80c9a7f87f15,2026-01-15T13:23:59.142Z,SUBJETIVO,79,PRIMAVERA,E13,spanish,male,40-49,no
17209528-765c-4176-a3dc-80c9a7f87f15,2026-01-15T13:24:16.975Z,ANIMAL,1,SALMÓN,F11,spanish,male,40-49,no
17209528-765c-4176-a3dc-80c9a7f87f15,2026-01-15T13:24:27.271Z,ENTORNO,63,SANGRE,A9,spanish,male,40-49,no
17209528-765c-4176-a3dc-80c9a7f87f15,2026-01-15T13:24:44.780Z,POP,95,MONST. GALLETA,J25,spanish,male,40-49,no
17209528-765c-4176-a3dc-80c9a7f87f15,2026-01-15T13:24:58.492Z,PLANTA,45,AMAPOLA,C9,spanish,male,40-49,no
17209528-765c-4176-a3dc-80c9a7f87f15,2026-01-15T13:25:11.541Z,ANIMAL,6,GRILLO,N9,spanish,male,40-49,no
17209528-765c-4176-a3dc-80c9a7f87f15,2026-01-15T13:25:30.948Z,COMESTIBLE,26,HUEVO,I14,spanish,male,40-49,no
c5b625eb-0902-41b2-876a-23430f39370c,2026-01-15T15:45:10.894Z,POP,87,BARBIE,C16,spanish,male,20-29,no
c5b625eb-0902-41b2-876a-23430f39370c,2026-01-15T15:45:27.435Z,SUBJETIVO,65,VERGÜENZA,K30,spanish,male,20-29,no
c5b625eb-0902-41b2-876a-23430f39370c,2026-01-15T15:45:44.330Z,PLANTA,43,MALVA,O29,spanish,male,20-29,no
c5b625eb-0902-41b2-876a-23430f39370c,2026-01-15T15:45:57.342Z,ANIMAL,10,MARIQUITA,A15,spanish,male,20-29,no
c5b625eb-0902-41b2-876a-23430f39370c,2026-01-15T15:46:09.272Z,COMESTIBLE,16,KIWI,O7,spanish,male,20-29,no
c5b625eb-0902-41b2-876a-23430f39370c,2026-01-15T15:46:21.135Z,POP,98,STITCH,L28,spanish,male,20-29,no
c5b625eb-0902-41b2-876a-23430f39370c,2026-01-15T15:46:31.554Z,ENTORNO,61,CIELO,N28,spanish,male,20-29,no
c5b625eb-0902-41b2-876a-23430f39370c,2026-01-15T15:46:38.467Z,ENTORNO,62,RAYO,J2,spanish,male,20-29,no
c5b625eb-0902-41b2-876a-23430f39370c,2026-01-15T15:46:51.716Z,PIEDRA,32,ZAFIRO,C27,spanish,male,20-29,no
c5b625eb-0902-41b2-876a-23430f39370c,2026-01-15T15:46:58.870Z,PLANTA,46,TRIGO,I3,spanish,male,20-29,no
c5b625eb-0902-41b2-876a-23430f39370c,2026-01-15T15:47:11.729Z,COMESTIBLE,20,PEPINO,P10,spanish,male,20-29,no
c5b625eb-0902-41b2-876a-23430f39370c,2026-01-15T15:47:27.592Z,SUBJETIVO,79,PRIMAVERA,L23,spanish,male,20-29,no
c5b625eb-0902-41b2-876a-23430f39370c,2026-01-15T15:47:36.913Z,PIEDRA,38,AMBAR,A10,spanish,male,20-29,no
c5b625eb-0902-41b2-876a-23430f39370c,2026-01-15T15:47:45.794Z,ANIMAL,9,TIGRE,E6,spanish,male,20-29,no
ad3467db-57ac-4688-80f4-7d37c3ab67e7,2026-01-16T11:04:22.420Z,PIEDRA,35,JADE,O14,spanish,male,10-19,no
ed1006ec-6556-4f95-9942-b5a1db428b6b,2026-01-16T11:04:45.979Z,POP,89,PITUFO,M27,spanish,male,10-19,no
ad3467db-57ac-4688-80f4-7d37c3ab67e7,2026-01-16T11:04:51.564Z,POP,83,TRACTOR,I2,spanish,male,10-19,no
2d965903-618e-459c-9f8a-91b4e2bc5823,2026-01-16T11:04:55.995Z,ENTORNO,57,CÉSPED,O10,spanish,female,20-29,no
ad3467db-57ac-4688-80f4-7d37c3ab67e7,2026-01-16T11:05:15.036Z,PLANTA,42,ALBAHACA,O8,spanish,male,10-19,no
ed1006ec-6556-4f95-9942-b5a1db428b6b,2026-01-16T11:05:22.659Z,ENTORNO,52,PIEL,G5,spanish,male,10-19,no
ad3467db-57ac-4688-80f4-7d37c3ab67e7,2026-01-16T11:05:34.894Z,SUBJETIVO,80,ESPERANZA,P30,spanish,male,10-19,no
1916c622-335b-4717-b9da-a1432bd1332a,2026-01-16T11:05:35.682Z,SUBJETIVO,68,PAZ,I15,spanish,male,10-19,no
ed1006ec-6556-4f95-9942-b5a1db428b6b,2026-01-16T11:05:42.971Z,PLANTA,48,CORAL,P19,spanish,male,10-19,no
ba178f78-7387-4ba5-8744-a7f1143183bc,2026-01-16T11:05:49.943Z,COMESTIBLE,17,CALABAZA,E4,spanish,male,10-19,no
ad3467db-57ac-4688-80f4-7d37c3ab67e7,2026-01-16T11:05:56.092Z,ANIMAL,11,RANA,P11,spanish,male,10-19,no
ed1006ec-6556-4f95-9942-b5a1db428b6b,2026-01-16T11:06:01.915Z,POP,86,HULK,P10,spanish,male,10-19,no
c8bd2c5a-6f6f-4f3e-b8bb-b33363bff060,2026-01-16T11:06:07.639Z,SUBJETIVO,68,PAZ,C8,spanish,female,10-19,no
ad3467db-57ac-4688-80f4-7d37c3ab67e7,2026-01-16T11:06:10.596Z,PLANTA,45,AMAPOLA,A13,spanish,male,10-19,no
2d965903-618e-459c-9f8a-91b4e2bc5823,2026-01-16T11:06:10.763Z,PLANTA,46,TRIGO,I6,spanish,female,20-29,no
ed1006ec-6556-4f95-9942-b5a1db428b6b,2026-01-16T11:06:17.043Z,PLANTA,45,AMAPOLA,C16,spanish,male,10-19,no
1916c622-335b-4717-b9da-a1432bd1332a,2026-01-16T11:06:27.330Z,PIEDRA,36,TEJA,D4,spanish,male,10-19,no
ed1006ec-6556-4f95-9942-b5a1db428b6b,2026-01-16T11:06:30.538Z,SUBJETIVO,80,ESPERANZA,P15,spanish,male,10-19,no
ad3467db-57ac-4688-80f4-7d37c3ab67e7,2026-01-16T11:06:34.468Z,SUBJETIVO,76,VERANO,E3,spanish,male,10-19,no
2d965903-618e-459c-9f8a-91b4e2bc5823,2026-01-16T11:06:37.826Z,COMESTIBLE,29,REMOLACHA,B17,spanish,female,20-29,no
1916c622-335b-4717-b9da-a1432bd1332a,2026-01-16T11:06:41.722Z,POP,85,PIKACHU,J3,spanish,male,10-19,no
ed1006ec-6556-4f95-9942-b5a1db428b6b,2026-01-16T11:06:42.986Z,ANIMAL,10,MARIQUITA,A14,spanish,male,10-19,no
ad3467db-57ac-4688-80f4-7d37c3ab67e7,2026-01-16T11:06:43.987Z,PIEDRA,36,TEJA,A8,spanish,male,10-19,no
ba178f78-7387-4ba5-8744-a7f1143183bc,2026-01-16T11:06:46.742Z,SUBJETIVO,67,ECOLOGÍA,N9,spanish,male,10-19,no
ed1006ec-6556-4f95-9942-b5a1db428b6b,2026-01-16T11:06:54.586Z,PIEDRA,38,AMBAR,D7,spanish,male,10-19,no
ad3467db-57ac-4688-80f4-7d37c3ab67e7,2026-01-16T11:06:58.484Z,COMESTIBLE,23,ESPÁRRAGO,P12,spanish,male,10-19,no
ed1006ec-6556-4f95-9942-b5a1db428b6b,2026-01-16T11:07:02.915Z,ENTORNO,53,FUEGO,B8,spanish,male,10-19,no
2d965903-618e-459c-9f8a-91b4e2bc5823,2026-01-16T11:07:04.539Z,PIEDRA,33,ORO,F2,spanish,female,20-29,no
33cc07bc-b400-44cb-9331-d5f3347e5efb,2026-01-16T11:07:07.697Z,POP,82,SHRECK,P9,spanish,male,20-29,no
ed1006ec-6556-4f95-9942-b5a1db428b6b,2026-01-16T11:07:15.803Z,ANIMAL,1,SALMÓN,G13,spanish,male,10-19,no
c8bd2c5a-6f6f-4f3e-b8bb-b33363bff060,2026-01-16T11:07:20.329Z,PIEDRA,39,LADRILLO,D7,spanish,female,10-19,no
ed1006ec-6556-4f95-9942-b5a1db428b6b,2026-01-16T11:07:25.538Z,COMESTIBLE,28,TOMATE,B8,spanish,male,10-19,no
2d965903-618e-459c-9f8a-91b4e2bc5823,2026-01-16T11:07:33.498Z,ANIMAL,8,CERDO,H13,spanish,female,20-29,no
1916c622-335b-4717-b9da-a1432bd1332a,2026-01-16T11:07:35.594Z,ANIMAL,11,RANA,N10,spanish,male,10-19,no
ba178f78-7387-4ba5-8744-a7f1143183bc,2026-01-16T11:07:39.078Z,POP,84,SONIC,M30,spanish,male,10-19,no
ed1006ec-6556-4f95-9942-b5a1db428b6b,2026-01-16T11:07:39.130Z,COMESTIBLE,27,PLÁTANO,J3,spanish,male,10-19,no
ed1006ec-6556-4f95-9942-b5a1db428b6b,2026-01-16T11:07:47.947Z,SUBJETIVO,70,ASCO,P11,spanish,male,10-19,no
ad3467db-57ac-4688-80f4-7d37c3ab67e7,2026-01-16T11:07:49.492Z,ANIMAL,1,SALMÓN,D9,spanish,male,10-19,no
1916c622-335b-4717-b9da-a1432bd1332a,2026-01-16T11:07:52.267Z,COMESTIBLE,28,TOMATE,A10,spanish,male,10-19,no
33cc07bc-b400-44cb-9331-d5f3347e5efb,2026-01-16T11:07:53.600Z,SUBJETIVO,66,SUEÑO,J19,spanish,male,20-29,no
ed1006ec-6556-4f95-9942-b5a1db428b6b,2026-01-16T11:07:59.363Z,PIEDRA,34,RUBÍ,A8,spanish,male,10-19,no
2d965903-618e-459c-9f8a-91b4e2bc5823,2026-01-16T11:08:02.059Z,POP,89,PITUFO,L23,spanish,female,20-29,no
ad3467db-57ac-4688-80f4-7d37c3ab67e7,2026-01-16T11:08:06.068Z,ENTORNO,54,ARENA,I7,spanish,male,10-19,no
1916c622-335b-4717-b9da-a1432bd1332a,2026-01-16T11:08:10.410Z,ENTORNO,56,BARRO,B3,spanish,male,10-19,no
ba178f78-7387-4ba5-8744-a7f1143183bc,2026-01-16T11:08:12.366Z,PIEDRA,38,AMBAR,E3,spanish,male,10-19,no
ad3467db-57ac-4688-80f4-7d37c3ab67e7,2026-01-16T11:08:21.660Z,COMESTIBLE,24,MELOCOTÓN,F9,spanish,male,10-19,no
ad3467db-57ac-4688-80f4-7d37c3ab67e7,2026-01-16T11:08:30.388Z,ENTORNO,58,ESTANQUE,O14,spanish,male,10-19,no
33cc07bc-b400-44cb-9331-d5f3347e5efb,2026-01-16T11:08:42.296Z,COMESTIBLE,18,CALABACÍN,P10,spanish,male,20-29,no
ba178f78-7387-4ba5-8744-a7f1143183bc,2026-01-16T11:08:44.286Z,ENTORNO,61,CIELO,K22,spanish,male,10-19,no
ad3467db-57ac-4688-80f4-7d37c3ab67e7,2026-01-16T11:08:46.635Z,POP,89,PITUFO,N27,spanish,male,10-19,no
1916c622-335b-4717-b9da-a1432bd1332a,2026-01-16T11:08:57.354Z,COMESTIBLE,23,ESPÁRRAGO,P5,spanish,male,10-19,no
2d965903-618e-459c-9f8a-91b4e2bc5823,2026-01-16T11:08:57.699Z,POP,96,BLAS (Y EPI),E3,spanish,female,20-29,no
ba178f78-7387-4ba5-8744-a7f1143183bc,2026-01-16T11:09:11.206Z,SUBJETIVO,72,SOLEDAD,F29,spanish,male,10-19,no
33cc07bc-b400-44cb-9331-d5f3347e5efb,2026-01-16T11:09:10.585Z,POP,89,PITUFO,M25,spanish,male,20-29,no
2d965903-618e-459c-9f8a-91b4e2bc5823,2026-01-16T11:09:18.379Z,ANIMAL,9,TIGRE,E4,spanish,female,20-29,no
2054e7af-fd96-4860-857e-9dbd5f94e443,2026-01-16T11:09:24.468Z,SUBJETIVO,80,ESPERANZA,A13,spanish,male,10-19,no
2054e7af-fd96-4860-857e-9dbd5f94e443,2026-01-16T11:09:30.947Z,ENTORNO,58,ESTANQUE,P15,spanish,male,10-19,no
2054e7af-fd96-4860-857e-9dbd5f94e443,2026-01-16T11:09:36.739Z,POP,100,ELMO,A13,spanish,male,10-19,no
33cc07bc-b400-44cb-9331-d5f3347e5efb,2026-01-16T11:09:37.136Z,PIEDRA,39,LADRILLO,B3,spanish,male,20-29,no
ba178f78-7387-4ba5-8744-a7f1143183bc,2026-01-16T11:09:38.014Z,ANIMAL,8,CERDO,H15,spanish,male,10-19,no
c8bd2c5a-6f6f-4f3e-b8bb-b33363bff060,2026-01-16T11:09:39.570Z,PIEDRA,38,AMBAR,G30,spanish,female,10-19,no
2054e7af-fd96-4860-857e-9dbd5f94e443,2026-01-16T11:09:52.084Z,PIEDRA,32,ZAFIRO,I30,spanish,male,10-19,no
ba178f78-7387-4ba5-8744-a7f1143183bc,2026-01-16T11:09:52.870Z,ENTORNO,63,SANGRE,B12,spanish,male,10-19,no
33cc07bc-b400-44cb-9331-d5f3347e5efb,2026-01-16T11:09:55.856Z,PLANTA,47,CLAVEL,B8,spanish,male,20-29,no
1916c622-335b-4717-b9da-a1432bd1332a,2026-01-16T11:09:57.106Z,POP,91,EPI (Y BLAS),E5,spanish,male,10-19,no
2054e7af-fd96-4860-857e-9dbd5f94e443,2026-01-16T11:10:01.302Z,POP,92,GRINCH,P15,spanish,male,10-19,no
2054e7af-fd96-4860-857e-9dbd5f94e443,2026-01-16T11:10:10.324Z,ANIMAL,13,SAPO,A2,spanish,male,10-19,no
ba178f78-7387-4ba5-8744-a7f1143183bc,2026-01-16T11:10:10.686Z,PLANTA,48,CORAL,G15,spanish,male,10-19,no
1916c622-335b-4717-b9da-a1432bd1332a,2026-01-16T11:10:17.074Z,ANIMAL,7,CANARIO,J7,spanish,male,10-19,no
ba178f78-7387-4ba5-8744-a7f1143183bc,2026-01-16T11:10:24.854Z,POP,81,FEMINISMO,A30,spanish,male,10-19,no
90d9a920-67cf-43d3-9703-eead4cd2bdbf,2026-01-16T11:10:25.595Z,ANIMAL,10,MARIQUITA,A13,spanish,male,10-19,no
2d965903-618e-459c-9f8a-91b4e2bc5823,2026-01-16T11:10:26.394Z,ENTORNO,59,AMANECER,D4,spanish,female,20-29,no
33cc07bc-b400-44cb-9331-d5f3347e5efb,2026-01-16T11:10:28.312Z,ENTORNO,55,MARÍTIMO,K29,spanish,male,20-29,no
90d9a920-67cf-43d3-9703-eead4cd2bdbf,2026-01-16T11:10:32.882Z,PLANTA,48,CORAL,G20,spanish,male,10-19,no
2d965903-618e-459c-9f8a-91b4e2bc5823,2026-01-16T11:10:39.323Z,SUBJETIVO,72,SOLEDAD,I16,spanish,female,20-29,no
ba178f78-7387-4ba5-8744-a7f1143183bc,2026-01-16T11:10:40.197Z,ANIMAL,12,AXOLOTE,C16,spanish,male,10-19,no
90d9a920-67cf-43d3-9703-eead4cd2bdbf,2026-01-16T11:10:46.339Z,SUBJETIVO,78,INVIERNO,K29,spanish,male,10-19,no
2054e7af-fd96-4860-857e-9dbd5f94e443,2026-01-16T11:10:49.180Z,COMESTIBLE,16,KIWI,A1,spanish,male,10-19,no
1916c622-335b-4717-b9da-a1432bd1332a,2026-01-16T11:10:49.234Z,PLANTA,44,LAVANDA,C25,spanish,male,10-19,no
c8bd2c5a-6f6f-4f3e-b8bb-b33363bff060,2026-01-16T11:10:49.710Z,ENTORNO,56,BARRO,A7,spanish,female,10-19,no
33cc07bc-b400-44cb-9331-d5f3347e5efb,2026-01-16T11:10:50.848Z,PIEDRA,38,AMBAR,E2,spanish,male,20-29,no
90d9a920-67cf-43d3-9703-eead4cd2bdbf,2026-01-16T11:10:56.642Z,ENTORNO,53,FUEGO,B7,spanish,male,10-19,no
90d9a920-67cf-43d3-9703-eead4cd2bdbf,2026-01-16T11:11:07.866Z,PLANTA,41,GIRASOL,J2,spanish,male,10-19,no
2d965903-618e-459c-9f8a-91b4e2bc5823,2026-01-16T11:11:19.435Z,PLANTA,45,AMAPOLA,A10,spanish,female,20-29,no
2054e7af-fd96-4860-857e-9dbd5f94e443,2026-01-16T11:11:19.180Z,COMESTIBLE,23,ESPÁRRAGO,P4,spanish,male,10-19,no
90d9a920-67cf-43d3-9703-eead4cd2bdbf,2026-01-16T11:11:20.603Z,COMESTIBLE,22,BERENJENA,C28,spanish,male,10-19,no
ba178f78-7387-4ba5-8744-a7f1143183bc,2026-01-16T11:11:21.262Z,PIEDRA,39,LADRILLO,C9,spanish,male,10-19,no
1916c622-335b-4717-b9da-a1432bd1332a,2026-01-16T11:11:23.050Z,PIEDRA,33,ORO,I1,spanish,male,10-19,no
33cc07bc-b400-44cb-9331-d5f3347e5efb,2026-01-16T11:11:24.880Z,ANIMAL,9,TIGRE,D5,spanish,male,20-29,no
2054e7af-fd96-4860-857e-9dbd5f94e443,2026-01-16T11:11:31.019Z,PLANTA,46,TRIGO,F2,spanish,male,10-19,no
90d9a920-67cf-43d3-9703-eead4cd2bdbf,2026-01-16T11:11:32.283Z,POP,94,FLASH,A8,spanish,male,10-19,no
ba178f78-7387-4ba5-8744-a7f1143183bc,2026-01-16T11:11:41.686Z,COMESTIBLE,25,MANZANA,N6,spanish,male,10-19,no
2054e7af-fd96-4860-857e-9dbd5f94e443,2026-01-16T11:11:41.828Z,ENTORNO,62,RAYO,L23,spanish,male,10-19,no
90d9a920-67cf-43d3-9703-eead4cd2bdbf,2026-01-16T11:11:42.467Z,POP,83,TRACTOR,N9,spanish,male,10-19,no
1916c622-335b-4717-b9da-a1432bd1332a,2026-01-16T11:11:44.275Z,ENTORNO,63,SANGRE,A8,spanish,male,10-19,no
2d965903-618e-459c-9f8a-91b4e2bc5823,2026-01-16T11:11:44.178Z,SUBJETIVO,68,PAZ,I14,spanish,female,20-29,no
2054e7af-fd96-4860-857e-9dbd5f94e443,2026-01-16T11:11:52.316Z,SUBJETIVO,78,INVIERNO,I17,spanish,male,10-19,no
90d9a920-67cf-43d3-9703-eead4cd2bdbf,2026-01-16T11:11:55.019Z,ENTORNO,61,CIELO,K20,spanish,male,10-19,no
c8bd2c5a-6f6f-4f3e-b8bb-b33363bff060,2026-01-16T11:11:58.649Z,SUBJETIVO,66,SUEÑO,O29,spanish,female,10-19,no
2d965903-618e-459c-9f8a-91b4e2bc5823,2026-01-16T11:12:00.715Z,PIEDRA,38,AMBAR,E6,spanish,female,20-29,no
90d9a920-67cf-43d3-9703-eead4cd2bdbf,2026-01-16T11:12:04.091Z,SUBJETIVO,65,VERGÜENZA,B18,spanish,male,10-19,no
1916c622-335b-4717-b9da-a1432bd1332a,2026-01-16T11:12:06.018Z,SUBJETIVO,77,OTOÑO,D6,spanish,male,10-19,no
2054e7af-fd96-4860-857e-9dbd5f94e443,2026-01-16T11:12:13.452Z,ANIMAL,6,GRILLO,B3,spanish,male,10-19,no
90d9a920-67cf-43d3-9703-eead4cd2bdbf,2026-01-16T11:12:15.771Z,PIEDRA,32,ZAFIRO,M25,spanish,male,10-19,no
c8bd2c5a-6f6f-4f3e-b8bb-b33363bff060,2026-01-16T11:12:17.693Z,ANIMAL,5,ZORRO,A14,spanish,female,10-19,no
33cc07bc-b400-44cb-9331-d5f3347e5efb,2026-01-16T11:12:18.736Z,COMESTIBLE,16,KIWI,N10,spanish,male,20-29,no
90d9a920-67cf-43d3-9703-eead4cd2bdbf,2026-01-16T11:12:25.682Z,PIEDRA,34,RUBÍ,B8,spanish,male,10-19,no
1916c622-335b-4717-b9da-a1432bd1332a,2026-01-16T11:12:26.146Z,PLANTA,50,MADERA,C3,spanish,male,10-19,no
2d965903-618e-459c-9f8a-91b4e2bc5823,2026-01-16T11:12:31.794Z,COMESTIBLE,20,PEPINO,P10,spanish,female,20-29,no
33cc07bc-b400-44cb-9331-d5f3347e5efb,2026-01-16T11:12:34.624Z,ANIMAL,8,CERDO,G14,spanish,male,20-29,no
ba178f78-7387-4ba5-8744-a7f1143183bc,2026-01-16T11:12:36.798Z,PLANTA,45,AMAPOLA,A9,spanish,male,10-19,no
90d9a920-67cf-43d3-9703-eead4cd2bdbf,2026-01-16T11:12:36.738Z,ANIMAL,9,TIGRE,I2,spanish,male,10-19,no
90d9a920-67cf-43d3-9703-eead4cd2bdbf,2026-01-16T11:12:43.099Z,COMESTIBLE,20,PEPINO,O14,spanish,male,10-19,no
33cc07bc-b400-44cb-9331-d5f3347e5efb,2026-01-16T11:12:54.888Z,SUBJETIVO,74,TRISTEZA,N30,spanish,male,20-29,no
33cc07bc-b400-44cb-9331-d5f3347e5efb,2026-01-16T11:13:10.008Z,PLANTA,41,GIRASOL,H1,spanish,male,20-29,no
33cc07bc-b400-44cb-9331-d5f3347e5efb,2026-01-16T11:13:17.904Z,ENTORNO,56,BARRO,A1,spanish,male,20-29,no
de4fc9ef-29ad-45b2-bd7d-bda88ded7420,2026-01-20T08:45:54.783Z,ENTORNO,63,SANGRE,A8,spanish,female,30-39,no
de4fc9ef-29ad-45b2-bd7d-bda88ded7420,2026-01-20T08:46:20.074Z,ENTORNO,60,MUSGO,P10,spanish,female,30-39,no
de4fc9ef-29ad-45b2-bd7d-bda88ded7420,2026-01-20T08:46:38.666Z,ANIMAL,8,CERDO,G12,spanish,female,30-39,no
de4fc9ef-29ad-45b2-bd7d-bda88ded7420,2026-01-20T08:46:59.380Z,ANIMAL,3,PARDO,A1,spanish,female,30-39,no
de4fc9ef-29ad-45b2-bd7d-bda88ded7420,2026-01-20T08:47:15.870Z,PIEDRA,31,AMATISTA,C30,spanish,female,30-39,no
de4fc9ef-29ad-45b2-bd7d-bda88ded7420,2026-01-20T08:47:36.531Z,SUBJETIVO,68,PAZ,I17,spanish,female,30-39,no
de4fc9ef-29ad-45b2-bd7d-bda88ded7420,2026-01-20T08:47:53.903Z,PIEDRA,40,ESMERALDA,P23,spanish,female,30-39,no
de4fc9ef-29ad-45b2-bd7d-bda88ded7420,2026-01-20T08:48:08.099Z,PLANTA,41,GIRASOL,J6,spanish,female,30-39,no
de4fc9ef-29ad-45b2-bd7d-bda88ded7420,2026-01-20T08:48:19.331Z,COMESTIBLE,23,ESPÁRRAGO,P10,spanish,female,30-39,no
de4fc9ef-29ad-45b2-bd7d-bda88ded7420,2026-01-20T08:48:35.784Z,POP,96,BLAS (Y EPI),G1,spanish,female,30-39,no
de4fc9ef-29ad-45b2-bd7d-bda88ded7420,2026-01-20T08:48:48.454Z,COMESTIBLE,22,BERENJENA,C30,spanish,female,30-39,no
de4fc9ef-29ad-45b2-bd7d-bda88ded7420,2026-01-20T08:49:02.006Z,SUBJETIVO,74,TRISTEZA,A1,spanish,female,30-39,no
de4fc9ef-29ad-45b2-bd7d-bda88ded7420,2026-01-20T08:49:22.513Z,POP,100,ELMO,A9,spanish,female,30-39,no
de4fc9ef-29ad-45b2-bd7d-bda88ded7420,2026-01-20T08:49:33.309Z,PLANTA,49,MENTA,P12,spanish,female,30-39,no
b0c18e9f-27d9-46a6-8043-b51d5367fbd6,2026-01-25T08:16:28.903Z,ANIMAL,10,LADYBUG,A12,english,female,40-49,no
b0c18e9f-27d9-46a6-8043-b51d5367fbd6,2026-01-25T08:16:57.173Z,FOOD,24,PEACH,E12,english,female,40-49,no
b0c18e9f-27d9-46a6-8043-b51d5367fbd6,2026-01-25T08:17:12.601Z,ENVIRONMENT,61,SKY,J20,english,female,40-49,no
b0c18e9f-27d9-46a6-8043-b51d5367fbd6,2026-01-25T08:17:22.532Z,PLANT,46,WHEAT,I4,english,female,40-49,no
b0c18e9f-27d9-46a6-8043-b51d5367fbd6,2026-01-25T08:17:34.581Z,POP,93,SIMPSON,J2,english,female,40-49,no
b0c18e9f-27d9-46a6-8043-b51d5367fbd6,2026-01-25T08:17:58.362Z,PLANT,48,CORAL,I12,english,female,40-49,no
b0c18e9f-27d9-46a6-8043-b51d5367fbd6,2026-01-25T08:18:12.892Z,FOOD,19,GRAPE,F29,english,female,40-49,no
b0c18e9f-27d9-46a6-8043-b51d5367fbd6,2026-01-25T08:18:32.759Z,POP,84,SONIC,L29,english,female,40-49,no
b0c18e9f-27d9-46a6-8043-b51d5367fbd6,2026-01-25T08:18:44.691Z,SUBJETIVE,75,TOXIC,M13,english,female,40-49,no
b0c18e9f-27d9-46a6-8043-b51d5367fbd6,2026-01-25T08:18:56.724Z,STONE,40,EMERALD,C25,english,female,40-49,no
b0c18e9f-27d9-46a6-8043-b51d5367fbd6,2026-01-25T08:19:17.099Z,STONE,38,AMBER,D2,english,female,40-49,no
b0c18e9f-27d9-46a6-8043-b51d5367fbd6,2026-01-25T08:19:29.194Z,ANIMAL,13,TOAD,P2,english,female,40-49,no
b0c18e9f-27d9-46a6-8043-b51d5367fbd6,2026-01-25T08:19:39.965Z,ENVIRONMENT,54,SAND,J8,english,female,40-49,no
b0c18e9f-27d9-46a6-8043-b51d5367fbd6,2026-01-25T08:19:57.106Z,SUBJETIVE,67,ECOLOGY,I13,english,female,40-49,no
09b01543-5c63-45fb-ada8-4eebdefcfe39,2026-01-26T07:59:22.598Z,SUBJETIVE,76,SUMMER,F4,english,female,30-39,no
09b01543-5c63-45fb-ada8-4eebdefcfe39,2026-01-26T07:59:38.366Z,ENVIRONMENT,58,POND,M22,english,female,30-39,no
09b01543-5c63-45fb-ada8-4eebdefcfe39,2026-01-26T08:00:00.766Z,POP,94,FLASH,E5,english,female,30-39,no
09b01543-5c63-45fb-ada8-4eebdefcfe39,2026-01-26T08:00:11.442Z,ANIMAL,5,FOX,D7,english,female,30-39,no
09b01543-5c63-45fb-ada8-4eebdefcfe39,2026-01-26T08:17:02.085Z,SUBJETIVE,69,RAGE,A10,english,female,30-39,no
09b01543-5c63-45fb-ada8-4eebdefcfe39,2026-01-26T08:17:11.298Z,PLANT,50,WOOD,B1,english,female,30-39,no
09b01543-5c63-45fb-ada8-4eebdefcfe39,2026-01-26T08:17:19.367Z,ANIMAL,9,TIGER,D7,english,female,30-39,no
09b01543-5c63-45fb-ada8-4eebdefcfe39,2026-01-26T08:17:30.898Z,FOOD,16,KIWI,M9,english,female,30-39,no
09b01543-5c63-45fb-ada8-4eebdefcfe39,2026-01-26T08:17:46.169Z,STONE,31,AMETHYST,G23,english,female,30-39,no
09b01543-5c63-45fb-ada8-4eebdefcfe39,2026-01-26T08:17:58.489Z,POP,100,ELMO,A14,english,female,30-39,no
09b01543-5c63-45fb-ada8-4eebdefcfe39,2026-01-26T08:18:10.039Z,ENVIRONMENT,54,SAND,G5,english,female,30-39,no
09b01543-5c63-45fb-ada8-4eebdefcfe39,2026-01-26T08:18:23.988Z,PLANT,42,BASIL,M8,english,female,30-39,no
09b01543-5c63-45fb-ada8-4eebdefcfe39,2026-01-26T08:18:34.865Z,FOOD,27,BANANA,J4,english,female,30-39,no
27ba8ca2-1bc3-4cf9-b076-9d5ce7886694,2026-02-10T17:09:18.749Z,ANIMAL,9,TIGRE,K6,spanish,female,60-69,no
27ba8ca2-1bc3-4cf9-b076-9d5ce7886694,2026-02-10T17:09:53.097Z,ANIMAL,4,FLAMENCO,C16,spanish,female,60-69,no
27ba8ca2-1bc3-4cf9-b076-9d5ce7886694,2026-02-10T17:10:18.931Z,COMESTIBLE,27,PLÁTANO,L3,spanish,female,60-69,no
27ba8ca2-1bc3-4cf9-b076-9d5ce7886694,2026-02-10T17:10:38.131Z,PLANTA,44,LAVANDA,M29,spanish,female,60-69,no
27ba8ca2-1bc3-4cf9-b076-9d5ce7886694,2026-02-10T17:11:11.348Z,SUBJETIVO,70,ASCO,A3,spanish,female,60-69,no
27ba8ca2-1bc3-4cf9-b076-9d5ce7886694,2026-02-10T17:11:42.582Z,PIEDRA,35,JADE,N25,spanish,female,60-69,no
27ba8ca2-1bc3-4cf9-b076-9d5ce7886694,2026-02-10T17:12:08.415Z,ENTORNO,61,CIELO,L24,spanish,female,60-69,no
27ba8ca2-1bc3-4cf9-b076-9d5ce7886694,2026-02-10T17:12:36.315Z,POP,95,MONST. GALLETA,N28,spanish,female,60-69,no
27ba8ca2-1bc3-4cf9-b076-9d5ce7886694,2026-02-10T17:13:05.332Z,ENTORNO,64,ATARDECER,F3,spanish,female,60-69,no
27ba8ca2-1bc3-4cf9-b076-9d5ce7886694,2026-02-10T17:13:22.468Z,PLANTA,43,MALVA,A26,spanish,female,60-69,no
27ba8ca2-1bc3-4cf9-b076-9d5ce7886694,2026-02-10T17:13:46.601Z,SUBJETIVO,73,PELIGRO,A11,spanish,female,60-69,no
27ba8ca2-1bc3-4cf9-b076-9d5ce7886694,2026-02-10T17:14:12.467Z,PIEDRA,36,TEJA,B7,spanish,female,60-69,no
27ba8ca2-1bc3-4cf9-b076-9d5ce7886694,2026-02-10T17:14:33.218Z,POP,89,PITUFO,L25,spanish,female,60-69,no
27ba8ca2-1bc3-4cf9-b076-9d5ce7886694,2026-02-10T17:15:06.452Z,COMESTIBLE,22,BERENJENA,D30,spanish,female,60-69,no
27ba8ca2-1bc3-4cf9-b076-9d5ce7886694,2026-02-10T17:15:35.618Z,COMESTIBLE,22,BERENJENA,D30,spanish,female,60-69,no
2cf5bf1e-2005-4f74-94ce-8a996e0c646a,2026-02-16T10:35:56.782Z,PLANTA,50,MADERA,A4,spanish,female,20-29,no
68666353-9688-422b-87c8-5562f056b3e2,2026-02-17T11:15:30.187Z,POP,91,EPI (Y BLAS),H15,spanish,male,10-19,no
5bee56d1-720c-4dbe-962b-deea79647c6c,2026-02-17T11:15:45.458Z,PLANTA,50,MADERA,B2,spanish,female,10-19,no
e31ccf91-1260-42c2-8707-4c93843398eb,2026-02-17T11:16:01.840Z,PLANTA,44,LAVANDA,B26,spanish,male,10-19,no
453fde1e-b5ae-4534-bd3c-e95fca5c9427,2026-02-17T11:16:04.753Z,PIEDRA,34,RUBÍ,A13,spanish,male,10-19,no
5bee56d1-720c-4dbe-962b-deea79647c6c,2026-02-17T11:16:23.450Z,POP,81,FEMINISMO,B29,spanish,female,10-19,no
a57ae0d8-76f4-4670-9976-264702e8a68d,2026-02-17T11:16:24.777Z,PLANTA,49,MENTA,K22,spanish,male,10-19,no
ba2ab0f7-8229-4d86-9b68-62ec7febfc9c,2026-02-17T11:16:27.060Z,SUBJETIVO,77,OTOÑO,E5,spanish,male,10-19,no
c52b3b25-1351-464c-9569-01c1ae87b4e2,2026-02-17T11:16:28.045Z,ANIMAL,4,FLAMENCO,F15,spanish,male,10-19,no
f95f9808-3bc8-4bc7-ad16-f77e9492a483,2026-02-17T11:16:30.398Z,PIEDRA,40,ESMERALDA,N11,spanish,male,10-19,no
1575ee3b-c4ee-43f7-9f7c-115fbb4ec892,2026-02-17T11:16:31.852Z,SUBJETIVO,76,VERANO,E3,spanish,male,10-19,no
60d2be28-3761-474d-bb69-f1bb7de6c932,2026-02-17T11:16:34.597Z,PLANTA,42,ALBAHACA,N10,spanish,male,10-19,no
453fde1e-b5ae-4534-bd3c-e95fca5c9427,2026-02-17T11:16:38.948Z,ANIMAL,5,ZORRO,D5,spanish,male,10-19,no
e31ccf91-1260-42c2-8707-4c93843398eb,2026-02-17T11:16:41.092Z,PLANTA,45,AMAPOLA,A14,spanish,male,10-19,no
ba2ab0f7-8229-4d86-9b68-62ec7febfc9c,2026-02-17T11:16:44.563Z,POP,81,FEMINISMO,A20,spanish,male,10-19,no
a57ae0d8-76f4-4670-9976-264702e8a68d,2026-02-17T11:16:46.807Z,ENTORNO,64,ATARDECER,E8,spanish,male,10-19,no
5bee56d1-720c-4dbe-962b-deea79647c6c,2026-02-17T11:16:50.696Z,COMESTIBLE,19,UVA,L6,spanish,female,10-19,no
68666353-9688-422b-87c8-5562f056b3e2,2026-02-17T11:16:54.177Z,ENTORNO,58,ESTANQUE,L26,spanish,male,10-19,no
e31ccf91-1260-42c2-8707-4c93843398eb,2026-02-17T11:16:52.673Z,PIEDRA,37,LAPISLÁZULI,I30,spanish,male,10-19,no
453fde1e-b5ae-4534-bd3c-e95fca5c9427,2026-02-17T11:16:57.297Z,COMESTIBLE,16,KIWI,O13,spanish,male,10-19,no
f95f9808-3bc8-4bc7-ad16-f77e9492a483,2026-02-17T11:16:57.615Z,COMESTIBLE,23,ESPÁRRAGO,M13,spanish,male,10-19,no
ba2ab0f7-8229-4d86-9b68-62ec7febfc9c,2026-02-17T11:16:57.386Z,COMESTIBLE,20,PEPINO,P11,spanish,male,10-19,no
e31ccf91-1260-42c2-8707-4c93843398eb,2026-02-17T11:17:03.766Z,ENTORNO,55,MARÍTIMO,N29,spanish,male,10-19,no
ba2ab0f7-8229-4d86-9b68-62ec7febfc9c,2026-02-17T11:17:08.388Z,COMESTIBLE,18,CALABACÍN,F6,spanish,male,10-19,no
a57ae0d8-76f4-4670-9976-264702e8a68d,2026-02-17T11:17:11.043Z,COMESTIBLE,18,CALABACÍN,A10,spanish,male,10-19,no
60d2be28-3761-474d-bb69-f1bb7de6c932,2026-02-17T11:17:11.118Z,SUBJETIVO,78,INVIERNO,I14,spanish,male,10-19,no
c52b3b25-1351-464c-9569-01c1ae87b4e2,2026-02-17T11:17:11.718Z,ENTORNO,57,CÉSPED,N9,spanish,male,10-19,no
5bee56d1-720c-4dbe-962b-deea79647c6c,2026-02-17T11:17:12.521Z,ANIMAL,10,MARIQUITA,A11,spanish,female,10-19,no
68666353-9688-422b-87c8-5562f056b3e2,2026-02-17T11:17:15.308Z,PIEDRA,33,ORO,K3,spanish,male,10-19,no
e31ccf91-1260-42c2-8707-4c93843398eb,2026-02-17T11:17:14.881Z,ENTORNO,62,RAYO,J4,spanish,male,10-19,no
16debf4d-839f-4db1-b15b-3ff20c639c77,2026-02-17T11:17:12.811Z,ANIMAL,4,FLAMENCO,I15,spanish,male,10-19,no
f95f9808-3bc8-4bc7-ad16-f77e9492a483,2026-02-17T11:17:18.398Z,POP,87,BARBIE,E15,spanish,male,10-19,no
453fde1e-b5ae-4534-bd3c-e95fca5c9427,2026-02-17T11:17:20.557Z,PIEDRA,31,AMATISTA,B24,spanish,male,10-19,no
e31ccf91-1260-42c2-8707-4c93843398eb,2026-02-17T11:17:23.712Z,ANIMAL,12,AXOLOTE,C19,spanish,male,10-19,no
68666353-9688-422b-87c8-5562f056b3e2,2026-02-17T11:17:28.811Z,ENTORNO,62,RAYO,K6,spanish,male,10-19,no
5bee56d1-720c-4dbe-962b-deea79647c6c,2026-02-17T11:17:26.876Z,PIEDRA,39,LADRILLO,C7,spanish,female,10-19,no
60d2be28-3761-474d-bb69-f1bb7de6c932,2026-02-17T11:17:31.870Z,COMESTIBLE,15,LIMA,N5,spanish,male,10-19,no
453fde1e-b5ae-4534-bd3c-e95fca5c9427,2026-02-17T11:17:31.522Z,ENTORNO,62,RAYO,K2,spanish,male,10-19,no
e31ccf91-1260-42c2-8707-4c93843398eb,2026-02-17T11:17:34.124Z,PIEDRA,38,AMBAR,D4,spanish,male,10-19,no
a57ae0d8-76f4-4670-9976-264702e8a68d,2026-02-17T11:17:34.974Z,PIEDRA,37,LAPISLÁZULI,P30,spanish,male,10-19,no
ba2ab0f7-8229-4d86-9b68-62ec7febfc9c,2026-02-17T11:17:38.733Z,ENTORNO,64,ATARDECER,G16,spanish,male,10-19,no
16debf4d-839f-4db1-b15b-3ff20c639c77,2026-02-17T11:17:45.398Z,PLANTA,43,MALVA,C17,spanish,male,10-19,no
68666353-9688-422b-87c8-5562f056b3e2,2026-02-17T11:17:49.064Z,ANIMAL,5,ZORRO,F3,spanish,male,10-19,no
5bee56d1-720c-4dbe-962b-deea79647c6c,2026-02-17T11:17:48.847Z,PLANTA,48,CORAL,C17,spanish,female,10-19,no
ba2ab0f7-8229-4d86-9b68-62ec7febfc9c,2026-02-17T11:17:48.814Z,ENTORNO,52,PIEL,H11,spanish,male,10-19,no
e31ccf91-1260-42c2-8707-4c93843398eb,2026-02-17T11:17:50.981Z,POP,81,FEMINISMO,A30,spanish,male,10-19,no
c52b3b25-1351-464c-9569-01c1ae87b4e2,2026-02-17T11:17:51.122Z,PIEDRA,36,TEJA,B9,spanish,male,10-19,no
a57ae0d8-76f4-4670-9976-264702e8a68d,2026-02-17T11:17:51.680Z,PIEDRA,31,AMATISTA,C16,spanish,male,10-19,no
453fde1e-b5ae-4534-bd3c-e95fca5c9427,2026-02-17T11:17:55.090Z,ANIMAL,12,AXOLOTE,H15,spanish,male,10-19,no
ba2ab0f7-8229-4d86-9b68-62ec7febfc9c,2026-02-17T11:17:56.908Z,ANIMAL,2,BALLENA,K26,spanish,male,10-19,no
e31ccf91-1260-42c2-8707-4c93843398eb,2026-02-17T11:17:58.489Z,SUBJETIVO,77,OTOÑO,B4,spanish,male,10-19,no
5bee56d1-720c-4dbe-962b-deea79647c6c,2026-02-17T11:18:04.934Z,ENTORNO,51,HURACÁN,K22,spanish,female,10-19,no
e31ccf91-1260-42c2-8707-4c93843398eb,2026-02-17T11:18:07.038Z,COMESTIBLE,20,PEPINO,P10,spanish,male,10-19,no
16debf4d-839f-4db1-b15b-3ff20c639c77,2026-02-17T11:18:07.846Z,PIEDRA,36,TEJA,C9,spanish,male,10-19,no
f95f9808-3bc8-4bc7-ad16-f77e9492a483,2026-02-17T11:18:08.735Z,POP,100,ELMO,A10,spanish,male,10-19,no
a57ae0d8-76f4-4670-9976-264702e8a68d,2026-02-17T11:18:10.174Z,ANIMAL,12,AXOLOTE,C15,spanish,male,10-19,no
68666353-9688-422b-87c8-5562f056b3e2,2026-02-17T11:18:13.095Z,POP,99,SUBMARINO,L27,spanish,male,10-19,no
e31ccf91-1260-42c2-8707-4c93843398eb,2026-02-17T11:18:15.414Z,ANIMAL,2,BALLENA,J30,spanish,male,10-19,no
453fde1e-b5ae-4534-bd3c-e95fca5c9427,2026-02-17T11:18:20.545Z,PLANTA,42,ALBAHACA,O11,spanish,male,10-19,no
68666353-9688-422b-87c8-5562f056b3e2,2026-02-17T11:18:23.191Z,COMESTIBLE,17,CALABAZA,E3,spanish,male,10-19,no
16debf4d-839f-4db1-b15b-3ff20c639c77,2026-02-17T11:18:22.569Z,SUBJETIVO,70,ASCO,P11,spanish,male,10-19,no
ba2ab0f7-8229-4d86-9b68-62ec7febfc9c,2026-02-17T11:18:21.386Z,PIEDRA,32,ZAFIRO,I17,spanish,male,10-19,no
c52b3b25-1351-464c-9569-01c1ae87b4e2,2026-02-17T11:18:25.386Z,PLANTA,43,MALVA,D16,spanish,male,10-19,no
16debf4d-839f-4db1-b15b-3ff20c639c77,2026-02-17T11:18:31.748Z,POP,94,FLASH,I18,spanish,male,10-19,no
f95f9808-3bc8-4bc7-ad16-f77e9492a483,2026-02-17T11:18:29.653Z,ANIMAL,12,AXOLOTE,F14,spanish,male,10-19,no
e31ccf91-1260-42c2-8707-4c93843398eb,2026-02-17T11:18:29.594Z,SUBJETIVO,71,ALEGRÍA,I3,spanish,male,10-19,no
a57ae0d8-76f4-4670-9976-264702e8a68d,2026-02-17T11:18:31.516Z,COMESTIBLE,25,MANZANA,A13,spanish,male,10-19,no
453fde1e-b5ae-4534-bd3c-e95fca5c9427,2026-02-17T11:18:31.883Z,POP,84,SONIC,K30,spanish,male,10-19,no
ba2ab0f7-8229-4d86-9b68-62ec7febfc9c,2026-02-17T11:18:32.842Z,PIEDRA,38,AMBAR,E4,spanish,male,10-19,no
c52b3b25-1351-464c-9569-01c1ae87b4e2,2026-02-17T11:18:36.895Z,ENTORNO,54,ARENA,G5,spanish,male,10-19,no
e31ccf91-1260-42c2-8707-4c93843398eb,2026-02-17T11:18:38.361Z,COMESTIBLE,21,COCO,A2,spanish,male,10-19,no
16debf4d-839f-4db1-b15b-3ff20c639c77,2026-02-17T11:18:38.572Z,PLANTA,44,LAVANDA,D28,spanish,male,10-19,no
5bee56d1-720c-4dbe-962b-deea79647c6c,2026-02-17T11:18:38.124Z,ANIMAL,2,BALLENA,M26,spanish,female,10-19,no
453fde1e-b5ae-4534-bd3c-e95fca5c9427,2026-02-17T11:18:42.520Z,SUBJETIVO,77,OTOÑO,F6,spanish,male,10-19,no
e31ccf91-1260-42c2-8707-4c93843398eb,2026-02-17T11:18:44.300Z,POP,90,BRUJERÍA,C30,spanish,male,10-19,no
ba2ab0f7-8229-4d86-9b68-62ec7febfc9c,2026-02-17T11:18:44.109Z,PLANTA,45,AMAPOLA,B13,spanish,male,10-19,no
a57ae0d8-76f4-4670-9976-264702e8a68d,2026-02-17T11:18:46.931Z,ANIMAL,11,RANA,P14,spanish,male,10-19,no
68666353-9688-422b-87c8-5562f056b3e2,2026-02-17T11:18:51.889Z,PIEDRA,35,JADE,I23,spanish,male,10-19,no
16debf4d-839f-4db1-b15b-3ff20c639c77,2026-02-17T11:18:51.268Z,ENTORNO,57,CÉSPED,N17,spanish,male,10-19,no
c52b3b25-1351-464c-9569-01c1ae87b4e2,2026-02-17T11:18:54.378Z,POP,82,SHRECK,N10,spanish,male,10-19,no
453fde1e-b5ae-4534-bd3c-e95fca5c9427,2026-02-17T11:18:55.734Z,SUBJETIVO,73,PELIGRO,A10,spanish,male,10-19,no
16debf4d-839f-4db1-b15b-3ff20c639c77,2026-02-17T11:18:59.778Z,ANIMAL,11,RANA,O12,spanish,male,10-19,no
ba2ab0f7-8229-4d86-9b68-62ec7febfc9c,2026-02-17T11:18:58.824Z,SUBJETIVO,71,ALEGRÍA,I3,spanish,male,10-19,no
5bee56d1-720c-4dbe-962b-deea79647c6c,2026-02-17T11:19:02.379Z,COMESTIBLE,16,KIWI,M11,spanish,female,10-19,no
f95f9808-3bc8-4bc7-ad16-f77e9492a483,2026-02-17T11:19:04.664Z,PLANTA,44,LAVANDA,E21,spanish,male,10-19,no
453fde1e-b5ae-4534-bd3c-e95fca5c9427,2026-02-17T11:19:08.023Z,COMESTIBLE,28,TOMATE,B10,spanish,male,10-19,no
c52b3b25-1351-464c-9569-01c1ae87b4e2,2026-02-17T11:19:10.927Z,SUBJETIVO,71,ALEGRÍA,J3,spanish,male,10-19,no
16debf4d-839f-4db1-b15b-3ff20c639c77,2026-02-17T11:19:16.175Z,ENTORNO,64,ATARDECER,F1,spanish,male,10-19,no
90866abd-390a-4099-863b-53af75bdf178,2026-02-17T11:19:19.406Z,COMESTIBLE,18,CALABACÍN,F3,spanish,male,10-19,no
5bee56d1-720c-4dbe-962b-deea79647c6c,2026-02-17T11:19:22.476Z,PIEDRA,30,PERLA,H18,spanish,female,10-19,no
16debf4d-839f-4db1-b15b-3ff20c639c77,2026-02-17T11:19:23.722Z,POP,88,COLORETE,E14,spanish,male,10-19,no
c52b3b25-1351-464c-9569-01c1ae87b4e2,2026-02-17T11:19:23.898Z,COMESTIBLE,25,MANZANA,A13,spanish,male,10-19,no
ba2ab0f7-8229-4d86-9b68-62ec7febfc9c,2026-02-17T11:19:24.571Z,POP,91,EPI (Y BLAS),L20,spanish,male,10-19,no
453fde1e-b5ae-4534-bd3c-e95fca5c9427,2026-02-17T11:19:30.350Z,PLANTA,41,GIRASOL,J2,spanish,male,10-19,no
f95f9808-3bc8-4bc7-ad16-f77e9492a483,2026-02-17T11:19:30.374Z,SUBJETIVO,75,TÓXICO,O8,spanish,male,10-19,no
68666353-9688-422b-87c8-5562f056b3e2,2026-02-17T11:19:36.641Z,COMESTIBLE,18,CALABACÍN,O7,spanish,male,10-19,no
5bee56d1-720c-4dbe-962b-deea79647c6c,2026-02-17T11:19:37.354Z,ENTORNO,61,CIELO,J21,spanish,female,10-19,no
ba2ab0f7-8229-4d86-9b68-62ec7febfc9c,2026-02-17T11:19:37.278Z,ANIMAL,4,FLAMENCO,C16,spanish,male,10-19,no
c52b3b25-1351-464c-9569-01c1ae87b4e2,2026-02-17T11:19:39.442Z,COMESTIBLE,24,MELOCOTÓN,E14,spanish,male,10-19,no
a57ae0d8-76f4-4670-9976-264702e8a68d,2026-02-17T11:19:41.420Z,PLANTA,43,MALVA,B17,spanish,male,10-19,no
f95f9808-3bc8-4bc7-ad16-f77e9492a483,2026-02-17T11:19:42.561Z,PLANTA,48,CORAL,E6,spanish,male,10-19,no
f95f9808-3bc8-4bc7-ad16-f77e9492a483,2026-02-17T11:19:52.724Z,ENTORNO,64,ATARDECER,E7,spanish,male,10-19,no
a57ae0d8-76f4-4670-9976-264702e8a68d,2026-02-17T11:19:52.728Z,POP,81,FEMINISMO,A18,spanish,male,10-19,no
90866abd-390a-4099-863b-53af75bdf178,2026-02-17T11:19:54.078Z,PLANTA,47,CLAVEL,I12,spanish,male,10-19,no
453fde1e-b5ae-4534-bd3c-e95fca5c9427,2026-02-17T11:19:54.993Z,POP,91,EPI (Y BLAS),I10,spanish,male,10-19,no
ba2ab0f7-8229-4d86-9b68-62ec7febfc9c,2026-02-17T11:19:59.650Z,PLANTA,48,CORAL,C9,spanish,male,10-19,no
16debf4d-839f-4db1-b15b-3ff20c639c77,2026-02-17T11:20:02.755Z,PIEDRA,35,JADE,A1,spanish,male,10-19,no
c52b3b25-1351-464c-9569-01c1ae87b4e2,2026-02-17T11:20:04.699Z,ANIMAL,3,PARDO,B1,spanish,male,10-19,no
90866abd-390a-4099-863b-53af75bdf178,2026-02-17T11:20:05.812Z,PIEDRA,38,AMBAR,E4,spanish,male,10-19,no
453fde1e-b5ae-4534-bd3c-e95fca5c9427,2026-02-17T11:20:08.204Z,ENTORNO,61,CIELO,L23,spanish,male,10-19,no
a57ae0d8-76f4-4670-9976-264702e8a68d,2026-02-17T11:20:11.124Z,SUBJETIVO,69,IRA,A12,spanish,male,10-19,no
5bee56d1-720c-4dbe-962b-deea79647c6c,2026-02-17T11:20:12.960Z,SUBJETIVO,66,SUEÑO,C16,spanish,female,10-19,no
c52b3b25-1351-464c-9569-01c1ae87b4e2,2026-02-17T11:20:13.885Z,POP,86,HULK,P12,spanish,male,10-19,no
68666353-9688-422b-87c8-5562f056b3e2,2026-02-17T11:20:20.024Z,SUBJETIVO,66,SUEÑO,I24,spanish,male,10-19,no
16debf4d-839f-4db1-b15b-3ff20c639c77,2026-02-17T11:20:20.149Z,SUBJETIVO,80,ESPERANZA,M21,spanish,male,10-19,no
a57ae0d8-76f4-4670-9976-264702e8a68d,2026-02-17T11:20:25.198Z,SUBJETIVO,76,VERANO,A11,spanish,male,10-19,no
90866abd-390a-4099-863b-53af75bdf178,2026-02-17T11:20:26.916Z,ANIMAL,9,TIGRE,E6,spanish,male,10-19,no
5bee56d1-720c-4dbe-962b-deea79647c6c,2026-02-17T11:20:29.618Z,SUBJETIVO,73,PELIGRO,A11,spanish,female,10-19,no
16debf4d-839f-4db1-b15b-3ff20c639c77,2026-02-17T11:20:32.391Z,COMESTIBLE,27,PLÁTANO,J4,spanish,male,10-19,no
f95f9808-3bc8-4bc7-ad16-f77e9492a483,2026-02-17T11:20:35.328Z,PIEDRA,32,ZAFIRO,J30,spanish,male,10-19,no
68666353-9688-422b-87c8-5562f056b3e2,2026-02-17T11:20:38.518Z,SUBJETIVO,65,VERGÜENZA,L25,spanish,male,10-19,no
c52b3b25-1351-464c-9569-01c1ae87b4e2,2026-02-17T11:20:40.542Z,PLANTA,47,CLAVEL,C13,spanish,male,10-19,no
a57ae0d8-76f4-4670-9976-264702e8a68d,2026-02-17T11:20:43.357Z,POP,98,STITCH,L23,spanish,male,10-19,no
90866abd-390a-4099-863b-53af75bdf178,2026-02-17T11:20:47.157Z,COMESTIBLE,23,ESPÁRRAGO,M5,spanish,male,10-19,no
a57ae0d8-76f4-4670-9976-264702e8a68d,2026-02-17T11:20:54.320Z,ENTORNO,60,MUSGO,P10,spanish,male,10-19,no
f95f9808-3bc8-4bc7-ad16-f77e9492a483,2026-02-17T11:20:56.654Z,ANIMAL,3,PARDO,A1,spanish,male,10-19,no
c52b3b25-1351-464c-9569-01c1ae87b4e2,2026-02-17T11:20:58.700Z,SUBJETIVO,66,SUEÑO,J28,spanish,male,10-19,no
68666353-9688-422b-87c8-5562f056b3e2,2026-02-17T11:21:01.145Z,PLANTA,48,CORAL,C13,spanish,male,10-19,no
16debf4d-839f-4db1-b15b-3ff20c639c77,2026-02-17T11:21:01.016Z,COMESTIBLE,18,CALABACÍN,P16,spanish,male,10-19,no
5bee56d1-720c-4dbe-962b-deea79647c6c,2026-02-17T11:21:01.456Z,POP,91,EPI (Y BLAS),B12,spanish,female,10-19,no
c52b3b25-1351-464c-9569-01c1ae87b4e2,2026-02-17T11:21:08.718Z,PIEDRA,31,AMATISTA,A23,spanish,male,10-19,no
90866abd-390a-4099-863b-53af75bdf178,2026-02-17T11:21:11.975Z,SUBJETIVO,66,SUEÑO,H30,spanish,male,10-19,no
f95f9808-3bc8-4bc7-ad16-f77e9492a483,2026-02-17T11:21:15.405Z,ENTORNO,55,MARÍTIMO,I26,spanish,male,10-19,no
90866abd-390a-4099-863b-53af75bdf178,2026-02-17T11:21:23.265Z,ENTORNO,57,CÉSPED,O11,spanish,male,10-19,no
68666353-9688-422b-87c8-5562f056b3e2,2026-02-17T11:21:27.172Z,PLANTA,47,CLAVEL,M26,spanish,male,10-19,no
90866abd-390a-4099-863b-53af75bdf178,2026-02-17T11:21:36.614Z,ANIMAL,13,SAPO,M7,spanish,male,10-19,no
68666353-9688-422b-87c8-5562f056b3e2,2026-02-17T11:21:37.649Z,ANIMAL,2,BALLENA,O28,spanish,male,10-19,no
f95f9808-3bc8-4bc7-ad16-f77e9492a483,2026-02-17T11:21:38.311Z,SUBJETIVO,66,SUEÑO,I18,spanish,male,10-19,no
90866abd-390a-4099-863b-53af75bdf178,2026-02-17T11:21:45.753Z,PLANTA,45,AMAPOLA,K2,spanish,male,10-19,no
f95f9808-3bc8-4bc7-ad16-f77e9492a483,2026-02-17T11:21:54.145Z,COMESTIBLE,27,PLÁTANO,K2,spanish,male,10-19,no
90866abd-390a-4099-863b-53af75bdf178,2026-02-17T11:21:58.802Z,POP,84,SONIC,L27,spanish,male,10-19,no
90866abd-390a-4099-863b-53af75bdf178,2026-02-17T11:22:08.223Z,ENTORNO,55,MARÍTIMO,I28,spanish,male,10-19,no
90866abd-390a-4099-863b-53af75bdf178,2026-02-17T11:22:21.809Z,POP,96,BLAS (Y EPI),J2,spanish,male,10-19,no
90866abd-390a-4099-863b-53af75bdf178,2026-02-17T11:22:29.928Z,SUBJETIVO,69,IRA,B10,spanish,male,10-19,no
90866abd-390a-4099-863b-53af75bdf178,2026-02-17T11:22:39.130Z,PIEDRA,40,ESMERALDA,O14,spanish,male,10-19,no
98635327-50b8-4cef-af38-c6e084707641,2026-02-17T11:56:02.182Z,ENTORNO,51,HURACÁN,H15,spanish,male,10-19,YES
2d64cbc8-a73f-4ad8-a01d-3fdf2ca46abc,2026-02-17T11:56:07.853Z,PLANTA,41,GIRASOL,I2,spanish,prefer-not-to-say,-10,no
e01f1564-fc65-4866-957f-46f299973cf9,2026-02-17T11:56:08.622Z,ENTORNO,52,PIEL,L27,spanish,male,10-19,no
98635327-50b8-4cef-af38-c6e084707641,2026-02-17T11:56:15.874Z,COMESTIBLE,27,PLÁTANO,A1,spanish,male,10-19,no
e01f1564-fc65-4866-957f-46f299973cf9,2026-02-17T11:56:28.767Z,SUBJETIVO,72,SOLEDAD,I22,spanish,male,10-19,no
98635327-50b8-4cef-af38-c6e084707641,2026-02-17T11:56:35.395Z,ENTORNO,59,AMANECER,H15,spanish,male,10-19,no
e01f1564-fc65-4866-957f-46f299973cf9,2026-02-17T11:56:36.825Z,COMESTIBLE,28,TOMATE,B14,spanish,male,10-19,YES
2d64cbc8-a73f-4ad8-a01d-3fdf2ca46abc,2026-02-17T11:56:46.026Z,SUBJETIVO,76,VERANO,K21,spanish,prefer-not-to-say,-10,no
e01f1564-fc65-4866-957f-46f299973cf9,2026-02-17T11:56:47.160Z,ENTORNO,53,FUEGO,E3,spanish,male,10-19,no
98635327-50b8-4cef-af38-c6e084707641,2026-02-17T11:56:50.161Z,POP,85,PIKACHU,P30,spanish,male,10-19,no
98635327-50b8-4cef-af38-c6e084707641,2026-02-17T11:56:57.792Z,PLANTA,43,MALVA,A1,spanish,male,10-19,YES
2d64cbc8-a73f-4ad8-a01d-3fdf2ca46abc,2026-02-17T11:56:58.205Z,ANIMAL,12,AXOLOTE,G15,spanish,prefer-not-to-say,-10,no
98635327-50b8-4cef-af38-c6e084707641,2026-02-17T11:57:11.019Z,PLANTA,46,TRIGO,P30,spanish,male,10-19,no
e01f1564-fc65-4866-957f-46f299973cf9,2026-02-17T11:57:19.905Z,PIEDRA,37,LAPISLÁZULI,O30,spanish,male,10-19,YES
2d64cbc8-a73f-4ad8-a01d-3fdf2ca46abc,2026-02-17T11:57:22.838Z,COMESTIBLE,29,REMOLACHA,N9,spanish,prefer-not-to-say,-10,no
98635327-50b8-4cef-af38-c6e084707641,2026-02-17T11:57:30.728Z,PIEDRA,32,ZAFIRO,A1,spanish,male,10-19,YES
2d64cbc8-a73f-4ad8-a01d-3fdf2ca46abc,2026-02-17T11:57:38.616Z,PIEDRA,30,PERLA,J18,spanish,prefer-not-to-say,-10,no
e01f1564-fc65-4866-957f-46f299973cf9,2026-02-17T11:57:42.274Z,POP,87,BARBIE,G16,spanish,male,10-19,YES
2d64cbc8-a73f-4ad8-a01d-3fdf2ca46abc,2026-02-17T11:57:52.919Z,ANIMAL,11,RANA,O9,spanish,prefer-not-to-say,-10,no
e01f1564-fc65-4866-957f-46f299973cf9,2026-02-17T11:57:55.638Z,PLANTA,44,LAVANDA,B20,spanish,male,10-19,no
e01f1564-fc65-4866-957f-46f299973cf9,2026-02-17T11:58:20.219Z,ANIMAL,5,ZORRO,A11,spanish,male,10-19,YES
2d64cbc8-a73f-4ad8-a01d-3fdf2ca46abc,2026-02-17T11:58:30.035Z,POP,83,TRACTOR,H2,spanish,prefer-not-to-say,-10,no
e01f1564-fc65-4866-957f-46f299973cf9,2026-02-17T11:58:30.101Z,COMESTIBLE,16,KIWI,N15,spanish,male,10-19,no
e01f1564-fc65-4866-957f-46f299973cf9,2026-02-17T11:58:39.831Z,POP,83,TRACTOR,G2,spanish,male,10-19,no
e01f1564-fc65-4866-957f-46f299973cf9,2026-02-17T11:58:47.736Z,PLANTA,43,MALVA,B15,spanish,male,10-19,no
e01f1564-fc65-4866-957f-46f299973cf9,2026-02-17T11:58:55.422Z,SUBJETIVO,69,IRA,B15,spanish,male,10-19,YES
2d64cbc8-a73f-4ad8-a01d-3fdf2ca46abc,2026-02-17T11:59:00.140Z,COMESTIBLE,27,PLÁTANO,I2,spanish,prefer-not-to-say,-10,no
e01f1564-fc65-4866-957f-46f299973cf9,2026-02-17T11:59:04.860Z,PIEDRA,35,JADE,I21,spanish,male,10-19,YES
2d64cbc8-a73f-4ad8-a01d-3fdf2ca46abc,2026-02-17T11:59:17.316Z,SUBJETIVO,66,SUEÑO,F30,spanish,prefer-not-to-say,-10,no
e01f1564-fc65-4866-957f-46f299973cf9,2026-02-17T11:59:18.171Z,ANIMAL,12,AXOLOTE,F15,spanish,male,10-19,YES
2d64cbc8-a73f-4ad8-a01d-3fdf2ca46abc,2026-02-17T11:59:45.769Z,PIEDRA,40,ESMERALDA,M14,spanish,prefer-not-to-say,-10,YES
2d64cbc8-a73f-4ad8-a01d-3fdf2ca46abc,2026-02-17T12:00:06.392Z,PLANTA,42,ALBAHACA,M13,spanish,prefer-not-to-say,-10,no
b7480423-a6ab-443c-a3c1-5e2cdcc6315d,2026-02-17T12:00:05.787Z,ENTORNO,52,PIEL,H11,spanish,male,10-19,YES
2d64cbc8-a73f-4ad8-a01d-3fdf2ca46abc,2026-02-17T12:00:20.105Z,POP,90,BRUJERÍA,A1,spanish,prefer-not-to-say,-10,YES
2d64cbc8-a73f-4ad8-a01d-3fdf2ca46abc,2026-02-17T12:00:37.345Z,ENTORNO,61,CIELO,K21,spanish,prefer-not-to-say,-10,YES
2d64cbc8-a73f-4ad8-a01d-3fdf2ca46abc,2026-02-17T12:01:12.030Z,ENTORNO,52,PIEL,A1,spanish,prefer-not-to-say,-10,no
21fdfb4a-54c7-440f-9a3a-c8434ed6c3e6,2026-02-17T12:19:41.802Z,ANIMAL,6,GRILLO,N13,spanish,female,10-19,no
21fdfb4a-54c7-440f-9a3a-c8434ed6c3e6,2026-02-17T12:19:53.216Z,ENTORNO,54,ARENA,E3,spanish,female,10-19,no
21fdfb4a-54c7-440f-9a3a-c8434ed6c3e6,2026-02-17T12:20:14.623Z,COMESTIBLE,26,HUEVO,I14,spanish,female,10-19,no
21fdfb4a-54c7-440f-9a3a-c8434ed6c3e6,2026-02-17T12:20:26.077Z,PIEDRA,34,RUBÍ,A13,spanish,female,10-19,no
21fdfb4a-54c7-440f-9a3a-c8434ed6c3e6,2026-02-17T12:20:39.197Z,ANIMAL,1,SALMÓN,E8,spanish,female,10-19,no
21fdfb4a-54c7-440f-9a3a-c8434ed6c3e6,2026-02-17T12:20:51.102Z,POP,92,GRINCH,O11,spanish,female,10-19,no
21fdfb4a-54c7-440f-9a3a-c8434ed6c3e6,2026-02-17T12:20:59.118Z,POP,85,PIKACHU,J5,spanish,female,10-19,no
21fdfb4a-54c7-440f-9a3a-c8434ed6c3e6,2026-02-17T12:21:07.801Z,ENTORNO,57,CÉSPED,O21,spanish,female,10-19,no
21fdfb4a-54c7-440f-9a3a-c8434ed6c3e6,2026-02-17T12:21:19.627Z,PLANTA,47,CLAVEL,B18,spanish,female,10-19,no
21fdfb4a-54c7-440f-9a3a-c8434ed6c3e6,2026-02-17T12:21:33.180Z,PIEDRA,30,PERLA,I18,spanish,female,10-19,no
21fdfb4a-54c7-440f-9a3a-c8434ed6c3e6,2026-02-17T12:22:13.038Z,SUBJETIVO,66,SUEÑO,M27,spanish,female,10-19,no
21fdfb4a-54c7-440f-9a3a-c8434ed6c3e6,2026-02-17T12:22:27.955Z,SUBJETIVO,80,ESPERANZA,O23,spanish,female,10-19,no
21fdfb4a-54c7-440f-9a3a-c8434ed6c3e6,2026-02-17T12:22:35.164Z,COMESTIBLE,16,KIWI,P10,spanish,female,10-19,no
21fdfb4a-54c7-440f-9a3a-c8434ed6c3e6,2026-02-17T12:22:41.040Z,PLANTA,50,MADERA,A2,spanish,female,10-19,no
bd35f519-967d-46cd-90d0-352e68bb8548,2026-02-17T12:44:49.660Z,PLANTA,47,CLAVEL,E20,spanish,female,10-19,no
bd35f519-967d-46cd-90d0-352e68bb8548,2026-02-17T12:45:02.096Z,POP,90,BRUJERÍA,E25,spanish,female,10-19,no
895d3f8f-a9a8-47d3-aa76-7884fb8d5786,2026-02-17T12:45:06.623Z,ANIMAL,7,CANARIO,H15,spanish,female,10-19,no
bd35f519-967d-46cd-90d0-352e68bb8548,2026-02-17T12:45:10.197Z,PLANTA,44,LAVANDA,F19,spanish,female,10-19,no
895d3f8f-a9a8-47d3-aa76-7884fb8d5786,2026-02-17T12:45:18.496Z,COMESTIBLE,16,KIWI,N12,spanish,female,10-19,no
d879338b-86b0-4232-85c9-d020a6ca16a9,2026-02-17T12:45:21.088Z,PIEDRA,33,ORO,J1,spanish,male,10-19,no
bd35f519-967d-46cd-90d0-352e68bb8548,2026-02-17T12:45:20.684Z,ENTORNO,60,MUSGO,P11,spanish,female,10-19,no
895d3f8f-a9a8-47d3-aa76-7884fb8d5786,2026-02-17T12:45:27.514Z,ENTORNO,61,CIELO,L23,spanish,female,10-19,no
bd35f519-967d-46cd-90d0-352e68bb8548,2026-02-17T12:45:28.851Z,PIEDRA,40,ESMERALDA,M8,spanish,female,10-19,no
13c4421c-9054-42bf-a27f-f443b04dd709,2026-02-17T12:45:28.859Z,POP,99,SUBMARINO,M26,spanish,female,20-29,no
bd35f519-967d-46cd-90d0-352e68bb8548,2026-02-17T12:45:37.471Z,POP,86,HULK,P10,spanish,female,10-19,no
bd35f519-967d-46cd-90d0-352e68bb8548,2026-02-17T12:45:59.285Z,SUBJETIVO,68,PAZ,J20,spanish,female,10-19,no
895d3f8f-a9a8-47d3-aa76-7884fb8d5786,2026-02-17T12:46:04.316Z,COMESTIBLE,19,UVA,N17,spanish,female,10-19,no
5c9e0a7d-983b-4721-a400-41bd5f11faa8,2026-02-17T12:46:03.002Z,PLANTA,49,MENTA,M18,spanish,prefer-not-to-say,10-19,no
bd35f519-967d-46cd-90d0-352e68bb8548,2026-02-17T12:46:07.889Z,ENTORNO,62,RAYO,J3,spanish,female,10-19,no
895d3f8f-a9a8-47d3-aa76-7884fb8d5786,2026-02-17T12:46:12.753Z,POP,87,BARBIE,D16,spanish,female,10-19,no
bd35f519-967d-46cd-90d0-352e68bb8548,2026-02-17T12:46:20.715Z,ANIMAL,3,PARDO,A1,spanish,female,10-19,no
bd35f519-967d-46cd-90d0-352e68bb8548,2026-02-17T12:46:32.162Z,COMESTIBLE,15,LIMA,J7,spanish,female,10-19,no
895d3f8f-a9a8-47d3-aa76-7884fb8d5786,2026-02-17T12:46:33.037Z,SUBJETIVO,79,PRIMAVERA,G28,spanish,female,10-19,no
895d3f8f-a9a8-47d3-aa76-7884fb8d5786,2026-02-17T12:46:42.941Z,SUBJETIVO,69,IRA,C1,spanish,female,10-19,no
bd35f519-967d-46cd-90d0-352e68bb8548,2026-02-17T12:46:45.713Z,COMESTIBLE,18,CALABACÍN,E5,spanish,female,10-19,no
bd35f519-967d-46cd-90d0-352e68bb8548,2026-02-17T12:46:56.799Z,SUBJETIVO,75,TÓXICO,A13,spanish,female,10-19,no
895d3f8f-a9a8-47d3-aa76-7884fb8d5786,2026-02-17T12:46:56.054Z,PLANTA,45,AMAPOLA,J1,spanish,female,10-19,no
bd35f519-967d-46cd-90d0-352e68bb8548,2026-02-17T12:47:06.047Z,PIEDRA,35,JADE,D18,spanish,female,10-19,no
895d3f8f-a9a8-47d3-aa76-7884fb8d5786,2026-02-17T12:47:09.702Z,PIEDRA,35,JADE,I27,spanish,female,10-19,no
bd35f519-967d-46cd-90d0-352e68bb8548,2026-02-17T12:47:14.421Z,ANIMAL,7,CANARIO,J3,spanish,female,10-19,no
895d3f8f-a9a8-47d3-aa76-7884fb8d5786,2026-02-17T12:47:16.269Z,PIEDRA,36,TEJA,F19,spanish,female,10-19,no
895d3f8f-a9a8-47d3-aa76-7884fb8d5786,2026-02-17T12:47:26.810Z,POP,83,TRACTOR,L2,spanish,female,10-19,no
13c4421c-9054-42bf-a27f-f443b04dd709,2026-02-17T12:47:34.563Z,PLANTA,50,MADERA,A2,spanish,female,20-29,no
895d3f8f-a9a8-47d3-aa76-7884fb8d5786,2026-02-17T12:47:36.986Z,ENTORNO,58,ESTANQUE,K29,spanish,female,10-19,no
5c9e0a7d-983b-4721-a400-41bd5f11faa8,2026-02-17T12:47:40.420Z,COMESTIBLE,19,UVA,F24,spanish,prefer-not-to-say,10-19,no
13c4421c-9054-42bf-a27f-f443b04dd709,2026-02-17T12:47:48.904Z,SUBJETIVO,68,PAZ,I3,spanish,female,20-29,no
895d3f8f-a9a8-47d3-aa76-7884fb8d5786,2026-02-17T12:47:49.188Z,PLANTA,44,LAVANDA,D15,spanish,female,10-19,no
13c4421c-9054-42bf-a27f-f443b04dd709,2026-02-17T12:47:56.374Z,COMESTIBLE,27,PLÁTANO,I3,spanish,female,20-29,no
5c9e0a7d-983b-4721-a400-41bd5f11faa8,2026-02-17T12:47:56.844Z,PLANTA,48,CORAL,K21,spanish,prefer-not-to-say,10-19,no
895d3f8f-a9a8-47d3-aa76-7884fb8d5786,2026-02-17T12:48:02.017Z,ANIMAL,10,MARIQUITA,B15,spanish,female,10-19,no
13c4421c-9054-42bf-a27f-f443b04dd709,2026-02-17T12:48:10.412Z,PIEDRA,35,JADE,D17,spanish,female,20-29,no
5c9e0a7d-983b-4721-a400-41bd5f11faa8,2026-02-17T12:48:11.176Z,PIEDRA,32,ZAFIRO,C9,spanish,prefer-not-to-say,10-19,no
13c4421c-9054-42bf-a27f-f443b04dd709,2026-02-17T12:48:19.582Z,COMESTIBLE,19,UVA,N16,spanish,female,20-29,no
13c4421c-9054-42bf-a27f-f443b04dd709,2026-02-17T12:48:26.907Z,POP,86,HULK,O12,spanish,female,20-29,no
5c9e0a7d-983b-4721-a400-41bd5f11faa8,2026-02-17T12:48:39.435Z,POP,81,FEMINISMO,E24,spanish,prefer-not-to-say,10-19,no
13c4421c-9054-42bf-a27f-f443b04dd709,2026-02-17T12:48:42.813Z,SUBJETIVO,65,VERGÜENZA,C11,spanish,female,20-29,no
0d62b637-717d-4938-867d-807dd43c8e30,2026-02-17T12:48:46.838Z,COMESTIBLE,25,MANZANA,M6,spanish,prefer-not-to-say,10-19,no
13c4421c-9054-42bf-a27f-f443b04dd709,2026-02-17T12:48:57.308Z,PIEDRA,36,TEJA,A7,spanish,female,20-29,no
5c9e0a7d-983b-4721-a400-41bd5f11faa8,2026-02-17T12:48:59.691Z,SUBJETIVO,66,SUEÑO,I16,spanish,prefer-not-to-say,10-19,no
13c4421c-9054-42bf-a27f-f443b04dd709,2026-02-17T12:49:08.182Z,ENTORNO,53,FUEGO,D6,spanish,female,20-29,no
a49276b9-abf4-4880-b45b-09e5e95fcc2d,2026-02-17T12:49:17.896Z,COMESTIBLE,29,REMOLACHA,C13,spanish,prefer-not-to-say,10-19,no
13c4421c-9054-42bf-a27f-f443b04dd709,2026-02-17T12:49:18.860Z,ENTORNO,52,PIEL,G10,spanish,female,20-29,no
5c9e0a7d-983b-4721-a400-41bd5f11faa8,2026-02-17T12:49:24.383Z,PIEDRA,35,JADE,F11,spanish,prefer-not-to-say,10-19,no
13c4421c-9054-42bf-a27f-f443b04dd709,2026-02-17T12:49:36.073Z,ANIMAL,2,BALLENA,I28,spanish,female,20-29,no
a49276b9-abf4-4880-b45b-09e5e95fcc2d,2026-02-17T12:49:38.949Z,SUBJETIVO,72,SOLEDAD,I30,spanish,prefer-not-to-say,10-19,no
13c4421c-9054-42bf-a27f-f443b04dd709,2026-02-17T12:49:52.692Z,PLANTA,41,GIRASOL,K2,spanish,female,20-29,no
5c9e0a7d-983b-4721-a400-41bd5f11faa8,2026-02-17T12:49:53.090Z,ENTORNO,63,SANGRE,A14,spanish,prefer-not-to-say,10-19,no
5c9e0a7d-983b-4721-a400-41bd5f11faa8,2026-02-17T12:50:12.078Z,POP,93,SIMPSON,I2,spanish,prefer-not-to-say,10-19,no
a49276b9-abf4-4880-b45b-09e5e95fcc2d,2026-02-17T12:50:15.422Z,PLANTA,44,LAVANDA,A26,spanish,prefer-not-to-say,10-19,no
13c4421c-9054-42bf-a27f-f443b04dd709,2026-02-17T12:50:20.472Z,ANIMAL,12,AXOLOTE,C14,spanish,female,20-29,no
5c9e0a7d-983b-4721-a400-41bd5f11faa8,2026-02-17T12:50:22.298Z,ANIMAL,5,ZORRO,D7,spanish,prefer-not-to-say,10-19,no
a49276b9-abf4-4880-b45b-09e5e95fcc2d,2026-02-17T12:50:26.281Z,ENTORNO,54,ARENA,J7,spanish,prefer-not-to-say,10-19,no
5c9e0a7d-983b-4721-a400-41bd5f11faa8,2026-02-17T12:50:39.494Z,ANIMAL,10,MARIQUITA,B14,spanish,prefer-not-to-say,10-19,no
5c9e0a7d-983b-4721-a400-41bd5f11faa8,2026-02-17T12:50:51.046Z,ENTORNO,52,PIEL,H9,spanish,prefer-not-to-say,10-19,no
5c9e0a7d-983b-4721-a400-41bd5f11faa8,2026-02-17T12:51:19.120Z,SUBJETIVO,74,TRISTEZA,L23,spanish,prefer-not-to-say,10-19,no
5c9e0a7d-983b-4721-a400-41bd5f11faa8,2026-02-17T12:51:31.215Z,COMESTIBLE,14,LIMÓN,K4,spanish,prefer-not-to-say,10-19,no
a7cc9486-c993-432d-a2e1-5a8866bd88ff,2026-02-17T12:58:11.950Z,PLANTA,44,LAVANDA,E26,spanish,male,10-19,no
a7cc9486-c993-432d-a2e1-5a8866bd88ff,2026-02-17T12:58:40.630Z,ENTORNO,53,FUEGO,A8,spanish,male,10-19,no
a7cc9486-c993-432d-a2e1-5a8866bd88ff,2026-02-17T12:58:59.921Z,SUBJETIVO,69,IRA,B10,spanish,male,10-19,YES
e44b0a7a-af8f-4c25-a71e-ca44c63565d4,2026-02-17T13:11:06.403Z,PIEDRA,39,LADRILLO,B8,spanish,female,10-19,YES
e44b0a7a-af8f-4c25-a71e-ca44c63565d4,2026-02-17T13:11:35.061Z,ENTORNO,63,SANGRE,A8,spanish,female,10-19,YES
e44b0a7a-af8f-4c25-a71e-ca44c63565d4,2026-02-17T13:11:48.380Z,PLANTA,49,MENTA,P9,spanish,female,10-19,YES
e44b0a7a-af8f-4c25-a71e-ca44c63565d4,2026-02-17T13:11:59.763Z,PIEDRA,40,ESMERALDA,N24,spanish,female,10-19,YES
e44b0a7a-af8f-4c25-a71e-ca44c63565d4,2026-02-17T13:12:10.175Z,COMESTIBLE,20,PEPINO,P10,spanish,female,10-19,YES
e44b0a7a-af8f-4c25-a71e-ca44c63565d4,2026-02-17T13:12:25.363Z,POP,97,PETER PAN,O7,spanish,female,10-19,YES
e44b0a7a-af8f-4c25-a71e-ca44c63565d4,2026-02-17T13:12:34.390Z,ANIMAL,3,PARDO,D2,spanish,female,10-19,YES
e44b0a7a-af8f-4c25-a71e-ca44c63565d4,2026-02-17T13:12:47.119Z,POP,90,BRUJERÍA,E30,spanish,female,10-19,YES
e44b0a7a-af8f-4c25-a71e-ca44c63565d4,2026-02-17T13:12:57.054Z,COMESTIBLE,28,TOMATE,A14,spanish,female,10-19,no
26c6aa3c-1329-4646-a6fb-7600b9ebaa1b,2026-02-17T13:53:36.541Z,ENTORNO,63,SANGRE,C12,spanish,male,10-19,no
26c6aa3c-1329-4646-a6fb-7600b9ebaa1b,2026-02-17T13:53:49.387Z,POP,91,EPI (Y BLAS),I6,spanish,male,10-19,no
26c6aa3c-1329-4646-a6fb-7600b9ebaa1b,2026-02-17T13:53:59.888Z,ENTORNO,54,ARENA,G2,spanish,male,10-19,no
26c6aa3c-1329-4646-a6fb-7600b9ebaa1b,2026-02-17T13:54:09.623Z,PLANTA,47,CLAVEL,M10,spanish,male,10-19,no
5fa97607-a38e-4a54-983b-716576be1bf2,2026-02-17T19:14:29.137Z,SUBJETIVO,78,INVIERNO,L23,spanish,male,10-19,no
5fa97607-a38e-4a54-983b-716576be1bf2,2026-02-17T19:14:51.443Z,PIEDRA,40,ESMERALDA,P16,spanish,male,10-19,no
5fa97607-a38e-4a54-983b-716576be1bf2,2026-02-17T19:15:08.227Z,PLANTA,41,GIRASOL,K2,spanish,male,10-19,no
5fa97607-a38e-4a54-983b-716576be1bf2,2026-02-17T19:15:20.881Z,ENTORNO,57,CÉSPED,P14,spanish,male,10-19,no
5fa97607-a38e-4a54-983b-716576be1bf2,2026-02-17T19:15:29.928Z,ANIMAL,4,FLAMENCO,F15,spanish,male,10-19,no
5fa97607-a38e-4a54-983b-716576be1bf2,2026-02-17T19:15:43.160Z,COMESTIBLE,25,MANZANA,P15,spanish,male,10-19,no
5fa97607-a38e-4a54-983b-716576be1bf2,2026-02-17T19:15:57.547Z,COMESTIBLE,15,LIMA,P16,spanish,male,10-19,no
dbb670bb-4343-449d-8dcf-2fed1c328f0c,2026-02-18T12:03:40.891Z,PIEDRA,35,JADE,C7,spanish,male,10-19,no
dbb670bb-4343-449d-8dcf-2fed1c328f0c,2026-02-18T12:04:05.772Z,ANIMAL,2,BALLENA,G30,spanish,male,10-19,no
dbb670bb-4343-449d-8dcf-2fed1c328f0c,2026-02-18T12:04:16.199Z,PLANTA,47,CLAVEL,J2,spanish,male,10-19,no
dbb670bb-4343-449d-8dcf-2fed1c328f0c,2026-02-18T12:04:30.024Z,PIEDRA,34,RUBÍ,A14,spanish,male,10-19,no
dbb670bb-4343-449d-8dcf-2fed1c328f0c,2026-02-18T12:04:40.328Z,COMESTIBLE,23,ESPÁRRAGO,I13,spanish,male,10-19,no
c06baa36-50f7-4ad0-8af1-7aa3c98336c7,2026-02-18T12:11:12.218Z,SUBJETIVO,76,VERANO,N19,spanish,male,10-19,no
c06baa36-50f7-4ad0-8af1-7aa3c98336c7,2026-02-18T12:11:25.105Z,POP,85,PIKACHU,J1,spanish,male,10-19,no
c06baa36-50f7-4ad0-8af1-7aa3c98336c7,2026-02-18T12:11:39.693Z,PLANTA,45,AMAPOLA,K4,spanish,male,10-19,no
c06baa36-50f7-4ad0-8af1-7aa3c98336c7,2026-02-18T12:11:58.596Z,PLANTA,42,ALBAHACA,P14,spanish,male,10-19,no
c06baa36-50f7-4ad0-8af1-7aa3c98336c7,2026-02-18T12:12:11.620Z,ANIMAL,11,RANA,P11,spanish,male,10-19,no
c06baa36-50f7-4ad0-8af1-7aa3c98336c7,2026-02-18T12:12:22.937Z,ENTORNO,56,BARRO,A1,spanish,male,10-19,no
c06baa36-50f7-4ad0-8af1-7aa3c98336c7,2026-02-18T12:12:40.232Z,PIEDRA,31,AMATISTA,C17,spanish,male,10-19,no
c06baa36-50f7-4ad0-8af1-7aa3c98336c7,2026-02-18T12:13:02.604Z,COMESTIBLE,28,TOMATE,A14,spanish,male,10-19,YES
c392a170-ea06-4b0a-be7c-14774956acdd,2026-02-18T12:13:25.021Z,ANIMAL,10,MARIQUITA,L1,spanish,male,10-19,no
c06baa36-50f7-4ad0-8af1-7aa3c98336c7,2026-02-18T12:13:43.035Z,POP,96,BLAS (Y EPI),A13,spanish,male,10-19,YES
c392a170-ea06-4b0a-be7c-14774956acdd,2026-02-18T12:13:57.721Z,SUBJETIVO,66,SUEÑO,I30,spanish,male,10-19,no
c06baa36-50f7-4ad0-8af1-7aa3c98336c7,2026-02-18T12:14:04.649Z,SUBJETIVO,78,INVIERNO,K22,spanish,male,10-19,no
c06baa36-50f7-4ad0-8af1-7aa3c98336c7,2026-02-18T12:14:17.607Z,COMESTIBLE,20,PEPINO,P12,spanish,male,10-19,no
c06baa36-50f7-4ad0-8af1-7aa3c98336c7,2026-02-18T12:14:39.077Z,ANIMAL,9,TIGRE,E2,spanish,male,10-19,no
c06baa36-50f7-4ad0-8af1-7aa3c98336c7,2026-02-18T12:14:50.217Z,ENTORNO,63,SANGRE,A9,spanish,male,10-19,no
c06baa36-50f7-4ad0-8af1-7aa3c98336c7,2026-02-18T12:15:04.415Z,PIEDRA,30,PERLA,I17,spanish,male,10-19,no
f25d8d10-42ce-424a-b2ad-cf040b0925f4,2026-02-19T10:34:19.410Z,PIEDRA,39,LADRILLO,B9,spanish,male,10-19,no
f25d8d10-42ce-424a-b2ad-cf040b0925f4,2026-02-19T10:34:39.359Z,POP,84,SONIC,I30,spanish,male,10-19,no
f25d8d10-42ce-424a-b2ad-cf040b0925f4,2026-02-19T10:34:48.389Z,POP,97,PETER PAN,O11,spanish,male,10-19,no
f25d8d10-42ce-424a-b2ad-cf040b0925f4,2026-02-19T10:35:01.909Z,PIEDRA,35,JADE,A4,spanish,male,10-19,no
f25d8d10-42ce-424a-b2ad-cf040b0925f4,2026-02-19T10:35:19.025Z,COMESTIBLE,16,KIWI,A1,spanish,male,10-19,no
f25d8d10-42ce-424a-b2ad-cf040b0925f4,2026-02-19T10:35:52.843Z,SUBJETIVO,69,IRA,B9,spanish,male,10-19,no
f25d8d10-42ce-424a-b2ad-cf040b0925f4,2026-02-19T10:36:35.111Z,ENTORNO,64,ATARDECER,E5,spanish,male,10-19,no
f25d8d10-42ce-424a-b2ad-cf040b0925f4,2026-02-19T10:36:45.875Z,ANIMAL,6,GRILLO,K6,spanish,male,10-19,no
f25d8d10-42ce-424a-b2ad-cf040b0925f4,2026-02-19T10:36:59.603Z,PLANTA,43,MALVA,B17,spanish,male,10-19,no
f25d8d10-42ce-424a-b2ad-cf040b0925f4,2026-02-19T10:37:24.089Z,ANIMAL,5,ZORRO,C8,spanish,male,10-19,no
f25d8d10-42ce-424a-b2ad-cf040b0925f4,2026-02-19T10:37:40.905Z,COMESTIBLE,19,UVA,M5,spanish,male,10-19,no
f25d8d10-42ce-424a-b2ad-cf040b0925f4,2026-02-19T10:37:53.395Z,SUBJETIVO,71,ALEGRÍA,J3,spanish,male,10-19,no
f25d8d10-42ce-424a-b2ad-cf040b0925f4,2026-02-19T10:38:01.009Z,ENTORNO,63,SANGRE,A10,spanish,male,10-19,no
f25d8d10-42ce-424a-b2ad-cf040b0925f4,2026-02-19T10:38:25.706Z,PLANTA,45,AMAPOLA,A9,spanish,male,10-19,no
021d737f-c1ef-45be-98b1-fdb1b46e86fc,2026-02-19T11:23:41.044Z,PIEDRA,38,AMBAR,A1,spanish,male,10-19,no
021d737f-c1ef-45be-98b1-fdb1b46e86fc,2026-02-19T11:24:10.842Z,SUBJETIVO,65,VERGÜENZA,C29,spanish,male,10-19,no
021d737f-c1ef-45be-98b1-fdb1b46e86fc,2026-02-19T11:24:34.755Z,PIEDRA,30,PERLA,P30,spanish,male,10-19,no
4c2b5ffb-ea71-4b59-9539-c6451880d2a1,2026-02-19T11:24:52.009Z,ANIMAL,9,TIGRE,E6,spanish,male,10-19,no
021d737f-c1ef-45be-98b1-fdb1b46e86fc,2026-02-19T11:24:54.697Z,POP,93,SIMPSON,J3,spanish,male,10-19,no
021d737f-c1ef-45be-98b1-fdb1b46e86fc,2026-02-19T11:25:17.268Z,PLANTA,43,MALVA,I16,spanish,male,10-19,no
4c2b5ffb-ea71-4b59-9539-c6451880d2a1,2026-02-19T11:25:25.399Z,PLANTA,42,ALBAHACA,M9,spanish,male,10-19,no
4c2b5ffb-ea71-4b59-9539-c6451880d2a1,2026-02-19T11:25:36.381Z,PIEDRA,33,ORO,I2,spanish,male,10-19,no
021d737f-c1ef-45be-98b1-fdb1b46e86fc,2026-02-19T11:25:38.277Z,ENTORNO,64,ATARDECER,H2,spanish,male,10-19,no
4c2b5ffb-ea71-4b59-9539-c6451880d2a1,2026-02-19T11:25:45.192Z,POP,93,SIMPSON,K4,spanish,male,10-19,no
4c2b5ffb-ea71-4b59-9539-c6451880d2a1,2026-02-19T11:25:56.390Z,POP,97,PETER PAN,L13,spanish,male,10-19,no
021d737f-c1ef-45be-98b1-fdb1b46e86fc,2026-02-19T11:26:03.239Z,COMESTIBLE,19,UVA,C26,spanish,male,10-19,no
574201bd-2523-4760-b045-23afdcb6a830,2026-02-19T11:26:12.342Z,PIEDRA,36,TEJA,C5,spanish,male,70,no
021d737f-c1ef-45be-98b1-fdb1b46e86fc,2026-02-19T11:26:27.856Z,ENTORNO,61,CIELO,O29,spanish,male,10-19,no
82dff41d-2813-439b-9794-d3ca227342c6,2026-02-19T11:26:39.365Z,COMESTIBLE,23,ESPÁRRAGO,M9,spanish,male,10-19,no
7bd77d2e-1408-4f67-ab4c-06b2d3527ef0,2026-02-19T11:26:44.048Z,PLANTA,41,GIRASOL,K2,spanish,female,10-19,no
4d2acea2-b8be-4121-9763-af2abda3d2ca,2026-02-19T11:26:47.565Z,ENTORNO,59,AMANECER,G2,spanish,female,10-19,no
7d4aa5be-c34b-4338-8f6a-850b0fadea1f,2026-02-19T11:26:40.163Z,ANIMAL,12,AXOLOTE,G14,spanish,male,10-19,no
1b5dc02a-d642-4451-a69c-3356109154eb,2026-02-19T11:27:08.612Z,POP,97,PETER PAN,O14,spanish,male,10-19,no
021d737f-c1ef-45be-98b1-fdb1b46e86fc,2026-02-19T11:27:04.552Z,ANIMAL,2,BALLENA,J30,spanish,male,10-19,no
82dff41d-2813-439b-9794-d3ca227342c6,2026-02-19T11:27:02.600Z,ANIMAL,7,CANARIO,C30,spanish,male,10-19,no
800c0319-a70f-4812-99e2-2af704c5091f,2026-02-19T11:27:13.767Z,POP,99,SUBMARINO,I28,spanish,male,10-19,no
7d4aa5be-c34b-4338-8f6a-850b0fadea1f,2026-02-19T11:27:13.036Z,PIEDRA,32,ZAFIRO,K28,spanish,male,10-19,no
fac15f0d-7408-4dfa-a18f-dd525109d220,2026-02-19T11:27:16.080Z,PIEDRA,38,AMBAR,E1,spanish,male,10-19,no
021d737f-c1ef-45be-98b1-fdb1b46e86fc,2026-02-19T11:27:18.205Z,COMESTIBLE,18,CALABACÍN,F1,spanish,male,10-19,no
82dff41d-2813-439b-9794-d3ca227342c6,2026-02-19T11:27:21.391Z,SUBJETIVO,79,PRIMAVERA,I1,spanish,male,10-19,no
1b5dc02a-d642-4451-a69c-3356109154eb,2026-02-19T11:27:24.159Z,ENTORNO,63,SANGRE,A14,spanish,male,10-19,no
7bd77d2e-1408-4f67-ab4c-06b2d3527ef0,2026-02-19T11:27:23.885Z,POP,86,HULK,P11,spanish,female,10-19,no
a7e5a471-950f-4dfe-877d-42a907380578,2026-02-19T11:27:30.871Z,COMESTIBLE,20,PEPINO,P10,spanish,female,10-19,no
800c0319-a70f-4812-99e2-2af704c5091f,2026-02-19T11:27:34.389Z,ENTORNO,61,CIELO,L23,spanish,male,10-19,no
4d2acea2-b8be-4121-9763-af2abda3d2ca,2026-02-19T11:27:37.003Z,POP,90,BRUJERÍA,H1,spanish,female,10-19,no
021d737f-c1ef-45be-98b1-fdb1b46e86fc,2026-02-19T11:27:34.354Z,ANIMAL,7,CANARIO,G2,spanish,male,10-19,no
82dff41d-2813-439b-9794-d3ca227342c6,2026-02-19T11:27:38.085Z,SUBJETIVO,77,OTOÑO,B2,spanish,male,10-19,no
7bd77d2e-1408-4f67-ab4c-06b2d3527ef0,2026-02-19T11:27:38.862Z,COMESTIBLE,21,COCO,A1,spanish,female,10-19,no
fac15f0d-7408-4dfa-a18f-dd525109d220,2026-02-19T11:27:38.185Z,SUBJETIVO,70,ASCO,P3,spanish,male,10-19,no
1b5dc02a-d642-4451-a69c-3356109154eb,2026-02-19T11:27:41.492Z,PIEDRA,33,ORO,J1,spanish,male,10-19,no
d037a965-f667-45ba-b21e-ad9468d29618,2026-02-19T11:27:43.151Z,ANIMAL,3,PARDO,B4,spanish,male,10-19,no
800c0319-a70f-4812-99e2-2af704c5091f,2026-02-19T11:27:49.129Z,ANIMAL,6,GRILLO,I14,spanish,male,10-19,no
98f46fe5-11bc-42ea-93b9-6be48e9c3499,2026-02-19T11:27:48.957Z,PIEDRA,34,RUBÍ,B15,spanish,male,10-19,no
021d737f-c1ef-45be-98b1-fdb1b46e86fc,2026-02-19T11:27:48.752Z,POP,88,COLORETE,C15,spanish,male,10-19,no
3e4987b7-1157-4ae9-aa62-cac4f7877fa8,2026-02-19T11:27:48.614Z,PIEDRA,36,TEJA,A8,spanish,male,10-19,no
1b5dc02a-d642-4451-a69c-3356109154eb,2026-02-19T11:27:52.464Z,PLANTA,49,MENTA,A29,spanish,male,10-19,no
82dff41d-2813-439b-9794-d3ca227342c6,2026-02-19T11:27:52.275Z,PLANTA,43,MALVA,B10,spanish,male,10-19,no
6815e3ca-b9d1-444e-83b9-6a8f7ff9f54b,2026-02-19T11:27:53.946Z,COMESTIBLE,14,LIMÓN,K3,spanish,male,10-19,no
fac15f0d-7408-4dfa-a18f-dd525109d220,2026-02-19T11:27:53.963Z,COMESTIBLE,22,BERENJENA,A30,spanish,male,10-19,no
7d4aa5be-c34b-4338-8f6a-850b0fadea1f,2026-02-19T11:27:56.052Z,ANIMAL,8,CERDO,G16,spanish,male,10-19,no
1b5dc02a-d642-4451-a69c-3356109154eb,2026-02-19T11:28:06.432Z,ANIMAL,5,ZORRO,E7,spanish,male,10-19,no
021d737f-c1ef-45be-98b1-fdb1b46e86fc,2026-02-19T11:28:04.769Z,SUBJETIVO,68,PAZ,B12,spanish,male,10-19,no
98f46fe5-11bc-42ea-93b9-6be48e9c3499,2026-02-19T11:28:06.897Z,ANIMAL,9,TIGRE,C7,spanish,male,10-19,no
800c0319-a70f-4812-99e2-2af704c5091f,2026-02-19T11:28:09.198Z,PIEDRA,37,LAPISLÁZULI,K30,spanish,male,10-19,no
82dff41d-2813-439b-9794-d3ca227342c6,2026-02-19T11:28:10.905Z,ENTORNO,62,RAYO,J1,spanish,male,10-19,no
a7e5a471-950f-4dfe-877d-42a907380578,2026-02-19T11:28:15.578Z,POP,83,TRACTOR,J3,spanish,female,10-19,no
98f46fe5-11bc-42ea-93b9-6be48e9c3499,2026-02-19T11:28:16.103Z,POP,90,BRUJERÍA,I30,spanish,male,10-19,no
6815e3ca-b9d1-444e-83b9-6a8f7ff9f54b,2026-02-19T11:28:14.042Z,ENTORNO,53,FUEGO,B10,spanish,male,10-19,no
d037a965-f667-45ba-b21e-ad9468d29618,2026-02-19T11:28:17.565Z,POP,87,BARBIE,C16,spanish,male,10-19,no
4d2acea2-b8be-4121-9763-af2abda3d2ca,2026-02-19T11:28:18.047Z,PIEDRA,38,AMBAR,I4,spanish,female,10-19,no
800c0319-a70f-4812-99e2-2af704c5091f,2026-02-19T11:28:18.576Z,COMESTIBLE,22,BERENJENA,I29,spanish,male,10-19,no
021d737f-c1ef-45be-98b1-fdb1b46e86fc,2026-02-19T11:28:16.504Z,PLANTA,42,ALBAHACA,A14,spanish,male,10-19,no
7d4aa5be-c34b-4338-8f6a-850b0fadea1f,2026-02-19T11:28:21.144Z,POP,95,MONST. GALLETA,J30,spanish,male,10-19,no
1b5dc02a-d642-4451-a69c-3356109154eb,2026-02-19T11:28:23.981Z,PIEDRA,40,ESMERALDA,N10,spanish,male,10-19,no
82dff41d-2813-439b-9794-d3ca227342c6,2026-02-19T11:28:24.597Z,PIEDRA,36,TEJA,I16,spanish,male,10-19,no
fac15f0d-7408-4dfa-a18f-dd525109d220,2026-02-19T11:28:29.408Z,POP,83,TRACTOR,O11,spanish,male,10-19,no
d037a965-f667-45ba-b21e-ad9468d29618,2026-02-19T11:28:32.451Z,PIEDRA,33,ORO,H2,spanish,male,10-19,no
1b5dc02a-d642-4451-a69c-3356109154eb,2026-02-19T11:28:34.107Z,ENTORNO,55,MARÍTIMO,K26,spanish,male,10-19,no
7bd77d2e-1408-4f67-ab4c-06b2d3527ef0,2026-02-19T11:28:32.505Z,ANIMAL,11,RANA,O16,spanish,female,10-19,no
4d2acea2-b8be-4121-9763-af2abda3d2ca,2026-02-19T11:28:33.292Z,COMESTIBLE,17,CALABAZA,E3,spanish,female,10-19,no
98f46fe5-11bc-42ea-93b9-6be48e9c3499,2026-02-19T11:28:34.117Z,PLANTA,49,MENTA,O25,spanish,male,10-19,no
800c0319-a70f-4812-99e2-2af704c5091f,2026-02-19T11:28:35.058Z,ANIMAL,11,RANA,O12,spanish,male,10-19,no
82dff41d-2813-439b-9794-d3ca227342c6,2026-02-19T11:28:37.151Z,POP,93,SIMPSON,J2,spanish,male,10-19,no
7d4aa5be-c34b-4338-8f6a-850b0fadea1f,2026-02-19T11:28:35.830Z,SUBJETIVO,69,IRA,A12,spanish,male,10-19,no
800c0319-a70f-4812-99e2-2af704c5091f,2026-02-19T11:28:42.812Z,COMESTIBLE,17,CALABAZA,E4,spanish,male,10-19,no
fac15f0d-7408-4dfa-a18f-dd525109d220,2026-02-19T11:28:42.122Z,COMESTIBLE,25,MANZANA,B8,spanish,male,10-19,no
98f46fe5-11bc-42ea-93b9-6be48e9c3499,2026-02-19T11:28:44.510Z,COMESTIBLE,20,PEPINO,P10,spanish,male,10-19,no
d037a965-f667-45ba-b21e-ad9468d29618,2026-02-19T11:28:45.397Z,ENTORNO,52,PIEL,A1,spanish,male,10-19,no
1b5dc02a-d642-4451-a69c-3356109154eb,2026-02-19T11:28:47.786Z,COMESTIBLE,25,MANZANA,B9,spanish,male,10-19,no
4d2acea2-b8be-4121-9763-af2abda3d2ca,2026-02-19T11:28:51.434Z,PLANTA,42,ALBAHACA,O8,spanish,female,10-19,no
98f46fe5-11bc-42ea-93b9-6be48e9c3499,2026-02-19T11:28:51.822Z,POP,85,PIKACHU,G1,spanish,male,10-19,no
82dff41d-2813-439b-9794-d3ca227342c6,2026-02-19T11:28:52.569Z,PLANTA,50,MADERA,C5,spanish,male,10-19,no
7bd77d2e-1408-4f67-ab4c-06b2d3527ef0,2026-02-19T11:28:52.987Z,PIEDRA,34,RUBÍ,A10,spanish,female,10-19,no
fac15f0d-7408-4dfa-a18f-dd525109d220,2026-02-19T11:28:53.420Z,PIEDRA,32,ZAFIRO,J29,spanish,male,10-19,no
3e4987b7-1157-4ae9-aa62-cac4f7877fa8,2026-02-19T11:28:49.602Z,SUBJETIVO,78,INVIERNO,K22,spanish,male,10-19,no
800c0319-a70f-4812-99e2-2af704c5091f,2026-02-19T11:28:56.140Z,POP,82,SHRECK,N8,spanish,male,10-19,no
a7e5a471-950f-4dfe-877d-42a907380578,2026-02-19T11:28:56.303Z,SUBJETIVO,76,VERANO,K4,spanish,female,10-19,no
d037a965-f667-45ba-b21e-ad9468d29618,2026-02-19T11:28:58.863Z,ENTORNO,55,MARÍTIMO,N29,spanish,male,10-19,no
1b5dc02a-d642-4451-a69c-3356109154eb,2026-02-19T11:29:01.760Z,ANIMAL,4,FLAMENCO,F15,spanish,male,10-19,no
7d4aa5be-c34b-4338-8f6a-850b0fadea1f,2026-02-19T11:29:01.041Z,PLANTA,42,ALBAHACA,O11,spanish,male,10-19,no
98f46fe5-11bc-42ea-93b9-6be48e9c3499,2026-02-19T11:29:05.454Z,PIEDRA,37,LAPISLÁZULI,K21,spanish,male,10-19,no
fac15f0d-7408-4dfa-a18f-dd525109d220,2026-02-19T11:29:03.402Z,PLANTA,46,TRIGO,I11,spanish,male,10-19,no
82dff41d-2813-439b-9794-d3ca227342c6,2026-02-19T11:29:10.040Z,ANIMAL,9,TIGRE,E5,spanish,male,10-19,no
d037a965-f667-45ba-b21e-ad9468d29618,2026-02-19T11:29:12.867Z,COMESTIBLE,29,REMOLACHA,C24,spanish,male,10-19,no
7bd77d2e-1408-4f67-ab4c-06b2d3527ef0,2026-02-19T11:29:14.825Z,ANIMAL,3,PARDO,A3,spanish,female,10-19,no
800c0319-a70f-4812-99e2-2af704c5091f,2026-02-19T11:29:15.138Z,SUBJETIVO,70,ASCO,N14,spanish,male,10-19,no
7d4aa5be-c34b-4338-8f6a-850b0fadea1f,2026-02-19T11:29:14.588Z,POP,89,PITUFO,N30,spanish,male,10-19,no
fac15f0d-7408-4dfa-a18f-dd525109d220,2026-02-19T11:29:13.859Z,PLANTA,48,CORAL,G11,spanish,male,10-19,no
1b5dc02a-d642-4451-a69c-3356109154eb,2026-02-19T11:29:17.696Z,PLANTA,46,TRIGO,I7,spanish,male,10-19,no
3e4987b7-1157-4ae9-aa62-cac4f7877fa8,2026-02-19T11:29:12.944Z,SUBJETIVO,67,ECOLOGÍA,N9,spanish,male,10-19,no
98f46fe5-11bc-42ea-93b9-6be48e9c3499,2026-02-19T11:29:16.783Z,ENTORNO,63,SANGRE,A12,spanish,male,10-19,no
4d2acea2-b8be-4121-9763-af2abda3d2ca,2026-02-19T11:29:17.324Z,SUBJETIVO,65,VERGÜENZA,C7,spanish,female,10-19,no
800c0319-a70f-4812-99e2-2af704c5091f,2026-02-19T11:29:20.392Z,PLANTA,41,GIRASOL,I2,spanish,male,10-19,no
d037a965-f667-45ba-b21e-ad9468d29618,2026-02-19T11:29:22.539Z,COMESTIBLE,16,KIWI,M13,spanish,male,10-19,no
82dff41d-2813-439b-9794-d3ca227342c6,2026-02-19T11:29:23.888Z,PIEDRA,39,LADRILLO,A7,spanish,male,10-19,no
1b5dc02a-d642-4451-a69c-3356109154eb,2026-02-19T11:29:30.440Z,COMESTIBLE,21,COCO,C1,spanish,male,10-19,no
7d4aa5be-c34b-4338-8f6a-850b0fadea1f,2026-02-19T11:29:37.253Z,COMESTIBLE,17,CALABAZA,E5,spanish,male,10-19,no
82dff41d-2813-439b-9794-d3ca227342c6,2026-02-19T11:29:36.239Z,ENTORNO,57,CÉSPED,P13,spanish,male,10-19,no
3e4987b7-1157-4ae9-aa62-cac4f7877fa8,2026-02-19T11:29:40.289Z,ENTORNO,52,PIEL,H10,spanish,male,10-19,no
82dff41d-2813-439b-9794-d3ca227342c6,2026-02-19T11:29:45.947Z,POP,90,BRUJERÍA,I6,spanish,male,10-19,no
d037a965-f667-45ba-b21e-ad9468d29618,2026-02-19T11:29:50.791Z,SUBJETIVO,74,TRISTEZA,N27,spanish,male,10-19,no
7d4aa5be-c34b-4338-8f6a-850b0fadea1f,2026-02-19T11:29:51.890Z,ENTORNO,63,SANGRE,A13,spanish,male,10-19,no
1b5dc02a-d642-4451-a69c-3356109154eb,2026-02-19T11:29:55.266Z,POP,95,MONST. GALLETA,K28,spanish,male,10-19,no
82dff41d-2813-439b-9794-d3ca227342c6,2026-02-19T11:29:57.903Z,COMESTIBLE,18,CALABACÍN,I11,spanish,male,10-19,no
d037a965-f667-45ba-b21e-ad9468d29618,2026-02-19T11:30:00.463Z,ANIMAL,11,RANA,O16,spanish,male,10-19,no
a7e5a471-950f-4dfe-877d-42a907380578,2026-02-19T11:30:03.082Z,ENTORNO,52,PIEL,H11,spanish,female,10-19,no
7d4aa5be-c34b-4338-8f6a-850b0fadea1f,2026-02-19T11:30:07.308Z,PIEDRA,38,AMBAR,G3,spanish,male,10-19,no
1b5dc02a-d642-4451-a69c-3356109154eb,2026-02-19T11:30:21.063Z,SUBJETIVO,72,SOLEDAD,G29,spanish,male,10-19,no
d037a965-f667-45ba-b21e-ad9468d29618,2026-02-19T11:30:21.147Z,SUBJETIVO,73,PELIGRO,A13,spanish,male,10-19,no
d037a965-f667-45ba-b21e-ad9468d29618,2026-02-19T11:30:29.545Z,PIEDRA,32,ZAFIRO,K30,spanish,male,10-19,no
1b5dc02a-d642-4451-a69c-3356109154eb,2026-02-19T11:30:30.730Z,SUBJETIVO,69,IRA,A10,spanish,male,10-19,no
7d4aa5be-c34b-4338-8f6a-850b0fadea1f,2026-02-19T11:30:30.882Z,SUBJETIVO,79,PRIMAVERA,F15,spanish,male,10-19,no
fac15f0d-7408-4dfa-a18f-dd525109d220,2026-02-19T11:30:16.839Z,ENTORNO,54,ARENA,H4,spanish,male,10-19,no
d037a965-f667-45ba-b21e-ad9468d29618,2026-02-19T11:30:39.426Z,POP,95,MONST. GALLETA,I30,spanish,male,10-19,no
7d4aa5be-c34b-4338-8f6a-850b0fadea1f,2026-02-19T11:30:40.919Z,ENTORNO,52,PIEL,B1,spanish,male,10-19,no
d037a965-f667-45ba-b21e-ad9468d29618,2026-02-19T11:30:49.926Z,PLANTA,48,CORAL,A2,spanish,male,10-19,no
a7e5a471-950f-4dfe-877d-42a907380578,2026-02-19T11:30:53.590Z,PLANTA,45,AMAPOLA,A12,spanish,female,10-19,no
7d4aa5be-c34b-4338-8f6a-850b0fadea1f,2026-02-19T11:30:55.654Z,PLANTA,44,LAVANDA,F17,spanish,male,10-19,no
d037a965-f667-45ba-b21e-ad9468d29618,2026-02-19T11:31:00.085Z,PLANTA,45,AMAPOLA,I17,spanish,male,10-19,no
7d4aa5be-c34b-4338-8f6a-850b0fadea1f,2026-02-19T11:31:09.513Z,COMESTIBLE,18,CALABACÍN,O9,spanish,male,10-19,no
a7e5a471-950f-4dfe-877d-42a907380578,2026-02-19T11:32:24.163Z,PIEDRA,37,LAPISLÁZULI,I30,spanish,female,10-19,no
a7e5a471-950f-4dfe-877d-42a907380578,2026-02-19T11:32:36.312Z,COMESTIBLE,22,BERENJENA,F28,spanish,female,10-19,no
a7e5a471-950f-4dfe-877d-42a907380578,2026-02-19T11:32:56.632Z,PIEDRA,36,TEJA,C4,spanish,female,10-19,no
a7e5a471-950f-4dfe-877d-42a907380578,2026-02-19T11:33:29.471Z,PLANTA,42,ALBAHACA,O12,spanish,female,10-19,no
a7e5a471-950f-4dfe-877d-42a907380578,2026-02-19T11:33:44.172Z,SUBJETIVO,77,OTOÑO,B3,spanish,female,10-19,no
b43cb697-7769-4120-ba2d-9946677cf953,2026-02-19T12:08:43.277Z,ENTORNO,54,ARENA,G5,spanish,male,10-19,no
c072bdbd-e9e3-4585-8431-b52a98236b9f,2026-02-19T12:08:46.168Z,ENTORNO,61,CIELO,L23,spanish,male,10-19,no
c072bdbd-e9e3-4585-8431-b52a98236b9f,2026-02-19T12:09:13.255Z,PIEDRA,38,AMBAR,E4,spanish,male,10-19,no
b43cb697-7769-4120-ba2d-9946677cf953,2026-02-19T12:09:24.266Z,SUBJETIVO,77,OTOÑO,D7,spanish,male,10-19,no
c072bdbd-e9e3-4585-8431-b52a98236b9f,2026-02-19T12:09:23.887Z,POP,98,STITCH,N30,spanish,male,10-19,no
b43cb697-7769-4120-ba2d-9946677cf953,2026-02-19T12:09:33.179Z,ANIMAL,10,MARIQUITA,A8,spanish,male,10-19,no
a7350c1f-689b-4517-a1b0-5c35b059e853,2026-02-19T12:09:35.490Z,ANIMAL,11,RANA,N13,spanish,male,10-19,no
a7350c1f-689b-4517-a1b0-5c35b059e853,2026-02-19T12:09:49.154Z,COMESTIBLE,14,LIMÓN,K3,spanish,male,10-19,no
a7350c1f-689b-4517-a1b0-5c35b059e853,2026-02-19T12:10:55.300Z,COMESTIBLE,14,LIMÓN,K3,spanish,male,10-19,no
a7350c1f-689b-4517-a1b0-5c35b059e853,2026-02-19T12:11:21.366Z,SUBJETIVO,69,IRA,A13,spanish,male,10-19,no
a7350c1f-689b-4517-a1b0-5c35b059e853,2026-02-19T12:11:44.180Z,PIEDRA,37,LAPISLÁZULI,I29,spanish,male,10-19,no
a7e5a471-950f-4dfe-877d-42a907380578,2026-02-19T12:12:04.473Z,ANIMAL,13,SAPO,P1,spanish,female,10-19,no
a7e5a471-950f-4dfe-877d-42a907380578,2026-02-19T12:12:17.898Z,ANIMAL,12,AXOLOTE,G15,spanish,female,10-19,no
a7e5a471-950f-4dfe-877d-42a907380578,2026-02-19T12:12:39.458Z,ENTORNO,57,CÉSPED,O5,spanish,female,10-19,no
a7e5a471-950f-4dfe-877d-42a907380578,2026-02-19T12:13:03.112Z,POP,89,PITUFO,N28,spanish,female,10-19,no
a64230b7-fbb4-46b9-8031-825539a513ff,2026-02-19T12:09:06.733Z,ANIMAL,7,CANARIO,K8,spanish,male,10-19,no
58e33e6c-963f-402d-bc40-d6a63bfa1033,2026-02-19T12:36:05.149Z,PLANT,46,WHEAT,J8,english,female,10-19,no
58e33e6c-963f-402d-bc40-d6a63bfa1033,2026-02-19T12:36:43.503Z,FOOD,16,KIWI,M8,english,female,10-19,no
58e33e6c-963f-402d-bc40-d6a63bfa1033,2026-02-19T12:37:32.466Z,POP,89,SMURF,N28,english,female,10-19,no
58e33e6c-963f-402d-bc40-d6a63bfa1033,2026-02-19T12:38:43.990Z,ANIMAL,10,LADYBUG,B8,english,female,10-19,no
58e33e6c-963f-402d-bc40-d6a63bfa1033,2026-02-19T12:39:36.059Z,PLANT,49,MINT,P11,english,female,10-19,no
58e33e6c-963f-402d-bc40-d6a63bfa1033,2026-02-19T12:40:01.349Z,ENVIRONMENT,51,HURRICANE,I19,english,female,10-19,no
58e33e6c-963f-402d-bc40-d6a63bfa1033,2026-02-19T12:40:51.706Z,SUBJETIVE,68,PEACE,J17,english,female,10-19,no
58e33e6c-963f-402d-bc40-d6a63bfa1033,2026-02-19T12:41:31.504Z,STONE,33,GOLD,I1,english,female,10-19,no
58e33e6c-963f-402d-bc40-d6a63bfa1033,2026-02-19T12:41:52.729Z,ENVIRONMENT,57,GRASS,N11,english,female,10-19,no
58e33e6c-963f-402d-bc40-d6a63bfa1033,2026-02-19T12:42:17.614Z,SUBJETIVE,66,RELAX,F16,english,female,10-19,no
58e33e6c-963f-402d-bc40-d6a63bfa1033,2026-02-19T12:42:29.865Z,FOOD,14,LEMON,I5,english,female,10-19,no
58e33e6c-963f-402d-bc40-d6a63bfa1033,2026-02-19T12:42:56.705Z,POP,83,TRACTOR,J3,english,female,10-19,no
58e33e6c-963f-402d-bc40-d6a63bfa1033,2026-02-19T12:43:15.236Z,ANIMAL,8,PIG,H15,english,female,10-19,no
58e33e6c-963f-402d-bc40-d6a63bfa1033,2026-02-19T12:43:33.436Z,STONE,32,SAPPHIRE,C14,english,female,10-19,no
6064efcc-0131-45d3-8bd9-5b06ab102c13,2026-02-19T12:46:37.324Z,ENTORNO,63,SANGRE,B13,spanish,female,10-19,no
6064efcc-0131-45d3-8bd9-5b06ab102c13,2026-02-19T12:47:10.057Z,PLANTA,42,ALBAHACA,P11,spanish,female,10-19,no
5d570b74-197b-48b1-9724-db2a18e545d4,2026-02-19T16:19:51.430Z,ENTORNO,61,CIELO,L23,spanish,male,10-19,no
4551a241-5290-43f6-ab19-6d41bd5759b4,2026-02-20T10:20:10.512Z,POP,87,BARBIE,H14,spanish,male,10-19,no
4551a241-5290-43f6-ab19-6d41bd5759b4,2026-02-20T10:20:32.587Z,COMESTIBLE,25,MANZANA,O14,spanish,male,10-19,no
4551a241-5290-43f6-ab19-6d41bd5759b4,2026-02-20T10:20:51.659Z,ANIMAL,6,GRILLO,P10,spanish,male,10-19,no
4551a241-5290-43f6-ab19-6d41bd5759b4,2026-02-20T10:21:10.014Z,COMESTIBLE,20,PEPINO,P9,spanish,male,10-19,no
4551a241-5290-43f6-ab19-6d41bd5759b4,2026-02-20T10:21:22.060Z,PLANTA,41,GIRASOL,L4,spanish,male,10-19,no
4551a241-5290-43f6-ab19-6d41bd5759b4,2026-02-20T10:21:34.734Z,ANIMAL,8,CERDO,H13,spanish,male,10-19,no
4551a241-5290-43f6-ab19-6d41bd5759b4,2026-02-20T10:21:43.982Z,ENTORNO,57,CÉSPED,N10,spanish,male,10-19,no
4551a241-5290-43f6-ab19-6d41bd5759b4,2026-02-20T10:21:57.913Z,PIEDRA,30,PERLA,J19,spanish,male,10-19,no
4551a241-5290-43f6-ab19-6d41bd5759b4,2026-02-20T10:22:12.713Z,PLANTA,44,LAVANDA,F24,spanish,male,10-19,no
4551a241-5290-43f6-ab19-6d41bd5759b4,2026-02-20T10:22:29.936Z,SUBJETIVO,70,ASCO,P11,spanish,male,10-19,no
4551a241-5290-43f6-ab19-6d41bd5759b4,2026-02-20T10:22:41.139Z,SUBJETIVO,73,PELIGRO,A1,spanish,male,10-19,no
4551a241-5290-43f6-ab19-6d41bd5759b4,2026-02-20T10:22:57.672Z,ENTORNO,62,RAYO,K2,spanish,male,10-19,no
4551a241-5290-43f6-ab19-6d41bd5759b4,2026-02-20T10:23:08.056Z,PIEDRA,35,JADE,I16,spanish,male,10-19,no
4551a241-5290-43f6-ab19-6d41bd5759b4,2026-02-20T10:23:17.284Z,POP,100,ELMO,B9,spanish,male,10-19,no
7d53d6f2-8428-4468-a014-a0894efc4bba,2026-02-20T10:23:37.177Z,PLANTA,49,MENTA,N18,spanish,female,10-19,no
7d53d6f2-8428-4468-a014-a0894efc4bba,2026-02-20T10:24:04.409Z,POP,99,SUBMARINO,I4,spanish,female,10-19,no
7d53d6f2-8428-4468-a014-a0894efc4bba,2026-02-20T10:24:25.497Z,ANIMAL,2,BALLENA,J24,spanish,female,10-19,no
7d53d6f2-8428-4468-a014-a0894efc4bba,2026-02-20T10:24:57.346Z,SUBJETIVO,75,TÓXICO,P17,spanish,female,10-19,no
7d53d6f2-8428-4468-a014-a0894efc4bba,2026-02-20T10:25:50.798Z,ENTORNO,63,SANGRE,B13,spanish,female,10-19,no
7d53d6f2-8428-4468-a014-a0894efc4bba,2026-02-20T10:26:15.146Z,ENTORNO,58,ESTANQUE,M22,spanish,female,10-19,no
7d53d6f2-8428-4468-a014-a0894efc4bba,2026-02-20T10:26:46.519Z,PIEDRA,40,ESMERALDA,M21,spanish,female,10-19,no
7d53d6f2-8428-4468-a014-a0894efc4bba,2026-02-20T10:27:02.649Z,COMESTIBLE,20,PEPINO,O15,spanish,female,10-19,no
7d53d6f2-8428-4468-a014-a0894efc4bba,2026-02-20T10:27:19.884Z,SUBJETIVO,70,ASCO,O16,spanish,female,10-19,no
7d53d6f2-8428-4468-a014-a0894efc4bba,2026-02-20T10:27:41.869Z,POP,95,MONST. GALLETA,L25,spanish,female,10-19,no
7d53d6f2-8428-4468-a014-a0894efc4bba,2026-02-20T10:28:22.136Z,PIEDRA,35,JADE,N9,spanish,female,10-19,no
7d53d6f2-8428-4468-a014-a0894efc4bba,2026-02-20T10:28:39.782Z,ANIMAL,11,RANA,P11,spanish,female,10-19,no
7d53d6f2-8428-4468-a014-a0894efc4bba,2026-02-20T10:28:53.049Z,PLANTA,42,ALBAHACA,P16,spanish,female,10-19,no
7d53d6f2-8428-4468-a014-a0894efc4bba,2026-02-20T10:29:07.639Z,COMESTIBLE,17,CALABAZA,E4,spanish,female,10-19,no
3231ed00-d389-44c0-adb9-7735d6fb5575,2026-02-20T11:29:47.681Z,PIEDRA,39,LADRILLO,M27,spanish,other,50-59,no
3231ed00-d389-44c0-adb9-7735d6fb5575,2026-02-20T11:30:03.004Z,PLANTA,43,MALVA,A1,spanish,other,50-59,no
3231ed00-d389-44c0-adb9-7735d6fb5575,2026-02-20T11:30:16.323Z,ENTORNO,64,ATARDECER,P17,spanish,other,50-59,no
6e2b0097-8267-4343-b40e-6687991333dd,2026-02-20T11:33:15.393Z,POP,91,EPI (Y BLAS),E5,spanish,male,10-19,YES
28bdb7af-139c-43d6-ba46-8f8f7871dd8f,2026-02-20T11:33:26.399Z,ENTORNO,55,MARÍTIMO,M1,spanish,male,10-19,no
6e2b0097-8267-4343-b40e-6687991333dd,2026-02-20T11:33:40.774Z,ENTORNO,55,MARÍTIMO,J27,spanish,male,10-19,YES
28bdb7af-139c-43d6-ba46-8f8f7871dd8f,2026-02-20T11:33:41.733Z,COMESTIBLE,26,HUEVO,J17,spanish,male,10-19,YES
28bdb7af-139c-43d6-ba46-8f8f7871dd8f,2026-02-20T11:33:54.489Z,ANIMAL,7,CANARIO,K4,spanish,male,10-19,no
6e2b0097-8267-4343-b40e-6687991333dd,2026-02-20T11:33:55.692Z,COMESTIBLE,24,MELOCOTÓN,G3,spanish,male,10-19,YES
28bdb7af-139c-43d6-ba46-8f8f7871dd8f,2026-02-20T11:34:13.002Z,PIEDRA,38,AMBAR,D5,spanish,male,10-19,no
6e2b0097-8267-4343-b40e-6687991333dd,2026-02-20T11:34:19.232Z,ANIMAL,2,BALLENA,N30,spanish,male,10-19,no
6e2b0097-8267-4343-b40e-6687991333dd,2026-02-20T11:35:50.565Z,COMESTIBLE,17,CALABAZA,E5,spanish,male,10-19,no
6e2b0097-8267-4343-b40e-6687991333dd,2026-02-20T11:35:59.650Z,SUBJETIVO,77,OTOÑO,D2,spanish,male,10-19,no
6e2b0097-8267-4343-b40e-6687991333dd,2026-02-20T11:36:19.608Z,PLANTA,47,CLAVEL,C21,spanish,male,10-19,no
6e2b0097-8267-4343-b40e-6687991333dd,2026-02-20T11:36:29.874Z,ENTORNO,53,FUEGO,D7,spanish,male,10-19,no
6e2b0097-8267-4343-b40e-6687991333dd,2026-02-20T11:36:38.229Z,PIEDRA,30,PERLA,K19,spanish,male,10-19,no
6e2b0097-8267-4343-b40e-6687991333dd,2026-02-20T11:36:46.679Z,POP,86,HULK,N12,spanish,male,10-19,no
6e2b0097-8267-4343-b40e-6687991333dd,2026-02-20T11:36:54.162Z,PLANTA,41,GIRASOL,I3,spanish,male,10-19,no
6e2b0097-8267-4343-b40e-6687991333dd,2026-02-20T11:37:20.532Z,ANIMAL,3,PARDO,A3,spanish,male,10-19,no
6e2b0097-8267-4343-b40e-6687991333dd,2026-02-20T11:37:31.348Z,SUBJETIVO,65,VERGÜENZA,I24,spanish,male,10-19,no
6e2b0097-8267-4343-b40e-6687991333dd,2026-02-20T11:37:40.236Z,PIEDRA,31,AMATISTA,D22,spanish,male,10-19,no
c841e211-1429-4da6-9d5c-1ac0e04363ea,2026-02-20T12:01:37.520Z,ENTORNO,58,ESTANQUE,M11,spanish,male,10-19,no
27be6427-3cc7-47f9-aef9-a4b48ae2c9d0,2026-02-20T12:20:07.002Z,PIEDRA,38,AMBAR,E6,spanish,male,10-19,no
27be6427-3cc7-47f9-aef9-a4b48ae2c9d0,2026-02-20T12:20:42.809Z,POP,100,ELMO,B12,spanish,male,10-19,no
27be6427-3cc7-47f9-aef9-a4b48ae2c9d0,2026-02-20T12:20:58.501Z,COMESTIBLE,23,ESPÁRRAGO,K15,spanish,male,10-19,no
27be6427-3cc7-47f9-aef9-a4b48ae2c9d0,2026-02-20T12:21:50.498Z,PIEDRA,35,JADE,N15,spanish,male,10-19,no
467f1c10-3249-4095-b8c7-78f0e00734a2,2026-02-20T12:21:51.669Z,SUBJETIVO,74,TRISTEZA,I30,spanish,female,10-19,no
27be6427-3cc7-47f9-aef9-a4b48ae2c9d0,2026-02-20T12:22:14.361Z,ANIMAL,12,AXOLOTE,E13,spanish,male,10-19,no
467f1c10-3249-4095-b8c7-78f0e00734a2,2026-02-20T12:22:31.926Z,PLANTA,47,CLAVEL,I9,spanish,female,10-19,no
27be6427-3cc7-47f9-aef9-a4b48ae2c9d0,2026-02-20T12:22:36.891Z,PLANTA,46,TRIGO,F2,spanish,male,10-19,no
27be6427-3cc7-47f9-aef9-a4b48ae2c9d0,2026-02-20T12:22:55.894Z,ENTORNO,59,AMANECER,D6,spanish,male,10-19,no
27be6427-3cc7-47f9-aef9-a4b48ae2c9d0,2026-02-20T12:23:11.118Z,SUBJETIVO,74,TRISTEZA,N30,spanish,male,10-19,no
27be6427-3cc7-47f9-aef9-a4b48ae2c9d0,2026-02-20T12:23:26.178Z,COMESTIBLE,14,LIMÓN,L1,spanish,male,10-19,no
27be6427-3cc7-47f9-aef9-a4b48ae2c9d0,2026-02-20T12:23:38.524Z,ANIMAL,4,FLAMENCO,H15,spanish,male,10-19,no
27be6427-3cc7-47f9-aef9-a4b48ae2c9d0,2026-02-20T12:23:53.239Z,POP,85,PIKACHU,I1,spanish,male,10-19,no
467f1c10-3249-4095-b8c7-78f0e00734a2,2026-02-20T12:24:05.435Z,ANIMAL,1,SALMÓN,D10,spanish,female,10-19,no
27be6427-3cc7-47f9-aef9-a4b48ae2c9d0,2026-02-20T12:24:09.728Z,SUBJETIVO,66,SUEÑO,M14,spanish,male,10-19,no
467f1c10-3249-4095-b8c7-78f0e00734a2,2026-02-20T12:24:25.188Z,POP,92,GRINCH,N7,spanish,female,10-19,no
27be6427-3cc7-47f9-aef9-a4b48ae2c9d0,2026-02-20T12:24:33.247Z,ENTORNO,62,RAYO,J6,spanish,male,10-19,no
27be6427-3cc7-47f9-aef9-a4b48ae2c9d0,2026-02-20T12:24:45.982Z,PLANTA,49,MENTA,P10,spanish,male,10-19,no
467f1c10-3249-4095-b8c7-78f0e00734a2,2026-02-20T12:25:07.567Z,ENTORNO,51,HURACÁN,H19,spanish,female,10-19,no
467f1c10-3249-4095-b8c7-78f0e00734a2,2026-02-20T12:25:50.526Z,COMESTIBLE,16,KIWI,N11,spanish,female,10-19,no
467f1c10-3249-4095-b8c7-78f0e00734a2,2026-02-20T12:26:11.294Z,PLANTA,49,MENTA,P5,spanish,female,10-19,no
467f1c10-3249-4095-b8c7-78f0e00734a2,2026-02-20T12:27:07.610Z,SUBJETIVO,76,VERANO,F3,spanish,female,10-19,no
467f1c10-3249-4095-b8c7-78f0e00734a2,2026-02-20T12:27:45.455Z,POP,100,ELMO,A12,spanish,female,10-19,no
467f1c10-3249-4095-b8c7-78f0e00734a2,2026-02-20T12:28:07.373Z,ENTORNO,59,AMANECER,G10,spanish,female,10-19,no
467f1c10-3249-4095-b8c7-78f0e00734a2,2026-02-20T12:28:20.047Z,PIEDRA,33,ORO,E1,spanish,female,10-19,no
467f1c10-3249-4095-b8c7-78f0e00734a2,2026-02-20T12:28:47.961Z,COMESTIBLE,24,MELOCOTÓN,E8,spanish,female,10-19,no
467f1c10-3249-4095-b8c7-78f0e00734a2,2026-02-20T12:29:22.894Z,ANIMAL,12,AXOLOTE,G15,spanish,female,10-19,no
467f1c10-3249-4095-b8c7-78f0e00734a2,2026-02-20T12:29:43.950Z,PIEDRA,40,ESMERALDA,O22,spanish,female,10-19,no
ff7d8bba-3815-46b9-bbfc-85a48fc3e0e2,2026-02-20T13:18:00.477Z,PIEDRA,40,ESMERALDA,B1,spanish,male,10-19,no
ff7d8bba-3815-46b9-bbfc-85a48fc3e0e2,2026-02-20T13:18:16.774Z,POP,97,PETER PAN,N17,spanish,male,10-19,no
ff7d8bba-3815-46b9-bbfc-85a48fc3e0e2,2026-02-20T13:18:30.864Z,COMESTIBLE,26,HUEVO,I11,spanish,male,10-19,no
ff7d8bba-3815-46b9-bbfc-85a48fc3e0e2,2026-02-20T13:18:54.132Z,ENTORNO,59,AMANECER,J7,spanish,male,10-19,no
ff7d8bba-3815-46b9-bbfc-85a48fc3e0e2,2026-02-20T13:19:07.254Z,PIEDRA,38,AMBAR,B9,spanish,male,10-19,no
ff7d8bba-3815-46b9-bbfc-85a48fc3e0e2,2026-02-20T13:19:17.188Z,ANIMAL,5,ZORRO,E6,spanish,male,10-19,no
0af8c429-e947-4a64-944c-b2c7636fbb71,2026-02-20T13:26:50.964Z,COMESTIBLE,16,KIWI,P14,spanish,female,10-19,no
0af8c429-e947-4a64-944c-b2c7636fbb71,2026-02-20T13:27:18.135Z,ENTORNO,60,MUSGO,P10,spanish,female,10-19,no
0af8c429-e947-4a64-944c-b2c7636fbb71,2026-02-20T13:27:58.116Z,PLANTA,43,MALVA,C17,spanish,female,10-19,no
0af8c429-e947-4a64-944c-b2c7636fbb71,2026-02-20T13:28:38.044Z,PIEDRA,32,ZAFIRO,I30,spanish,female,10-19,no
0af8c429-e947-4a64-944c-b2c7636fbb71,2026-02-20T13:28:59.840Z,ANIMAL,5,ZORRO,B5,spanish,female,10-19,no
0af8c429-e947-4a64-944c-b2c7636fbb71,2026-02-20T13:29:09.959Z,ANIMAL,13,SAPO,O10,spanish,female,10-19,no
0af8c429-e947-4a64-944c-b2c7636fbb71,2026-02-20T13:29:32.651Z,PLANTA,48,CORAL,E12,spanish,female,10-19,no
0af8c429-e947-4a64-944c-b2c7636fbb71,2026-02-20T13:30:07.985Z,ENTORNO,58,ESTANQUE,M7,spanish,female,10-19,no
0af8c429-e947-4a64-944c-b2c7636fbb71,2026-02-20T13:30:32.405Z,POP,90,BRUJERÍA,G26,spanish,female,10-19,no
0af8c429-e947-4a64-944c-b2c7636fbb71,2026-02-20T13:30:48.258Z,SUBJETIVO,79,PRIMAVERA,F15,spanish,female,10-19,no
0af8c429-e947-4a64-944c-b2c7636fbb71,2026-02-20T13:31:15.486Z,POP,99,SUBMARINO,J5,spanish,female,10-19,no
0af8c429-e947-4a64-944c-b2c7636fbb71,2026-02-20T13:31:48.312Z,PIEDRA,40,ESMERALDA,N5,spanish,female,10-19,no
0af8c429-e947-4a64-944c-b2c7636fbb71,2026-02-20T13:32:05.686Z,SUBJETIVO,67,ECOLOGÍA,P14,spanish,female,10-19,no
0af8c429-e947-4a64-944c-b2c7636fbb71,2026-02-20T13:32:20.100Z,COMESTIBLE,29,REMOLACHA,A8,spanish,female,10-19,no
12656c55-ea6c-4a28-8bc3-09e5c3610ebb,2026-02-20T15:22:50.521Z,ANIMAL,7,CANARIO,I1,spanish,male,10-19,no
12656c55-ea6c-4a28-8bc3-09e5c3610ebb,2026-02-20T15:23:06.647Z,ENTORNO,64,ATARDECER,E4,spanish,male,10-19,no
12656c55-ea6c-4a28-8bc3-09e5c3610ebb,2026-02-20T15:23:19.519Z,PIEDRA,38,AMBAR,C4,spanish,male,10-19,no
12656c55-ea6c-4a28-8bc3-09e5c3610ebb,2026-02-20T15:23:35.532Z,COMESTIBLE,22,BERENJENA,D27,spanish,male,10-19,no
12656c55-ea6c-4a28-8bc3-09e5c3610ebb,2026-02-20T15:23:45.674Z,PLANTA,43,MALVA,K21,spanish,male,10-19,no
12656c55-ea6c-4a28-8bc3-09e5c3610ebb,2026-02-20T15:23:54.504Z,PIEDRA,37,LAPISLÁZULI,N27,spanish,male,10-19,no
12656c55-ea6c-4a28-8bc3-09e5c3610ebb,2026-02-20T15:24:09.929Z,PLANTA,45,AMAPOLA,I5,spanish,male,10-19,no
12656c55-ea6c-4a28-8bc3-09e5c3610ebb,2026-02-20T15:24:17.538Z,POP,91,EPI (Y BLAS),F18,spanish,male,10-19,no
12656c55-ea6c-4a28-8bc3-09e5c3610ebb,2026-02-20T15:24:30.526Z,SUBJETIVO,79,PRIMAVERA,F7,spanish,male,10-19,no
12656c55-ea6c-4a28-8bc3-09e5c3610ebb,2026-02-20T15:24:47.469Z,COMESTIBLE,18,CALABACÍN,P10,spanish,male,10-19,no
12656c55-ea6c-4a28-8bc3-09e5c3610ebb,2026-02-20T15:24:54.033Z,ANIMAL,13,SAPO,N15,spanish,male,10-19,no
12656c55-ea6c-4a28-8bc3-09e5c3610ebb,2026-02-20T15:25:03.616Z,ENTORNO,57,CÉSPED,N8,spanish,male,10-19,no
12656c55-ea6c-4a28-8bc3-09e5c3610ebb,2026-02-20T15:25:12.523Z,POP,98,STITCH,I29,spanish,male,10-19,no
12656c55-ea6c-4a28-8bc3-09e5c3610ebb,2026-02-20T15:25:19.772Z,SUBJETIVO,70,ASCO,P12,spanish,male,10-19,no
8f9273c2-30c5-4bf6-923c-1a47119def21,2026-02-22T18:53:25.388Z,SUBJETIVO,71,ALEGRÍA,K4,spanish,female,10-19,no
0f30f6ec-eaf9-4391-8ef1-04e9780437e6,2026-02-27T10:52:27.550Z,SUBJETIVO,69,IRA,A10,spanish,female,20-29,no
0f30f6ec-eaf9-4391-8ef1-04e9780437e6,2026-02-27T10:52:42.094Z,COMESTIBLE,26,HUEVO,G5,spanish,female,20-29,no
0f30f6ec-eaf9-4391-8ef1-04e9780437e6,2026-02-27T10:53:01.281Z,PIEDRA,30,PERLA,I18,spanish,female,20-29,no
0f30f6ec-eaf9-4391-8ef1-04e9780437e6,2026-02-27T10:53:10.018Z,SUBJETIVO,66,SUEÑO,O30,spanish,female,20-29,no
0f30f6ec-eaf9-4391-8ef1-04e9780437e6,2026-02-27T10:53:23.922Z,ENTORNO,58,ESTANQUE,O10,spanish,female,20-29,no
0f30f6ec-eaf9-4391-8ef1-04e9780437e6,2026-02-27T10:53:37.145Z,PLANTA,49,MENTA,O7,spanish,female,20-29,no
3baf98b4-baf1-4007-9099-9c99f4b8ca60,2026-02-27T17:01:35.022Z,ANIMAL,8,CERDO,F14,spanish,female,20-29,no
3baf98b4-baf1-4007-9099-9c99f4b8ca60,2026-02-27T17:01:50.853Z,PIEDRA,38,AMBAR,D1,spanish,female,20-29,no
fc15335a-f272-4054-b584-a425e320c3aa,2026-02-27T17:06:02.637Z,POP,84,SONIC,N29,spanish,female,30-39,no
fc15335a-f272-4054-b584-a425e320c3aa,2026-02-27T17:06:18.846Z,POP,96,BLAS (Y EPI),J4,spanish,female,30-39,no
fc15335a-f272-4054-b584-a425e320c3aa,2026-02-27T17:06:31.019Z,PIEDRA,33,ORO,H4,spanish,female,30-39,no
fc15335a-f272-4054-b584-a425e320c3aa,2026-02-27T17:06:48.600Z,PIEDRA,34,RUBÍ,B12,spanish,female,30-39,no
fc15335a-f272-4054-b584-a425e320c3aa,2026-02-27T17:07:01.113Z,ANIMAL,1,SALMÓN,G11,spanish,female,30-39,no
fc15335a-f272-4054-b584-a425e320c3aa,2026-02-27T17:07:15.027Z,SUBJETIVO,76,VERANO,K21,spanish,female,30-39,no
fc15335a-f272-4054-b584-a425e320c3aa,2026-02-27T17:07:35.000Z,ANIMAL,12,AXOLOTE,G17,spanish,female,30-39,no
fc15335a-f272-4054-b584-a425e320c3aa,2026-02-27T17:07:47.485Z,COMESTIBLE,20,PEPINO,P10,spanish,female,30-39,no
fc15335a-f272-4054-b584-a425e320c3aa,2026-02-27T17:07:58.405Z,COMESTIBLE,18,CALABACÍN,O11,spanish,female,30-39,no
fc15335a-f272-4054-b584-a425e320c3aa,2026-02-27T17:08:12.413Z,PLANTA,45,AMAPOLA,A13,spanish,female,30-39,no
fc15335a-f272-4054-b584-a425e320c3aa,2026-02-27T17:08:23.980Z,SUBJETIVO,65,VERGÜENZA,B13,spanish,female,30-39,no
fc15335a-f272-4054-b584-a425e320c3aa,2026-02-27T17:08:36.616Z,PLANTA,41,GIRASOL,I4,spanish,female,30-39,no
fc15335a-f272-4054-b584-a425e320c3aa,2026-02-27T17:08:52.760Z,ENTORNO,55,MARÍTIMO,N29,spanish,female,30-39,no
fc15335a-f272-4054-b584-a425e320c3aa,2026-02-27T17:09:02.169Z,ENTORNO,52,PIEL,H8,spanish,female,30-39,no
3baf98b4-baf1-4007-9099-9c99f4b8ca60,2026-02-27T17:43:11.877Z,ANIMAL,9,TIGRE,G3,spanish,female,20-29,no
3baf98b4-baf1-4007-9099-9c99f4b8ca60,2026-02-27T17:43:29.282Z,SUBJETIVO,70,ASCO,B2,spanish,female,20-29,no
3baf98b4-baf1-4007-9099-9c99f4b8ca60,2026-02-27T17:43:53.703Z,POP,99,SUBMARINO,H21,spanish,female,20-29,no
3baf98b4-baf1-4007-9099-9c99f4b8ca60,2026-02-27T17:44:07.123Z,PLANTA,46,TRIGO,I7,spanish,female,20-29,no
3baf98b4-baf1-4007-9099-9c99f4b8ca60,2026-02-27T17:44:23.576Z,PLANTA,49,MENTA,P21,spanish,female,20-29,no
3baf98b4-baf1-4007-9099-9c99f4b8ca60,2026-02-27T17:44:50.701Z,COMESTIBLE,23,ESPÁRRAGO,N13,spanish,female,20-29,no
3baf98b4-baf1-4007-9099-9c99f4b8ca60,2026-02-27T17:45:09.490Z,PIEDRA,31,AMATISTA,G24,spanish,female,20-29,no
3baf98b4-baf1-4007-9099-9c99f4b8ca60,2026-02-27T17:45:30.716Z,SUBJETIVO,68,PAZ,J19,spanish,female,20-29,no
3baf98b4-baf1-4007-9099-9c99f4b8ca60,2026-02-27T17:45:43.587Z,POP,100,ELMO,I29,spanish,female,20-29,no
3baf98b4-baf1-4007-9099-9c99f4b8ca60,2026-02-27T17:45:55.055Z,ENTORNO,54,ARENA,D1,spanish,female,20-29,no
3baf98b4-baf1-4007-9099-9c99f4b8ca60,2026-02-27T17:46:13.251Z,COMESTIBLE,29,REMOLACHA,A20,spanish,female,20-29,no
3baf98b4-baf1-4007-9099-9c99f4b8ca60,2026-02-27T17:46:24.822Z,ENTORNO,59,AMANECER,G13,spanish,female,20-29,no
9f03ba45-f700-409c-89e2-231fa0bc6932,2026-02-27T23:22:20.329Z,PLANTA,50,MADERA,B3,spanish,female,50-59,no
9f03ba45-f700-409c-89e2-231fa0bc6932,2026-02-27T23:22:43.904Z,ANIMAL,6,GRILLO,P10,spanish,female,50-59,no
9f03ba45-f700-409c-89e2-231fa0bc6932,2026-02-27T23:22:57.286Z,SUBJETIVO,77,OTOÑO,C6,spanish,female,50-59,no
9f03ba45-f700-409c-89e2-231fa0bc6932,2026-02-27T23:23:12.207Z,PIEDRA,36,TEJA,A8,spanish,female,50-59,no
9f03ba45-f700-409c-89e2-231fa0bc6932,2026-02-27T23:23:24.085Z,COMESTIBLE,14,LIMÓN,L2,spanish,female,50-59,no
9f03ba45-f700-409c-89e2-231fa0bc6932,2026-02-27T23:23:41.481Z,POP,92,GRINCH,P16,spanish,female,50-59,no
9f03ba45-f700-409c-89e2-231fa0bc6932,2026-02-27T23:24:17.728Z,SUBJETIVO,68,PAZ,I18,spanish,female,50-59,no
9f03ba45-f700-409c-89e2-231fa0bc6932,2026-02-27T23:24:35.840Z,POP,81,FEMINISMO,A23,spanish,female,50-59,no
9f03ba45-f700-409c-89e2-231fa0bc6932,2026-02-27T23:24:52.356Z,ANIMAL,8,CERDO,F15,spanish,female,50-59,no
9f03ba45-f700-409c-89e2-231fa0bc6932,2026-02-27T23:25:04.713Z,PLANTA,46,TRIGO,G9,spanish,female,50-59,no
9f03ba45-f700-409c-89e2-231fa0bc6932,2026-02-27T23:25:23.947Z,COMESTIBLE,21,COCO,A3,spanish,female,50-59,no
9f03ba45-f700-409c-89e2-231fa0bc6932,2026-02-27T23:25:38.102Z,ENTORNO,54,ARENA,G5,spanish,female,50-59,no
9f03ba45-f700-409c-89e2-231fa0bc6932,2026-02-27T23:25:55.959Z,PIEDRA,39,LADRILLO,D9,spanish,female,50-59,no
9f03ba45-f700-409c-89e2-231fa0bc6932,2026-02-27T23:26:10.789Z,ENTORNO,61,CIELO,L23,spanish,female,50-59,no
878f050b-dc0d-4c78-ab4c-d738d318aea1,2026-02-28T11:03:15.816Z,PLANTA,44,LAVANDA,F17,spanish,male,20-29,no
878f050b-dc0d-4c78-ab4c-d738d318aea1,2026-02-28T11:03:31.920Z,SUBJETIVO,75,TÓXICO,P1,spanish,male,20-29,no
878f050b-dc0d-4c78-ab4c-d738d318aea1,2026-02-28T11:03:46.516Z,COMESTIBLE,25,MANZANA,N7,spanish,male,20-29,no
878f050b-dc0d-4c78-ab4c-d738d318aea1,2026-02-28T11:03:59.747Z,PIEDRA,32,ZAFIRO,A12,spanish,male,20-29,no
878f050b-dc0d-4c78-ab4c-d738d318aea1,2026-02-28T11:04:11.080Z,POP,90,BRUJERÍA,A25,spanish,male,20-29,no
878f050b-dc0d-4c78-ab4c-d738d318aea1,2026-02-28T11:04:23.315Z,ENTORNO,64,ATARDECER,E5,spanish,male,20-29,no
878f050b-dc0d-4c78-ab4c-d738d318aea1,2026-02-28T11:04:33.915Z,PIEDRA,31,AMATISTA,K23,spanish,male,20-29,no
878f050b-dc0d-4c78-ab4c-d738d318aea1,2026-02-28T11:04:46.747Z,POP,96,BLAS (Y EPI),K1,spanish,male,20-29,no
878f050b-dc0d-4c78-ab4c-d738d318aea1,2026-02-28T11:04:54.038Z,SUBJETIVO,71,ALEGRÍA,J1,spanish,male,20-29,no
878f050b-dc0d-4c78-ab4c-d738d318aea1,2026-02-28T11:05:04.268Z,COMESTIBLE,26,HUEVO,I10,spanish,male,20-29,no
878f050b-dc0d-4c78-ab4c-d738d318aea1,2026-02-28T11:05:15.405Z,ANIMAL,10,MARIQUITA,A11,spanish,male,20-29,no
878f050b-dc0d-4c78-ab4c-d738d318aea1,2026-02-28T11:05:26.671Z,ENTORNO,53,FUEGO,A11,spanish,male,20-29,no
878f050b-dc0d-4c78-ab4c-d738d318aea1,2026-02-28T11:05:34.762Z,PLANTA,41,GIRASOL,J5,spanish,male,20-29,no
878f050b-dc0d-4c78-ab4c-d738d318aea1,2026-02-28T11:05:43.664Z,ANIMAL,13,SAPO,P10,spanish,male,20-29,no
ac42e773-620e-484f-8d0c-8edb6b76aa16,2026-02-28T18:20:06.950Z,ANIMAL,9,TIGRE,E4,spanish,male,20-29,no
ac42e773-620e-484f-8d0c-8edb6b76aa16,2026-02-28T18:20:31.797Z,COMESTIBLE,14,LIMÓN,J3,spanish,male,20-29,no
ac42e773-620e-484f-8d0c-8edb6b76aa16,2026-02-28T18:20:41.801Z,PLANTA,42,ALBAHACA,N13,spanish,male,20-29,no
25d18554-e263-4086-8fb8-87ad076e8320,2026-03-02T17:03:42.713Z,PIEDRA,40,ESMERALDA,N12,spanish,male,50-59,no
25d18554-e263-4086-8fb8-87ad076e8320,2026-03-02T17:04:24.864Z,PLANTA,47,CLAVEL,A9,spanish,male,50-59,no
25d18554-e263-4086-8fb8-87ad076e8320,2026-03-02T17:04:42.045Z,POP,95,MONST. GALLETA,K26,spanish,male,50-59,no
25d18554-e263-4086-8fb8-87ad076e8320,2026-03-02T17:04:56.757Z,PIEDRA,38,AMBAR,J3,spanish,male,50-59,no
25d18554-e263-4086-8fb8-87ad076e8320,2026-03-02T17:05:10.475Z,ANIMAL,1,SALMÓN,G12,spanish,male,50-59,no
25d18554-e263-4086-8fb8-87ad076e8320,2026-03-02T17:05:29.452Z,ENTORNO,55,MARÍTIMO,N28,spanish,male,50-59,no
25d18554-e263-4086-8fb8-87ad076e8320,2026-03-02T17:05:48.225Z,PLANTA,43,MALVA,A20,spanish,male,50-59,no
25d18554-e263-4086-8fb8-87ad076e8320,2026-03-02T17:06:01.191Z,COMESTIBLE,18,CALABACÍN,P10,spanish,male,50-59,no
25d18554-e263-4086-8fb8-87ad076e8320,2026-03-02T17:06:14.023Z,ENTORNO,58,ESTANQUE,K25,spanish,male,50-59,no
25d18554-e263-4086-8fb8-87ad076e8320,2026-03-02T17:06:41.846Z,SUBJETIVO,68,PAZ,L23,spanish,male,50-59,no
25d18554-e263-4086-8fb8-87ad076e8320,2026-03-02T17:07:00.832Z,SUBJETIVO,79,PRIMAVERA,L13,spanish,male,50-59,no
25d18554-e263-4086-8fb8-87ad076e8320,2026-03-02T17:07:15.596Z,ANIMAL,11,RANA,N13,spanish,male,50-59,no
25d18554-e263-4086-8fb8-87ad076e8320,2026-03-02T17:07:27.361Z,COMESTIBLE,21,COCO,A2,spanish,male,50-59,no
25d18554-e263-4086-8fb8-87ad076e8320,2026-03-02T17:07:41.033Z,POP,81,FEMINISMO,A30,spanish,male,50-59,no
53e8f8ab-d099-42e6-b2b4-862f7ce97391,2026-03-06T08:17:52.677Z,ANIMAL,6,CRICKET,C5,english,male,20-29,no
53e8f8ab-d099-42e6-b2b4-862f7ce97391,2026-03-06T08:18:27.125Z,ENVIRONMENT,52,SKIN,C2,english,male,20-29,no
c917819f-1389-4cd6-9056-138e188010ac,2026-03-08T07:24:44.594Z,ENTORNO,63,SANGRE,A5,spanish,male,50-59,no
c917819f-1389-4cd6-9056-138e188010ac,2026-03-08T07:25:09.911Z,PLANTA,41,GIRASOL,G6,spanish,male,50-59,no
c917819f-1389-4cd6-9056-138e188010ac,2026-03-08T07:25:28.927Z,ANIMAL,9,TIGRE,E5,spanish,male,50-59,no
c917819f-1389-4cd6-9056-138e188010ac,2026-03-08T07:25:45.537Z,PIEDRA,32,ZAFIRO,C14,spanish,male,50-59,no
c917819f-1389-4cd6-9056-138e188010ac,2026-03-08T07:26:00.418Z,COMESTIBLE,27,PLÁTANO,I4,spanish,male,50-59,no
c917819f-1389-4cd6-9056-138e188010ac,2026-03-08T07:26:18.735Z,ANIMAL,12,AXOLOTE,G5,spanish,male,50-59,no
c917819f-1389-4cd6-9056-138e188010ac,2026-03-08T07:26:34.073Z,PIEDRA,35,JADE,B15,spanish,male,50-59,no
c917819f-1389-4cd6-9056-138e188010ac,2026-03-08T07:26:49.312Z,PLANTA,48,CORAL,F15,spanish,male,50-59,no
c917819f-1389-4cd6-9056-138e188010ac,2026-03-08T07:27:24.062Z,ENTORNO,62,RAYO,J1,spanish,male,50-59,no
c917819f-1389-4cd6-9056-138e188010ac,2026-03-08T07:27:35.821Z,POP,88,COLORETE,C7,spanish,male,50-59,no
c917819f-1389-4cd6-9056-138e188010ac,2026-03-08T07:27:49.795Z,COMESTIBLE,17,CALABAZA,E9,spanish,male,50-59,no
c917819f-1389-4cd6-9056-138e188010ac,2026-03-08T07:28:59.612Z,POP,87,BARBIE,H14,spanish,male,50-59,no
c917819f-1389-4cd6-9056-138e188010ac,2026-03-08T07:29:14.995Z,SUBJETIVO,77,OTOÑO,C3,spanish,male,50-59,no
c917819f-1389-4cd6-9056-138e188010ac,2026-03-08T07:29:32.134Z,SUBJETIVO,65,VERGÜENZA,F26,spanish,male,50-59,no
31f6ef13-cdcb-4916-9b09-352e95571918,2026-03-10T22:12:51.651Z,SUBJETIVO,73,PELIGRO,A15,spanish,female,50-59,no
31f6ef13-cdcb-4916-9b09-352e95571918,2026-03-10T22:13:33.754Z,ENTORNO,59,AMANECER,E1,spanish,female,50-59,no
31f6ef13-cdcb-4916-9b09-352e95571918,2026-03-10T22:14:00.549Z,COMESTIBLE,23,ESPÁRRAGO,G1,spanish,female,50-59,no
31f6ef13-cdcb-4916-9b09-352e95571918,2026-03-10T22:14:36.385Z,PLANTA,45,AMAPOLA,E7,spanish,female,50-59,no
31f6ef13-cdcb-4916-9b09-352e95571918,2026-03-10T22:14:56.138Z,POP,82,SHRECK,M15,spanish,female,50-59,no
31f6ef13-cdcb-4916-9b09-352e95571918,2026-03-10T22:15:26.314Z,POP,89,PITUFO,L23,spanish,female,50-59,no
31f6ef13-cdcb-4916-9b09-352e95571918,2026-03-10T22:16:23.361Z,PIEDRA,31,AMATISTA,C28,spanish,female,50-59,no
31f6ef13-cdcb-4916-9b09-352e95571918,2026-03-10T22:16:34.116Z,ANIMAL,7,CANARIO,J2,spanish,female,50-59,no
31f6ef13-cdcb-4916-9b09-352e95571918,2026-03-10T22:16:54.664Z,ENTORNO,54,ARENA,D1,spanish,female,50-59,no
31f6ef13-cdcb-4916-9b09-352e95571918,2026-03-10T22:17:23.677Z,ANIMAL,1,SALMÓN,G10,spanish,female,50-59,no
31f6ef13-cdcb-4916-9b09-352e95571918,2026-03-10T22:17:45.028Z,COMESTIBLE,14,LIMÓN,I1,spanish,female,50-59,no
31f6ef13-cdcb-4916-9b09-352e95571918,2026-03-10T22:18:08.512Z,PIEDRA,32,ZAFIRO,I30,spanish,female,50-59,no
31f6ef13-cdcb-4916-9b09-352e95571918,2026-03-10T22:18:42.173Z,PLANTA,48,CORAL,C9,spanish,female,50-59,no
31f6ef13-cdcb-4916-9b09-352e95571918,2026-03-10T22:19:06.779Z,SUBJETIVO,76,VERANO,J16,spanish,female,50-59,no
0ddc440c-e44d-42a9-8096-c82c449dc716,2026-05-08T18:25:07.407Z,SUBJETIVO,80,ESPERANZA,P7,spanish,male,20-29,no
8e38e211-eb8b-4b39-bd08-3c556aaa8e56,2026-05-08T18:25:12.642Z,ANIMAL,5,ZORRO,C2,spanish,male,20-29,no
9dc80e89-5955-471f-bdd4-b16f4342b8a7,2026-05-08T18:25:18.658Z,PIEDRA,36,TEJA,A8,spanish,female,20-29,no
502837ec-73ff-49f6-a711-eef08acf9771,2026-05-08T18:25:22.979Z,ANIMAL,8,CERDO,F15,spanish,male,20-29,no
0ddc440c-e44d-42a9-8096-c82c449dc716,2026-05-08T18:25:27.985Z,POP,92,GRINCH,O16,spanish,male,20-29,no
5d2713c5-2009-446b-81c0-479e34a236cd,2026-05-08T18:25:32.730Z,COMESTIBLE,14,LIMÓN,J4,spanish,male,20-29,no
ab33b1fc-af78-45b8-8e57-bff647cf9f34,2026-05-08T18:25:33.998Z,SUBJETIVO,73,PELIGRO,A1,spanish,male,20-29,no
8e38e211-eb8b-4b39-bd08-3c556aaa8e56,2026-05-08T18:25:37.077Z,ENTORNO,55,MARÍTIMO,M27,spanish,male,20-29,no
9dc80e89-5955-471f-bdd4-b16f4342b8a7,2026-05-08T18:25:37.212Z,COMESTIBLE,14,LIMÓN,I5,spanish,female,20-29,no
0ddc440c-e44d-42a9-8096-c82c449dc716,2026-05-08T18:25:42.620Z,COMESTIBLE,19,UVA,M8,spanish,male,20-29,no
967804f3-a9f2-4301-8fce-465af5d39444,2026-05-08T18:25:49.368Z,POP,99,SUBMARINO,J30,spanish,male,20-29,no
cdf4da32-c8a9-42b9-98e0-7ea273e71112,2026-05-08T18:25:53.778Z,ENTORNO,57,CÉSPED,N8,spanish,male,20-29,no
ab33b1fc-af78-45b8-8e57-bff647cf9f34,2026-05-08T18:25:52.075Z,PIEDRA,30,PERLA,O29,spanish,male,20-29,no
5d2713c5-2009-446b-81c0-479e34a236cd,2026-05-08T18:25:52.288Z,ENTORNO,61,CIELO,K21,spanish,male,20-29,no
fad41434-af45-476e-b5a0-51d381df3568,2026-05-08T18:25:52.117Z,SUBJETIVO,76,VERANO,H4,spanish,male,20-29,no
8e38e211-eb8b-4b39-bd08-3c556aaa8e56,2026-05-08T18:25:53.581Z,SUBJETIVO,66,SUEÑO,I20,spanish,male,20-29,no
502837ec-73ff-49f6-a711-eef08acf9771,2026-05-08T18:25:54.266Z,ENTORNO,61,CIELO,M26,spanish,male,20-29,no
0c12b424-5a5e-45c1-8357-155f1c09d1b7,2026-05-08T18:25:58.684Z,POP,91,EPI (Y BLAS),E5,spanish,male,20-29,no
9dc80e89-5955-471f-bdd4-b16f4342b8a7,2026-05-08T18:25:53.953Z,ENTORNO,63,SANGRE,A7,spanish,female,20-29,no
2da1b046-2a33-4c74-a7aa-0d804928bdf4,2026-05-08T18:25:57.694Z,POP,100,ELMO,C3,spanish,male,20-29,no
ab33b1fc-af78-45b8-8e57-bff647cf9f34,2026-05-08T18:26:02.276Z,POP,99,SUBMARINO,G30,spanish,male,20-29,no
44d2a3d7-fa0e-4f84-a1c9-885ebe3c797f,2026-05-08T18:26:04.495Z,ENTORNO,63,SANGRE,C8,spanish,male,40-49,no
9dc80e89-5955-471f-bdd4-b16f4342b8a7,2026-05-08T18:26:05.012Z,POP,87,BARBIE,C17,spanish,female,20-29,no
5d2713c5-2009-446b-81c0-479e34a236cd,2026-05-08T18:26:04.440Z,ANIMAL,8,CERDO,G15,spanish,male,20-29,no
8e38e211-eb8b-4b39-bd08-3c556aaa8e56,2026-05-08T18:26:07.562Z,COMESTIBLE,29,REMOLACHA,B20,spanish,male,20-29,no
fad41434-af45-476e-b5a0-51d381df3568,2026-05-08T18:26:09.564Z,COMESTIBLE,22,BERENJENA,F30,spanish,male,20-29,no
cdf4da32-c8a9-42b9-98e0-7ea273e71112,2026-05-08T18:26:12.941Z,POP,95,MONST. GALLETA,L26,spanish,male,20-29,no
502837ec-73ff-49f6-a711-eef08acf9771,2026-05-08T18:26:11.801Z,POP,92,GRINCH,N5,spanish,male,20-29,no
0ddc440c-e44d-42a9-8096-c82c449dc716,2026-05-08T18:26:11.486Z,POP,84,SONIC,M30,spanish,male,20-29,no
2da1b046-2a33-4c74-a7aa-0d804928bdf4,2026-05-08T18:26:11.728Z,SUBJETIVO,69,IRA,A13,spanish,male,20-29,no
1c4a9a75-0dd3-4072-873a-e204add4e27f,2026-05-08T18:26:12.213Z,PIEDRA,40,ESMERALDA,P11,spanish,male,30-39,no
ab33b1fc-af78-45b8-8e57-bff647cf9f34,2026-05-08T18:26:15.022Z,COMESTIBLE,15,LIMA,K2,spanish,male,20-29,no
5d2713c5-2009-446b-81c0-479e34a236cd,2026-05-08T18:26:17.866Z,SUBJETIVO,67,ECOLOGÍA,N11,spanish,male,20-29,no
8e38e211-eb8b-4b39-bd08-3c556aaa8e56,2026-05-08T18:26:18.186Z,COMESTIBLE,14,LIMÓN,I2,spanish,male,20-29,no
0c12b424-5a5e-45c1-8357-155f1c09d1b7,2026-05-08T18:26:23.180Z,PIEDRA,31,AMATISTA,D28,spanish,male,20-29,no
15a0d416-4311-4027-9e4b-c65643af5b4a,2026-05-08T18:26:20.830Z,SUBJETIVO,71,ALEGRÍA,H6,spanish,male,20-29,no
2da1b046-2a33-4c74-a7aa-0d804928bdf4,2026-05-08T18:26:22.132Z,PIEDRA,32,ZAFIRO,L29,spanish,male,20-29,no
967804f3-a9f2-4301-8fce-465af5d39444,2026-05-08T18:26:23.580Z,POP,93,SIMPSON,I2,spanish,male,20-29,no
ab33b1fc-af78-45b8-8e57-bff647cf9f34,2026-05-08T18:26:27.463Z,PLANTA,45,AMAPOLA,I18,spanish,male,20-29,no
fad41434-af45-476e-b5a0-51d381df3568,2026-05-08T18:26:27.429Z,COMESTIBLE,19,UVA,E28,spanish,male,20-29,no
8e38e211-eb8b-4b39-bd08-3c556aaa8e56,2026-05-08T18:26:28.437Z,PLANTA,47,CLAVEL,A11,spanish,male,20-29,no
502837ec-73ff-49f6-a711-eef08acf9771,2026-05-08T18:26:29.208Z,PIEDRA,34,RUBÍ,A10,spanish,male,20-29,no
bfe17e2b-a142-495d-8594-008617411566,2026-05-08T18:26:30.859Z,SUBJETIVO,68,PAZ,J20,spanish,male,20-29,no
0c12b424-5a5e-45c1-8357-155f1c09d1b7,2026-05-08T18:26:35.986Z,ENTORNO,63,SANGRE,A8,spanish,male,20-29,no
0ddc440c-e44d-42a9-8096-c82c449dc716,2026-05-08T18:26:32.531Z,SUBJETIVO,69,IRA,A13,spanish,male,20-29,no
71d6df52-62cb-49b3-9c47-5a3039646b45,2026-05-08T18:26:34.279Z,COMESTIBLE,19,UVA,C30,spanish,female,30-39,no
2da1b046-2a33-4c74-a7aa-0d804928bdf4,2026-05-08T18:26:33.568Z,POP,91,EPI (Y BLAS),I3,spanish,male,20-29,no
967804f3-a9f2-4301-8fce-465af5d39444,2026-05-08T18:26:36.617Z,COMESTIBLE,29,REMOLACHA,A20,spanish,male,20-29,no
cdf4da32-c8a9-42b9-98e0-7ea273e71112,2026-05-08T18:26:41.008Z,POP,82,SHRECK,O15,spanish,male,20-29,no
ab33b1fc-af78-45b8-8e57-bff647cf9f34,2026-05-08T18:26:37.763Z,ENTORNO,53,FUEGO,B7,spanish,male,20-29,no
01ab1486-4ae3-4674-b776-6a38c781a088,2026-05-08T18:26:42.317Z,SUBJETIVO,75,TÓXICO,P8,spanish,male,30-39,no
8e38e211-eb8b-4b39-bd08-3c556aaa8e56,2026-05-08T18:26:43.327Z,PIEDRA,34,RUBÍ,C16,spanish,male,20-29,no
fad41434-af45-476e-b5a0-51d381df3568,2026-05-08T18:26:41.835Z,POP,97,PETER PAN,N8,spanish,male,20-29,no
0ddc440c-e44d-42a9-8096-c82c449dc716,2026-05-08T18:26:44.682Z,PIEDRA,36,TEJA,A8,spanish,male,20-29,no
2da1b046-2a33-4c74-a7aa-0d804928bdf4,2026-05-08T18:26:46.608Z,COMESTIBLE,16,KIWI,O11,spanish,male,20-29,no
502837ec-73ff-49f6-a711-eef08acf9771,2026-05-08T18:26:45.858Z,PLANTA,44,LAVANDA,B23,spanish,male,20-29,no
ab33b1fc-af78-45b8-8e57-bff647cf9f34,2026-05-08T18:26:50.034Z,ANIMAL,10,MARIQUITA,D7,spanish,male,20-29,no
1c4a9a75-0dd3-4072-873a-e204add4e27f,2026-05-08T18:26:52.822Z,SUBJETIVO,65,VERGÜENZA,B10,spanish,male,30-39,no
8e38e211-eb8b-4b39-bd08-3c556aaa8e56,2026-05-08T18:26:54.249Z,ENTORNO,58,ESTANQUE,P23,spanish,male,20-29,no
0c12b424-5a5e-45c1-8357-155f1c09d1b7,2026-05-08T18:26:56.262Z,SUBJETIVO,75,TÓXICO,L1,spanish,male,20-29,no
5d2713c5-2009-446b-81c0-479e34a236cd,2026-05-08T18:26:53.711Z,PIEDRA,30,PERLA,F20,spanish,male,20-29,no
bfe17e2b-a142-495d-8594-008617411566,2026-05-08T18:26:53.323Z,COMESTIBLE,16,KIWI,M13,spanish,male,20-29,no
01ab1486-4ae3-4674-b776-6a38c781a088,2026-05-08T18:26:56.060Z,PIEDRA,36,TEJA,E9,spanish,male,30-39,no
9dc80e89-5955-471f-bdd4-b16f4342b8a7,2026-05-08T18:26:56.583Z,PLANTA,47,CLAVEL,H15,spanish,female,20-29,no
0ddc440c-e44d-42a9-8096-c82c449dc716,2026-05-08T18:26:57.481Z,ANIMAL,8,CERDO,F14,spanish,male,20-29,no
fad41434-af45-476e-b5a0-51d381df3568,2026-05-08T18:27:02.723Z,PIEDRA,37,LAPISLÁZULI,L25,spanish,male,20-29,no
5d2713c5-2009-446b-81c0-479e34a236cd,2026-05-08T18:27:03.004Z,POP,90,BRUJERÍA,G29,spanish,male,20-29,no
bfe17e2b-a142-495d-8594-008617411566,2026-05-08T18:27:05.278Z,ANIMAL,2,BALLENA,L27,spanish,male,20-29,no
2da1b046-2a33-4c74-a7aa-0d804928bdf4,2026-05-08T18:27:05.343Z,ENTORNO,58,ESTANQUE,N24,spanish,male,20-29,no
44d2a3d7-fa0e-4f84-a1c9-885ebe3c797f,2026-05-08T18:27:06.306Z,POP,98,STITCH,O28,spanish,male,40-49,no
01ab1486-4ae3-4674-b776-6a38c781a088,2026-05-08T18:27:06.186Z,ENTORNO,63,SANGRE,A11,spanish,male,30-39,no
bc8abd1e-b50a-4984-a95d-afde9dd06d18,2026-05-08T18:27:05.973Z,COMESTIBLE,14,LIMÓN,J2,spanish,male,20-29,no
502837ec-73ff-49f6-a711-eef08acf9771,2026-05-08T18:27:08.145Z,ENTORNO,54,ARENA,H13,spanish,male,20-29,no
cdf4da32-c8a9-42b9-98e0-7ea273e71112,2026-05-08T18:27:11.542Z,PIEDRA,32,ZAFIRO,P30,spanish,male,20-29,no
0ddc440c-e44d-42a9-8096-c82c449dc716,2026-05-08T18:27:08.541Z,PLANTA,41,GIRASOL,I8,spanish,male,20-29,no
71d6df52-62cb-49b3-9c47-5a3039646b45,2026-05-08T18:27:12.564Z,POP,99,SUBMARINO,J4,spanish,female,30-39,no
ab33b1fc-af78-45b8-8e57-bff647cf9f34,2026-05-08T18:27:12.839Z,SUBJETIVO,68,PAZ,J18,spanish,male,20-29,no
967804f3-a9f2-4301-8fce-465af5d39444,2026-05-08T18:27:10.818Z,COMESTIBLE,19,UVA,M6,spanish,male,20-29,no
5d2713c5-2009-446b-81c0-479e34a236cd,2026-05-08T18:27:13.498Z,ANIMAL,2,BALLENA,M29,spanish,male,20-29,no
8e38e211-eb8b-4b39-bd08-3c556aaa8e56,2026-05-08T18:27:11.759Z,POP,84,SONIC,L28,spanish,male,20-29,no
170af119-10f9-4273-b7c6-525c72c1bda0,2026-05-08T18:27:13.319Z,POP,91,EPI (Y BLAS),B13,spanish,male,30-39,no
2da1b046-2a33-4c74-a7aa-0d804928bdf4,2026-05-08T18:27:14.119Z,COMESTIBLE,21,COCO,A3,spanish,male,20-29,no
bfe17e2b-a142-495d-8594-008617411566,2026-05-08T18:27:15.910Z,PIEDRA,33,ORO,H5,spanish,male,20-29,no
0c12b424-5a5e-45c1-8357-155f1c09d1b7,2026-05-08T18:27:22.421Z,COMESTIBLE,29,REMOLACHA,B30,spanish,male,20-29,no
44d2a3d7-fa0e-4f84-a1c9-885ebe3c797f,2026-05-08T18:27:19.564Z,SUBJETIVO,78,INVIERNO,M29,spanish,male,40-49,no
9dc80e89-5955-471f-bdd4-b16f4342b8a7,2026-05-08T18:27:21.113Z,ENTORNO,62,RAYO,J2,spanish,female,20-29,no
ab33b1fc-af78-45b8-8e57-bff647cf9f34,2026-05-08T18:27:23.742Z,COMESTIBLE,20,PEPINO,P11,spanish,male,20-29,no
0ddc440c-e44d-42a9-8096-c82c449dc716,2026-05-08T18:27:25.158Z,ENTORNO,61,CIELO,P30,spanish,male,20-29,no
2da1b046-2a33-4c74-a7aa-0d804928bdf4,2026-05-08T18:27:24.903Z,PIEDRA,35,JADE,O11,spanish,male,20-29,no
502837ec-73ff-49f6-a711-eef08acf9771,2026-05-08T18:27:26.511Z,SUBJETIVO,73,PELIGRO,B9,spanish,male,20-29,no
fad41434-af45-476e-b5a0-51d381df3568,2026-05-08T18:27:27.413Z,PLANTA,42,ALBAHACA,O12,spanish,male,20-29,no
1c4a9a75-0dd3-4072-873a-e204add4e27f,2026-05-08T18:27:27.474Z,ENTORNO,61,CIELO,M24,spanish,male,30-39,no
8e38e211-eb8b-4b39-bd08-3c556aaa8e56,2026-05-08T18:27:28.118Z,SUBJETIVO,67,ECOLOGÍA,P12,spanish,male,20-29,no
bfe17e2b-a142-495d-8594-008617411566,2026-05-08T18:27:28.924Z,POP,95,MONST. GALLETA,M29,spanish,male,20-29,no
0c12b424-5a5e-45c1-8357-155f1c09d1b7,2026-05-08T18:27:34.761Z,PLANTA,46,TRIGO,I12,spanish,male,20-29,no
01ab1486-4ae3-4674-b776-6a38c781a088,2026-05-08T18:27:30.976Z,PIEDRA,35,JADE,P15,spanish,male,30-39,no
44d2a3d7-fa0e-4f84-a1c9-885ebe3c797f,2026-05-08T18:27:29.612Z,PIEDRA,31,AMATISTA,H2,spanish,male,40-49,no
bc8abd1e-b50a-4984-a95d-afde9dd06d18,2026-05-08T18:27:32.226Z,SUBJETIVO,71,ALEGRÍA,J1,spanish,male,20-29,no
15a0d416-4311-4027-9e4b-c65643af5b4a,2026-05-08T18:27:31.779Z,POP,100,ELMO,A13,spanish,male,20-29,no
9dc80e89-5955-471f-bdd4-b16f4342b8a7,2026-05-08T18:27:33.864Z,ANIMAL,2,BALLENA,L23,spanish,female,20-29,no
2da1b046-2a33-4c74-a7aa-0d804928bdf4,2026-05-08T18:27:35.381Z,ENTORNO,59,AMANECER,J9,spanish,male,20-29,no
cdf4da32-c8a9-42b9-98e0-7ea273e71112,2026-05-08T18:27:39.047Z,SUBJETIVO,65,VERGÜENZA,A1,spanish,male,20-29,no
502837ec-73ff-49f6-a711-eef08acf9771,2026-05-08T18:27:39.321Z,PLANTA,50,MADERA,C2,spanish,male,20-29,no
bfe17e2b-a142-495d-8594-008617411566,2026-05-08T18:27:39.240Z,ANIMAL,11,RANA,O16,spanish,male,20-29,no
8e38e211-eb8b-4b39-bd08-3c556aaa8e56,2026-05-08T18:27:40.598Z,POP,98,STITCH,K28,spanish,male,20-29,no
1c4a9a75-0dd3-4072-873a-e204add4e27f,2026-05-08T18:27:41.523Z,PLANTA,46,TRIGO,J2,spanish,male,30-39,no
01ab1486-4ae3-4674-b776-6a38c781a088,2026-05-08T18:27:43.087Z,SUBJETIVO,72,SOLEDAD,K22,spanish,male,30-39,no
967804f3-a9f2-4301-8fce-465af5d39444,2026-05-08T18:27:40.618Z,PLANTA,49,MENTA,N8,spanish,male,20-29,no
bc8abd1e-b50a-4984-a95d-afde9dd06d18,2026-05-08T18:27:43.552Z,PLANTA,44,LAVANDA,A24,spanish,male,20-29,no
5d2713c5-2009-446b-81c0-479e34a236cd,2026-05-08T18:27:44.361Z,PLANTA,48,CORAL,J20,spanish,male,20-29,no
9dc80e89-5955-471f-bdd4-b16f4342b8a7,2026-05-08T18:27:44.097Z,SUBJETIVO,69,IRA,A6,spanish,female,20-29,no
fad41434-af45-476e-b5a0-51d381df3568,2026-05-08T18:27:44.885Z,POP,82,SHRECK,O14,spanish,male,20-29,no
71d6df52-62cb-49b3-9c47-5a3039646b45,2026-05-08T18:27:44.677Z,PIEDRA,35,JADE,A13,spanish,female,30-39,no
44d2a3d7-fa0e-4f84-a1c9-885ebe3c797f,2026-05-08T18:27:46.506Z,PLANTA,43,MALVA,C18,spanish,male,40-49,no
cdf4da32-c8a9-42b9-98e0-7ea273e71112,2026-05-08T18:27:49.773Z,COMESTIBLE,18,CALABACÍN,O13,spanish,male,20-29,no
bfe17e2b-a142-495d-8594-008617411566,2026-05-08T18:27:47.192Z,ENTORNO,56,BARRO,C1,spanish,male,20-29,no
0ddc440c-e44d-42a9-8096-c82c449dc716,2026-05-08T18:27:47.048Z,PLANTA,47,CLAVEL,B16,spanish,male,20-29,no
502837ec-73ff-49f6-a711-eef08acf9771,2026-05-08T18:27:48.652Z,COMESTIBLE,21,COCO,B1,spanish,male,20-29,no
15a0d416-4311-4027-9e4b-c65643af5b4a,2026-05-08T18:27:48.764Z,COMESTIBLE,27,PLÁTANO,I4,spanish,male,20-29,no
ab33b1fc-af78-45b8-8e57-bff647cf9f34,2026-05-08T18:27:50.285Z,PIEDRA,31,AMATISTA,G16,spanish,male,20-29,no
0c12b424-5a5e-45c1-8357-155f1c09d1b7,2026-05-08T18:27:54.244Z,ANIMAL,5,ZORRO,D3,spanish,male,20-29,no
8e38e211-eb8b-4b39-bd08-3c556aaa8e56,2026-05-08T18:27:53.195Z,ANIMAL,9,TIGRE,D3,spanish,male,20-29,no
170af119-10f9-4273-b7c6-525c72c1bda0,2026-05-08T18:27:53.520Z,PLANTA,42,ALBAHACA,O10,spanish,male,30-39,no
bfe17e2b-a142-495d-8594-008617411566,2026-05-08T18:27:54.825Z,PLANTA,50,MADERA,B1,spanish,male,20-29,no
0ddc440c-e44d-42a9-8096-c82c449dc716,2026-05-08T18:27:56.483Z,COMESTIBLE,17,CALABAZA,D8,spanish,male,20-29,no
fad41434-af45-476e-b5a0-51d381df3568,2026-05-08T18:27:55.514Z,PLANTA,49,MENTA,O11,spanish,male,20-29,no
bc8abd1e-b50a-4984-a95d-afde9dd06d18,2026-05-08T18:27:56.105Z,POP,100,ELMO,G30,spanish,male,20-29,no
1c4a9a75-0dd3-4072-873a-e204add4e27f,2026-05-08T18:27:58.189Z,PLANTA,47,CLAVEL,C9,spanish,male,30-39,no
44d2a3d7-fa0e-4f84-a1c9-885ebe3c797f,2026-05-08T18:27:57.607Z,PIEDRA,37,LAPISLÁZULI,L25,spanish,male,40-49,no
71d6df52-62cb-49b3-9c47-5a3039646b45,2026-05-08T18:27:59.474Z,ANIMAL,10,MARIQUITA,B9,spanish,female,30-39,no
5d2713c5-2009-446b-81c0-479e34a236cd,2026-05-08T18:27:56.262Z,PLANTA,42,ALBAHACA,N8,spanish,male,20-29,no
ab33b1fc-af78-45b8-8e57-bff647cf9f34,2026-05-08T18:27:59.621Z,PLANTA,43,MALVA,J8,spanish,male,20-29,no
cdf4da32-c8a9-42b9-98e0-7ea273e71112,2026-05-08T18:28:03.101Z,PIEDRA,33,ORO,J5,spanish,male,20-29,no
2da1b046-2a33-4c74-a7aa-0d804928bdf4,2026-05-08T18:28:00.512Z,PLANTA,43,MALVA,F8,spanish,male,20-29,no
bfe17e2b-a142-495d-8594-008617411566,2026-05-08T18:28:03.177Z,ENTORNO,53,FUEGO,C9,spanish,male,20-29,no
0ddc440c-e44d-42a9-8096-c82c449dc716,2026-05-08T18:28:05.644Z,PIEDRA,37,LAPISLÁZULI,I30,spanish,male,20-29,no
170af119-10f9-4273-b7c6-525c72c1bda0,2026-05-08T18:28:06.834Z,PLANTA,41,GIRASOL,J2,spanish,male,30-39,no
15a0d416-4311-4027-9e4b-c65643af5b4a,2026-05-08T18:28:10.346Z,ENTORNO,59,AMANECER,H6,spanish,male,20-29,no
01ab1486-4ae3-4674-b776-6a38c781a088,2026-05-08T18:28:13.816Z,COMESTIBLE,25,MANZANA,K3,spanish,male,30-39,no
0c12b424-5a5e-45c1-8357-155f1c09d1b7,2026-05-08T18:28:17.604Z,ENTORNO,58,ESTANQUE,L23,spanish,male,20-29,no
967804f3-a9f2-4301-8fce-465af5d39444,2026-05-08T18:28:13.465Z,PIEDRA,33,ORO,E2,spanish,male,20-29,no
44d2a3d7-fa0e-4f84-a1c9-885ebe3c797f,2026-05-08T18:28:15.302Z,ANIMAL,11,RANA,O12,spanish,male,40-49,no
2da1b046-2a33-4c74-a7aa-0d804928bdf4,2026-05-08T18:28:14.908Z,ANIMAL,1,SALMÓN,H12,spanish,male,20-29,no
fad41434-af45-476e-b5a0-51d381df3568,2026-05-08T18:28:15.282Z,SUBJETIVO,74,TRISTEZA,L30,spanish,male,20-29,no
1c4a9a75-0dd3-4072-873a-e204add4e27f,2026-05-08T18:28:16.172Z,PIEDRA,34,RUBÍ,B8,spanish,male,30-39,no
ab33b1fc-af78-45b8-8e57-bff647cf9f34,2026-05-08T18:28:15.991Z,ENTORNO,60,MUSGO,P12,spanish,male,20-29,no
0ddc440c-e44d-42a9-8096-c82c449dc716,2026-05-08T18:28:19.104Z,ANIMAL,7,CANARIO,N20,spanish,male,20-29,no
170af119-10f9-4273-b7c6-525c72c1bda0,2026-05-08T18:28:21.975Z,SUBJETIVO,72,SOLEDAD,I15,spanish,male,30-39,no
bfe17e2b-a142-495d-8594-008617411566,2026-05-08T18:28:22.116Z,SUBJETIVO,75,TÓXICO,C11,spanish,male,20-29,no
bc8abd1e-b50a-4984-a95d-afde9dd06d18,2026-05-08T18:28:22.434Z,POP,87,BARBIE,C16,spanish,male,20-29,no
01ab1486-4ae3-4674-b776-6a38c781a088,2026-05-08T18:28:23.685Z,ENTORNO,53,FUEGO,A11,spanish,male,30-39,no
44d2a3d7-fa0e-4f84-a1c9-885ebe3c797f,2026-05-08T18:28:25.138Z,ENTORNO,60,MUSGO,P8,spanish,male,40-49,no
502837ec-73ff-49f6-a711-eef08acf9771,2026-05-08T18:28:25.201Z,SUBJETIVO,78,INVIERNO,L24,spanish,male,20-29,no
9dc80e89-5955-471f-bdd4-b16f4342b8a7,2026-05-08T18:28:25.580Z,PLANTA,41,GIRASOL,I4,spanish,female,20-29,no
8e38e211-eb8b-4b39-bd08-3c556aaa8e56,2026-05-08T18:28:22.856Z,PIEDRA,37,LAPISLÁZULI,J28,spanish,male,20-29,no
6ffad966-943b-4a57-9800-7d123ed87a90,2026-05-08T18:28:26.018Z,SUBJETIVO,65,VERGÜENZA,A10,spanish,male,50-59,no
1c4a9a75-0dd3-4072-873a-e204add4e27f,2026-05-08T18:28:27.411Z,COMESTIBLE,17,CALABAZA,E3,spanish,male,30-39,no
2da1b046-2a33-4c74-a7aa-0d804928bdf4,2026-05-08T18:28:26.837Z,PLANTA,44,LAVANDA,B23,spanish,male,20-29,no
fad41434-af45-476e-b5a0-51d381df3568,2026-05-08T18:28:28.353Z,ENTORNO,55,MARÍTIMO,L23,spanish,male,20-29,no
ab33b1fc-af78-45b8-8e57-bff647cf9f34,2026-05-08T18:28:27.423Z,POP,90,BRUJERÍA,F30,spanish,male,20-29,no
71d6df52-62cb-49b3-9c47-5a3039646b45,2026-05-08T18:28:31.927Z,POP,84,SONIC,L25,spanish,female,30-39,no
0ddc440c-e44d-42a9-8096-c82c449dc716,2026-05-08T18:28:31.611Z,ENTORNO,52,PIEL,H13,spanish,male,20-29,no
5d2713c5-2009-446b-81c0-479e34a236cd,2026-05-08T18:28:32.694Z,SUBJETIVO,70,ASCO,M14,spanish,male,20-29,no
bfe17e2b-a142-495d-8594-008617411566,2026-05-08T18:28:32.083Z,COMESTIBLE,17,CALABAZA,E4,spanish,male,20-29,no
0c12b424-5a5e-45c1-8357-155f1c09d1b7,2026-05-08T18:28:37.195Z,POP,82,SHRECK,O8,spanish,male,20-29,no
01ab1486-4ae3-4674-b776-6a38c781a088,2026-05-08T18:28:37.171Z,POP,93,SIMPSON,J2,spanish,male,30-39,no
170af119-10f9-4273-b7c6-525c72c1bda0,2026-05-08T18:28:36.908Z,COMESTIBLE,19,UVA,N10,spanish,male,30-39,no
ab33b1fc-af78-45b8-8e57-bff647cf9f34,2026-05-08T18:28:37.635Z,ANIMAL,7,CANARIO,J1,spanish,male,20-29,no
15a0d416-4311-4027-9e4b-c65643af5b4a,2026-05-08T18:28:36.798Z,ANIMAL,2,BALLENA,J26,spanish,male,20-29,no
bc8abd1e-b50a-4984-a95d-afde9dd06d18,2026-05-08T18:28:38.223Z,ENTORNO,57,CÉSPED,O6,spanish,male,20-29,no
44d2a3d7-fa0e-4f84-a1c9-885ebe3c797f,2026-05-08T18:28:39.584Z,PLANTA,44,LAVANDA,D23,spanish,male,40-49,no
2da1b046-2a33-4c74-a7aa-0d804928bdf4,2026-05-08T18:28:39.892Z,SUBJETIVO,72,SOLEDAD,I18,spanish,male,20-29,no
fad41434-af45-476e-b5a0-51d381df3568,2026-05-08T18:28:40.025Z,ENTORNO,57,CÉSPED,N10,spanish,male,20-29,no
bfe17e2b-a142-495d-8594-008617411566,2026-05-08T18:28:41.100Z,POP,85,PIKACHU,J3,spanish,male,20-29,no
71d6df52-62cb-49b3-9c47-5a3039646b45,2026-05-08T18:28:42.765Z,SUBJETIVO,65,VERGÜENZA,C17,spanish,female,30-39,no
502837ec-73ff-49f6-a711-eef08acf9771,2026-05-08T18:28:41.645Z,POP,98,STITCH,I30,spanish,male,20-29,no
967804f3-a9f2-4301-8fce-465af5d39444,2026-05-08T18:28:40.537Z,ENTORNO,57,CÉSPED,P16,spanish,male,20-29,no
0c12b424-5a5e-45c1-8357-155f1c09d1b7,2026-05-08T18:28:46.910Z,SUBJETIVO,74,TRISTEZA,I30,spanish,male,20-29,no
9dc80e89-5955-471f-bdd4-b16f4342b8a7,2026-05-08T18:28:43.469Z,COMESTIBLE,20,PEPINO,L16,spanish,female,20-29,no
cdf4da32-c8a9-42b9-98e0-7ea273e71112,2026-05-08T18:28:46.761Z,PLANTA,45,AMAPOLA,B8,spanish,male,20-29,no
5d2713c5-2009-446b-81c0-479e34a236cd,2026-05-08T18:28:45.058Z,POP,91,EPI (Y BLAS),E6,spanish,male,20-29,no
01ab1486-4ae3-4674-b776-6a38c781a088,2026-05-08T18:28:43.853Z,ANIMAL,9,TIGRE,E5,spanish,male,30-39,no
8e38e211-eb8b-4b39-bd08-3c556aaa8e56,2026-05-08T18:28:47.553Z,PLANTA,46,TRIGO,I9,spanish,male,20-29,no
170af119-10f9-4273-b7c6-525c72c1bda0,2026-05-08T18:28:48.469Z,SUBJETIVO,70,ASCO,A1,spanish,male,30-39,no
bfe17e2b-a142-495d-8594-008617411566,2026-05-08T18:28:51.285Z,PIEDRA,36,TEJA,D1,spanish,male,20-29,no
71d6df52-62cb-49b3-9c47-5a3039646b45,2026-05-08T18:28:54.387Z,PLANTA,46,TRIGO,J10,spanish,female,30-39,no
5d2713c5-2009-446b-81c0-479e34a236cd,2026-05-08T18:28:55.080Z,PIEDRA,35,JADE,N10,spanish,male,20-29,no
01ab1486-4ae3-4674-b776-6a38c781a088,2026-05-08T18:28:55.778Z,COMESTIBLE,28,TOMATE,B8,spanish,male,30-39,no
15a0d416-4311-4027-9e4b-c65643af5b4a,2026-05-08T18:28:53.300Z,COMESTIBLE,24,MELOCOTÓN,E3,spanish,male,20-29,no
bfe17e2b-a142-495d-8594-008617411566,2026-05-08T18:28:58.323Z,PLANTA,41,GIRASOL,I1,spanish,male,20-29,no
fad41434-af45-476e-b5a0-51d381df3568,2026-05-08T18:29:03.585Z,ANIMAL,5,ZORRO,F3,spanish,male,20-29,no
1c4a9a75-0dd3-4072-873a-e204add4e27f,2026-05-08T18:29:02.058Z,ENTORNO,51,HURACÁN,J26,spanish,male,30-39,no
5d2713c5-2009-446b-81c0-479e34a236cd,2026-05-08T18:29:05.095Z,ENTORNO,56,BARRO,D7,spanish,male,20-29,no
2da1b046-2a33-4c74-a7aa-0d804928bdf4,2026-05-08T18:29:04.558Z,ANIMAL,12,AXOLOTE,E10,spanish,male,20-29,no
01ab1486-4ae3-4674-b776-6a38c781a088,2026-05-08T18:29:11.797Z,PLANTA,42,ALBAHACA,P5,spanish,male,30-39,no
170af119-10f9-4273-b7c6-525c72c1bda0,2026-05-08T18:29:11.983Z,ANIMAL,8,CERDO,A2,spanish,male,30-39,no
44d2a3d7-fa0e-4f84-a1c9-885ebe3c797f,2026-05-08T18:29:13.559Z,ANIMAL,1,SALMÓN,E7,spanish,male,40-49,no
71d6df52-62cb-49b3-9c47-5a3039646b45,2026-05-08T18:29:15.975Z,PLANTA,45,AMAPOLA,B9,spanish,female,30-39,no
15a0d416-4311-4027-9e4b-c65643af5b4a,2026-05-08T18:29:14.105Z,SUBJETIVO,72,SOLEDAD,A1,spanish,male,20-29,no
967804f3-a9f2-4301-8fce-465af5d39444,2026-05-08T18:29:13.389Z,SUBJETIVO,65,VERGÜENZA,B9,spanish,male,20-29,no
bc8abd1e-b50a-4984-a95d-afde9dd06d18,2026-05-08T18:29:15.722Z,PIEDRA,31,AMATISTA,H25,spanish,male,20-29,no
01ab1486-4ae3-4674-b776-6a38c781a088,2026-05-08T18:29:17.768Z,PLANTA,41,GIRASOL,H1,spanish,male,30-39,no
502837ec-73ff-49f6-a711-eef08acf9771,2026-05-08T18:29:19.785Z,PIEDRA,37,LAPISLÁZULI,H30,spanish,male,20-29,no
5d2713c5-2009-446b-81c0-479e34a236cd,2026-05-08T18:29:20.119Z,COMESTIBLE,22,BERENJENA,F30,spanish,male,20-29,no
fad41434-af45-476e-b5a0-51d381df3568,2026-05-08T18:29:21.009Z,PIEDRA,32,ZAFIRO,I30,spanish,male,20-29,no
170af119-10f9-4273-b7c6-525c72c1bda0,2026-05-08T18:29:21.606Z,POP,82,SHRECK,O7,spanish,male,30-39,no
9dc80e89-5955-471f-bdd4-b16f4342b8a7,2026-05-08T18:29:21.730Z,POP,97,PETER PAN,N17,spanish,female,20-29,no
44d2a3d7-fa0e-4f84-a1c9-885ebe3c797f,2026-05-08T18:29:23.790Z,POP,82,SHRECK,P1,spanish,male,40-49,no
1c4a9a75-0dd3-4072-873a-e204add4e27f,2026-05-08T18:29:24.891Z,POP,81,FEMINISMO,B27,spanish,male,30-39,no
0c12b424-5a5e-45c1-8357-155f1c09d1b7,2026-05-08T18:29:26.625Z,COMESTIBLE,24,MELOCOTÓN,E3,spanish,male,20-29,no
cdf4da32-c8a9-42b9-98e0-7ea273e71112,2026-05-08T18:29:27.076Z,SUBJETIVO,66,SUEÑO,L28,spanish,male,20-29,no
6ffad966-943b-4a57-9800-7d123ed87a90,2026-05-08T18:29:29.923Z,POP,88,COLORETE,D5,spanish,male,50-59,no
bc8abd1e-b50a-4984-a95d-afde9dd06d18,2026-05-08T18:29:28.468Z,PLANTA,50,MADERA,A2,spanish,male,20-29,no
502837ec-73ff-49f6-a711-eef08acf9771,2026-05-08T18:29:30.125Z,COMESTIBLE,27,PLÁTANO,I2,spanish,male,20-29,no
9dc80e89-5955-471f-bdd4-b16f4342b8a7,2026-05-08T18:29:33.725Z,PIEDRA,39,LADRILLO,D8,spanish,female,20-29,no
15a0d416-4311-4027-9e4b-c65643af5b4a,2026-05-08T18:29:33.951Z,ANIMAL,1,SALMÓN,C10,spanish,male,20-29,no
01ab1486-4ae3-4674-b776-6a38c781a088,2026-05-08T18:29:36.779Z,ANIMAL,4,FLAMENCO,F15,spanish,male,30-39,no
fad41434-af45-476e-b5a0-51d381df3568,2026-05-08T18:29:37.482Z,ANIMAL,12,AXOLOTE,G15,spanish,male,20-29,no
1c4a9a75-0dd3-4072-873a-e204add4e27f,2026-05-08T18:29:38.634Z,POP,89,PITUFO,M27,spanish,male,30-39,no
0c12b424-5a5e-45c1-8357-155f1c09d1b7,2026-05-08T18:29:42.073Z,PLANTA,47,CLAVEL,I18,spanish,male,20-29,no
170af119-10f9-4273-b7c6-525c72c1bda0,2026-05-08T18:29:42.894Z,PIEDRA,39,LADRILLO,D10,spanish,male,30-39,no
9dc80e89-5955-471f-bdd4-b16f4342b8a7,2026-05-08T18:29:43.095Z,ANIMAL,1,SALMÓN,G15,spanish,female,20-29,no
01ab1486-4ae3-4674-b776-6a38c781a088,2026-05-08T18:29:45.234Z,POP,89,PITUFO,L23,spanish,male,30-39,no
502837ec-73ff-49f6-a711-eef08acf9771,2026-05-08T18:29:45.140Z,ANIMAL,7,CANARIO,I3,spanish,male,20-29,no
cdf4da32-c8a9-42b9-98e0-7ea273e71112,2026-05-08T18:29:49.774Z,ANIMAL,10,MARIQUITA,B9,spanish,male,20-29,no
170af119-10f9-4273-b7c6-525c72c1bda0,2026-05-08T18:29:50.176Z,ENTORNO,52,PIEL,H15,spanish,male,30-39,no
9dc80e89-5955-471f-bdd4-b16f4342b8a7,2026-05-08T18:29:53.928Z,SUBJETIVO,74,TRISTEZA,L24,spanish,female,20-29,no
6ffad966-943b-4a57-9800-7d123ed87a90,2026-05-08T18:29:54.593Z,SUBJETIVO,77,OTOÑO,E3,spanish,male,50-59,no
0c12b424-5a5e-45c1-8357-155f1c09d1b7,2026-05-08T18:30:02.242Z,PIEDRA,35,JADE,I12,spanish,male,20-29,no
967804f3-a9f2-4301-8fce-465af5d39444,2026-05-08T18:30:00.037Z,ENTORNO,52,PIEL,A1,spanish,male,20-29,no
15a0d416-4311-4027-9e4b-c65643af5b4a,2026-05-08T18:29:59.873Z,PLANTA,45,AMAPOLA,B13,spanish,male,20-29,no
170af119-10f9-4273-b7c6-525c72c1bda0,2026-05-08T18:30:02.549Z,ANIMAL,13,SAPO,N21,spanish,male,30-39,no
bc8abd1e-b50a-4984-a95d-afde9dd06d18,2026-05-08T18:30:04.641Z,ANIMAL,7,CANARIO,K2,spanish,male,20-29,no
cdf4da32-c8a9-42b9-98e0-7ea273e71112,2026-05-08T18:30:06.596Z,ANIMAL,1,SALMÓN,E9,spanish,male,20-29,no
967804f3-a9f2-4301-8fce-465af5d39444,2026-05-08T18:30:12.111Z,PIEDRA,40,ESMERALDA,P16,spanish,male,20-29,no
170af119-10f9-4273-b7c6-525c72c1bda0,2026-05-08T18:30:14.918Z,PIEDRA,37,LAPISLÁZULI,I22,spanish,male,30-39,no
bc8abd1e-b50a-4984-a95d-afde9dd06d18,2026-05-08T18:30:14.779Z,ANIMAL,8,CERDO,E15,spanish,male,20-29,no
71d6df52-62cb-49b3-9c47-5a3039646b45,2026-05-08T18:30:18.882Z,COMESTIBLE,29,REMOLACHA,A2,spanish,female,30-39,no
15a0d416-4311-4027-9e4b-c65643af5b4a,2026-05-08T18:30:20.704Z,PIEDRA,30,PERLA,I15,spanish,male,20-29,no
0c12b424-5a5e-45c1-8357-155f1c09d1b7,2026-05-08T18:30:25.148Z,ANIMAL,8,CERDO,A11,spanish,male,20-29,no
44d2a3d7-fa0e-4f84-a1c9-885ebe3c797f,2026-05-08T18:30:23.706Z,COMESTIBLE,22,BERENJENA,F23,spanish,male,40-49,no
cdf4da32-c8a9-42b9-98e0-7ea273e71112,2026-05-08T18:30:26.757Z,COMESTIBLE,16,KIWI,A3,spanish,male,20-29,no
170af119-10f9-4273-b7c6-525c72c1bda0,2026-05-08T18:30:24.631Z,COMESTIBLE,16,KIWI,L9,spanish,male,30-39,no
bc8abd1e-b50a-4984-a95d-afde9dd06d18,2026-05-08T18:30:31.356Z,SUBJETIVO,73,PELIGRO,B11,spanish,male,20-29,no
6ffad966-943b-4a57-9800-7d123ed87a90,2026-05-08T18:30:31.097Z,ANIMAL,1,SALMÓN,C9,spanish,male,50-59,no
44d2a3d7-fa0e-4f84-a1c9-885ebe3c797f,2026-05-08T18:30:33.731Z,SUBJETIVO,67,ECOLOGÍA,K24,spanish,male,40-49,no
15a0d416-4311-4027-9e4b-c65643af5b4a,2026-05-08T18:30:33.616Z,ENTORNO,63,SANGRE,A13,spanish,male,20-29,no
170af119-10f9-4273-b7c6-525c72c1bda0,2026-05-08T18:30:42.107Z,ENTORNO,56,BARRO,A1,spanish,male,30-39,no
bc8abd1e-b50a-4984-a95d-afde9dd06d18,2026-05-08T18:30:43.381Z,PIEDRA,30,PERLA,P15,spanish,male,20-29,no
44d2a3d7-fa0e-4f84-a1c9-885ebe3c797f,2026-05-08T18:30:44.257Z,COMESTIBLE,23,ESPÁRRAGO,P10,spanish,male,40-49,no
15a0d416-4311-4027-9e4b-c65643af5b4a,2026-05-08T18:30:50.175Z,PIEDRA,33,ORO,H1,spanish,male,20-29,no
bc8abd1e-b50a-4984-a95d-afde9dd06d18,2026-05-08T18:30:56.879Z,COMESTIBLE,25,MANZANA,B12,spanish,male,20-29,no
6ffad966-943b-4a57-9800-7d123ed87a90,2026-05-08T18:30:57.552Z,POP,85,PIKACHU,H1,spanish,male,50-59,no
354708bc-8797-4457-b2fe-4ed7efd70379,2026-05-08T18:30:59.537Z,PLANTA,49,MENTA,P8,spanish,male,20-29,no
1c4a9a75-0dd3-4072-873a-e204add4e27f,2026-05-08T18:31:04.867Z,ANIMAL,10,MARIQUITA,C9,spanish,male,30-39,no
bc8abd1e-b50a-4984-a95d-afde9dd06d18,2026-05-08T18:31:07.016Z,ENTORNO,51,HURACÁN,N28,spanish,male,20-29,no
15a0d416-4311-4027-9e4b-c65643af5b4a,2026-05-08T18:31:09.293Z,POP,87,BARBIE,E15,spanish,male,20-29,no
cdf4da32-c8a9-42b9-98e0-7ea273e71112,2026-05-08T18:31:13.515Z,PLANTA,46,TRIGO,J6,spanish,male,20-29,no
71d6df52-62cb-49b3-9c47-5a3039646b45,2026-05-08T18:31:14.822Z,ENTORNO,64,ATARDECER,F23,spanish,female,30-39,no
354708bc-8797-4457-b2fe-4ed7efd70379,2026-05-08T18:31:15.237Z,COMESTIBLE,26,HUEVO,I15,spanish,male,20-29,no
1c4a9a75-0dd3-4072-873a-e204add4e27f,2026-05-08T18:31:19.719Z,SUBJETIVO,67,ECOLOGÍA,N10,spanish,male,30-39,no
cdf4da32-c8a9-42b9-98e0-7ea273e71112,2026-05-08T18:31:23.955Z,ENTORNO,61,CIELO,L23,spanish,male,20-29,no
15a0d416-4311-4027-9e4b-c65643af5b4a,2026-05-08T18:31:23.796Z,PLANTA,47,CLAVEL,B15,spanish,male,20-29,no
354708bc-8797-4457-b2fe-4ed7efd70379,2026-05-08T18:31:23.993Z,SUBJETIVO,79,PRIMAVERA,M12,spanish,male,20-29,no
6ffad966-943b-4a57-9800-7d123ed87a90,2026-05-08T18:31:28.701Z,COMESTIBLE,15,LIMA,N9,spanish,male,50-59,no
1c4a9a75-0dd3-4072-873a-e204add4e27f,2026-05-08T18:31:31.015Z,ANIMAL,4,FLAMENCO,A7,spanish,male,30-39,no
967804f3-a9f2-4301-8fce-465af5d39444,2026-05-08T18:31:30.817Z,SUBJETIVO,79,PRIMAVERA,E15,spanish,male,20-29,no
354708bc-8797-4457-b2fe-4ed7efd70379,2026-05-08T18:31:33.638Z,POP,83,TRACTOR,P10,spanish,male,20-29,no
71d6df52-62cb-49b3-9c47-5a3039646b45,2026-05-08T18:31:38.216Z,PIEDRA,34,RUBÍ,B8,spanish,female,30-39,no
967804f3-a9f2-4301-8fce-465af5d39444,2026-05-08T18:31:40.511Z,ANIMAL,13,SAPO,P11,spanish,male,20-29,no
354708bc-8797-4457-b2fe-4ed7efd70379,2026-05-08T18:31:42.457Z,PLANTA,46,TRIGO,J4,spanish,male,20-29,no
71d6df52-62cb-49b3-9c47-5a3039646b45,2026-05-08T18:31:45.191Z,ENTORNO,54,ARENA,D1,spanish,female,30-39,no
6ffad966-943b-4a57-9800-7d123ed87a90,2026-05-08T18:31:46.109Z,COMESTIBLE,28,TOMATE,B9,spanish,male,50-59,no
1c4a9a75-0dd3-4072-873a-e204add4e27f,2026-05-08T18:31:50.724Z,COMESTIBLE,21,COCO,A1,spanish,male,30-39,no
967804f3-a9f2-4301-8fce-465af5d39444,2026-05-08T18:31:50.580Z,ANIMAL,4,FLAMENCO,C17,spanish,male,20-29,no
71d6df52-62cb-49b3-9c47-5a3039646b45,2026-05-08T18:31:55.059Z,ANIMAL,7,CANARIO,L22,spanish,female,30-39,no
354708bc-8797-4457-b2fe-4ed7efd70379,2026-05-08T18:31:54.966Z,POP,84,SONIC,I30,spanish,male,20-29,no
967804f3-a9f2-4301-8fce-465af5d39444,2026-05-08T18:31:59.651Z,PLANTA,46,TRIGO,G2,spanish,male,20-29,no
354708bc-8797-4457-b2fe-4ed7efd70379,2026-05-08T18:32:01.386Z,ENTORNO,51,HURACÁN,J23,spanish,male,20-29,no
71d6df52-62cb-49b3-9c47-5a3039646b45,2026-05-08T18:32:05.650Z,SUBJETIVO,77,OTOÑO,C3,spanish,female,30-39,no
6ffad966-943b-4a57-9800-7d123ed87a90,2026-05-08T18:32:13.737Z,PIEDRA,33,ORO,I1,spanish,male,50-59,no
6ffad966-943b-4a57-9800-7d123ed87a90,2026-05-08T18:32:33.085Z,PLANTA,50,MADERA,D1,spanish,male,50-59,no
6ffad966-943b-4a57-9800-7d123ed87a90,2026-05-08T18:32:49.730Z,PIEDRA,31,AMATISTA,A1,spanish,male,50-59,no
6ffad966-943b-4a57-9800-7d123ed87a90,2026-05-08T18:33:06.853Z,ENTORNO,60,MUSGO,P11,spanish,male,50-59,no
6ffad966-943b-4a57-9800-7d123ed87a90,2026-05-08T18:33:28.067Z,ANIMAL,10,MARIQUITA,A13,spanish,male,50-59,no
6ffad966-943b-4a57-9800-7d123ed87a90,2026-05-08T18:33:44.876Z,PLANTA,45,AMAPOLA,A9,spanish,male,50-59,no
6ffad966-943b-4a57-9800-7d123ed87a90,2026-05-08T18:34:01.528Z,ENTORNO,61,CIELO,O30,spanish,male,50-59,no
b7cc8b74-2622-4c74-9af2-998cff88903c,2026-05-08T20:14:39.100Z,SUBJETIVO,72,SOLEDAD,H19,spanish,female,30-39,no
b7cc8b74-2622-4c74-9af2-998cff88903c,2026-05-08T20:15:06.401Z,PIEDRA,38,AMBAR,E7,spanish,female,30-39,no
b7cc8b74-2622-4c74-9af2-998cff88903c,2026-05-08T20:15:30.538Z,POP,90,BRUJERÍA,A8,spanish,female,30-39,no
b7cc8b74-2622-4c74-9af2-998cff88903c,2026-05-08T20:15:58.365Z,ENTORNO,54,ARENA,H13,spanish,female,30-39,no
b7cc8b74-2622-4c74-9af2-998cff88903c,2026-05-08T20:16:09.453Z,COMESTIBLE,14,LIMÓN,J4,spanish,female,30-39,no
b7cc8b74-2622-4c74-9af2-998cff88903c,2026-05-08T20:16:23.838Z,SUBJETIVO,79,PRIMAVERA,K20,spanish,female,30-39,no
b7cc8b74-2622-4c74-9af2-998cff88903c,2026-05-08T20:16:34.861Z,COMESTIBLE,21,COCO,A2,spanish,female,30-39,no
b7cc8b74-2622-4c74-9af2-998cff88903c,2026-05-08T20:16:51.608Z,ANIMAL,9,TIGRE,E6,spanish,female,30-39,no
b7cc8b74-2622-4c74-9af2-998cff88903c,2026-05-08T20:17:12.677Z,PLANTA,48,CORAL,D7,spanish,female,30-39,no
b7cc8b74-2622-4c74-9af2-998cff88903c,2026-05-08T20:17:29.014Z,POP,86,HULK,P19,spanish,female,30-39,no
b7cc8b74-2622-4c74-9af2-998cff88903c,2026-05-08T20:17:42.631Z,PIEDRA,36,TEJA,B7,spanish,female,30-39,no
b7cc8b74-2622-4c74-9af2-998cff88903c,2026-05-08T20:17:58.221Z,PLANTA,50,MADERA,B5,spanish,female,30-39,no
b7cc8b74-2622-4c74-9af2-998cff88903c,2026-05-08T20:18:12.540Z,ENTORNO,64,ATARDECER,C14,spanish,female,30-39,no
b7cc8b74-2622-4c74-9af2-998cff88903c,2026-05-08T20:18:29.838Z,ANIMAL,6,GRILLO,A1,spanish,female,30-39,no
e3582637-205b-45f2-9366-16dc55208c47,2026-05-10T10:00:01.691Z,ENTORNO,56,BARRO,A2,spanish,female,30-39,no
e3582637-205b-45f2-9366-16dc55208c47,2026-05-10T10:00:21.964Z,PLANTA,44,LAVANDA,E28,spanish,female,30-39,no
e3582637-205b-45f2-9366-16dc55208c47,2026-05-10T10:00:44.119Z,PIEDRA,31,AMATISTA,M19,spanish,female,30-39,no
e3582637-205b-45f2-9366-16dc55208c47,2026-05-10T10:01:00.753Z,COMESTIBLE,19,UVA,C27,spanish,female,30-39,no
e3582637-205b-45f2-9366-16dc55208c47,2026-05-10T10:01:11.713Z,ANIMAL,5,ZORRO,A5,spanish,female,30-39,no
e3582637-205b-45f2-9366-16dc55208c47,2026-05-10T10:01:44.557Z,POP,91,EPI (Y BLAS),L24,spanish,female,30-39,no
e3582637-205b-45f2-9366-16dc55208c47,2026-05-10T10:01:58.147Z,PIEDRA,37,LAPISLÁZULI,K22,spanish,female,30-39,no
e3582637-205b-45f2-9366-16dc55208c47,2026-05-10T10:02:19.553Z,PLANTA,42,ALBAHACA,O12,spanish,female,30-39,no
e3582637-205b-45f2-9366-16dc55208c47,2026-05-10T10:02:31.912Z,SUBJETIVO,65,VERGÜENZA,C15,spanish,female,30-39,no
e3582637-205b-45f2-9366-16dc55208c47,2026-05-10T10:02:57.498Z,SUBJETIVO,66,SUEÑO,M27,spanish,female,30-39,no
e3582637-205b-45f2-9366-16dc55208c47,2026-05-10T10:03:16.429Z,COMESTIBLE,17,CALABAZA,E5,spanish,female,30-39,no
e3582637-205b-45f2-9366-16dc55208c47,2026-05-10T10:03:25.835Z,ENTORNO,54,ARENA,D2,spanish,female,30-39,no
e3582637-205b-45f2-9366-16dc55208c47,2026-05-10T10:03:55.599Z,POP,81,FEMINISMO,A19,spanish,female,30-39,no
e3582637-205b-45f2-9366-16dc55208c47,2026-05-10T10:04:10.321Z,ANIMAL,10,MARIQUITA,B13,spanish,female,30-39,no
bee7dfe6-c1f8-4d59-892b-d5dfb8240746,2026-05-12T15:58:36.528Z,POP,84,SONIC,N30,spanish,male,20-29,no
bee7dfe6-c1f8-4d59-892b-d5dfb8240746,2026-05-12T15:59:02.304Z,PIEDRA,35,JADE,M12,spanish,male,20-29,no
bee7dfe6-c1f8-4d59-892b-d5dfb8240746,2026-05-12T15:59:17.893Z,COMESTIBLE,15,LIMA,P10,spanish,male,20-29,no
bee7dfe6-c1f8-4d59-892b-d5dfb8240746,2026-05-12T16:00:09.135Z,ANIMAL,7,CANARIO,L2,spanish,male,20-29,no
bee7dfe6-c1f8-4d59-892b-d5dfb8240746,2026-05-12T16:00:24.759Z,PLANTA,43,MALVA,O21,spanish,male,20-29,no
bee7dfe6-c1f8-4d59-892b-d5dfb8240746,2026-05-12T16:00:35.767Z,ANIMAL,13,SAPO,C3,spanish,male,20-29,no
bee7dfe6-c1f8-4d59-892b-d5dfb8240746,2026-05-12T16:00:45.824Z,ENTORNO,59,AMANECER,H5,spanish,male,20-29,no
bee7dfe6-c1f8-4d59-892b-d5dfb8240746,2026-05-12T16:01:06.686Z,ENTORNO,61,CIELO,K22,spanish,male,20-29,no
bee7dfe6-c1f8-4d59-892b-d5dfb8240746,2026-05-12T16:01:26.763Z,SUBJETIVO,78,INVIERNO,J19,spanish,male,20-29,no
bee7dfe6-c1f8-4d59-892b-d5dfb8240746,2026-05-12T16:01:38.075Z,POP,85,PIKACHU,J6,spanish,male,20-29,no
bee7dfe6-c1f8-4d59-892b-d5dfb8240746,2026-05-12T16:01:51.551Z,PLANTA,45,AMAPOLA,A10,spanish,male,20-29,no
bee7dfe6-c1f8-4d59-892b-d5dfb8240746,2026-05-12T16:02:08.717Z,PIEDRA,36,TEJA,D7,spanish,male,20-29,no
bee7dfe6-c1f8-4d59-892b-d5dfb8240746,2026-05-12T16:02:22.407Z,COMESTIBLE,16,KIWI,A3,spanish,male,20-29,no
bee7dfe6-c1f8-4d59-892b-d5dfb8240746,2026-05-12T16:02:37.181Z,SUBJETIVO,69,IRA,C8,spanish,male,20-29,no